/* Auto-generated from bsod v1.0.1 (https://github.com/heyManNice/bsod) */
/* Embedded bsod ELF binary; extracted to /tmp at runtime. */
static const unsigned char bsod_bin[] = {
    0x7f, 0x45, 0x4c, 0x46, 0x02, 0x01, 0x01, 0x00, 0x00, 0x00, 0x00, 0x00,
    0x00, 0x00, 0x00, 0x00, 0x03, 0x00, 0x3e, 0x00, 0x01, 0x00, 0x00, 0x00,
    0xd0, 0x41, 0x00, 0x00, 0x00, 0x00, 0x00, 0x00, 0x40, 0x00, 0x00, 0x00,
    0x00, 0x00, 0x00, 0x00, 0x38, 0x3f, 0x01, 0x00, 0x00, 0x00, 0x00, 0x00,
    0x00, 0x00, 0x00, 0x00, 0x40, 0x00, 0x38, 0x00, 0x0e, 0x00, 0x40, 0x00,
    0x21, 0x00, 0x20, 0x00, 0x06, 0x00, 0x00, 0x00, 0x04, 0x00, 0x00, 0x00,
    0x40, 0x00, 0x00, 0x00, 0x00, 0x00, 0x00, 0x00, 0x40, 0x00, 0x00, 0x00,
    0x00, 0x00, 0x00, 0x00, 0x40, 0x00, 0x00, 0x00, 0x00, 0x00, 0x00, 0x00,
    0x10, 0x03, 0x00, 0x00, 0x00, 0x00, 0x00, 0x00, 0x10, 0x03, 0x00, 0x00,
    0x00, 0x00, 0x00, 0x00, 0x08, 0x00, 0x00, 0x00, 0x00, 0x00, 0x00, 0x00,
    0x03, 0x00, 0x00, 0x00, 0x04, 0x00, 0x00, 0x00, 0xa4, 0x03, 0x00, 0x00,
    0x00, 0x00, 0x00, 0x00, 0xa4, 0x03, 0x00, 0x00, 0x00, 0x00, 0x00, 0x00,
    0xa4, 0x03, 0x00, 0x00, 0x00, 0x00, 0x00, 0x00, 0x1c, 0x00, 0x00, 0x00,
    0x00, 0x00, 0x00, 0x00, 0x1c, 0x00, 0x00, 0x00, 0x00, 0x00, 0x00, 0x00,
    0x01, 0x00, 0x00, 0x00, 0x00, 0x00, 0x00, 0x00, 0x01, 0x00, 0x00, 0x00,
    0x04, 0x00, 0x00, 0x00, 0x00, 0x00, 0x00, 0x00, 0x00, 0x00, 0x00, 0x00,
    0x00, 0x00, 0x00, 0x00, 0x00, 0x00, 0x00, 0x00, 0x00, 0x00, 0x00, 0x00,
    0x00, 0x00, 0x00, 0x00, 0x28, 0x2a, 0x00, 0x00, 0x00, 0x00, 0x00, 0x00,
    0x28, 0x2a, 0x00, 0x00, 0x00, 0x00, 0x00, 0x00, 0x00, 0x10, 0x00, 0x00,
    0x00, 0x00, 0x00, 0x00, 0x01, 0x00, 0x00, 0x00, 0x05, 0x00, 0x00, 0x00,
    0x00, 0x30, 0x00, 0x00, 0x00, 0x00, 0x00, 0x00, 0x00, 0x30, 0x00, 0x00,
    0x00, 0x00, 0x00, 0x00, 0x00, 0x30, 0x00, 0x00, 0x00, 0x00, 0x00, 0x00,
    0x45, 0x9b, 0x00, 0x00, 0x00, 0x00, 0x00, 0x00, 0x45, 0x9b, 0x00, 0x00,
    0x00, 0x00, 0x00, 0x00, 0x00, 0x10, 0x00, 0x00, 0x00, 0x00, 0x00, 0x00,
    0x01, 0x00, 0x00, 0x00, 0x04, 0x00, 0x00, 0x00, 0x00, 0xd0, 0x00, 0x00,
    0x00, 0x00, 0x00, 0x00, 0x00, 0xd0, 0x00, 0x00, 0x00, 0x00, 0x00, 0x00,
    0x00, 0xd0, 0x00, 0x00, 0x00, 0x00, 0x00, 0x00, 0x08, 0x40, 0x00, 0x00,
    0x00, 0x00, 0x00, 0x00, 0x08, 0x40, 0x00, 0x00, 0x00, 0x00, 0x00, 0x00,
    0x00, 0x10, 0x00, 0x00, 0x00, 0x00, 0x00, 0x00, 0x01, 0x00, 0x00, 0x00,
    0x06, 0x00, 0x00, 0x00, 0xd0, 0x14, 0x01, 0x00, 0x00, 0x00, 0x00, 0x00,
    0xd0, 0x24, 0x01, 0x00, 0x00, 0x00, 0x00, 0x00, 0xd0, 0x24, 0x01, 0x00,
    0x00, 0x00, 0x00, 0x00, 0x40, 0x0b, 0x00, 0x00, 0x00, 0x00, 0x00, 0x00,
    0x50, 0x0b, 0x00, 0x00, 0x00, 0x00, 0x00, 0x00, 0x00, 0x10, 0x00, 0x00,
    0x00, 0x00, 0x00, 0x00, 0x02, 0x00, 0x00, 0x00, 0x06, 0x00, 0x00, 0x00,
    0x30, 0x1b, 0x01, 0x00, 0x00, 0x00, 0x00, 0x00, 0x30, 0x2b, 0x01, 0x00,
    0x00, 0x00, 0x00, 0x00, 0x30, 0x2b, 0x01, 0x00, 0x00, 0x00, 0x00, 0x00,
    0x30, 0x02, 0x00, 0x00, 0x00, 0x00, 0x00, 0x00, 0x30, 0x02, 0x00, 0x00,
    0x00, 0x00, 0x00, 0x00, 0x08, 0x00, 0x00, 0x00, 0x00, 0x00, 0x00, 0x00,
    0x04, 0x00, 0x00, 0x00, 0x04, 0x00, 0x00, 0x00, 0x50, 0x03, 0x00, 0x00,
    0x00, 0x00, 0x00, 0x00, 0x50, 0x03, 0x00, 0x00, 0x00, 0x00, 0x00, 0x00,
    0x50, 0x03, 0x00, 0x00, 0x00, 0x00, 0x00, 0x00, 0x30, 0x00, 0x00, 0x00,
    0x00, 0x00, 0x00, 0x00, 0x30, 0x00, 0x00, 0x00, 0x00, 0x00, 0x00, 0x00,
    0x08, 0x00, 0x00, 0x00, 0x00, 0x00, 0x00, 0x00, 0x04, 0x00, 0x00, 0x00,
    0x04, 0x00, 0x00, 0x00, 0x80, 0x03, 0x00, 0x00, 0x00, 0x00, 0x00, 0x00,
    0x80, 0x03, 0x00, 0x00, 0x00, 0x00, 0x00, 0x00, 0x80, 0x03, 0x00, 0x00,
    0x00, 0x00, 0x00, 0x00, 0x24, 0x00, 0x00, 0x00, 0x00, 0x00, 0x00, 0x00,
    0x24, 0x00, 0x00, 0x00, 0x00, 0x00, 0x00, 0x00, 0x04, 0x00, 0x00, 0x00,
    0x00, 0x00, 0x00, 0x00, 0x04, 0x00, 0x00, 0x00, 0x04, 0x00, 0x00, 0x00,
    0x78, 0x0f, 0x01, 0x00, 0x00, 0x00, 0x00, 0x00, 0x78, 0x0f, 0x01, 0x00,
    0x00, 0x00, 0x00, 0x00, 0x78, 0x0f, 0x01, 0x00, 0x00, 0x00, 0x00, 0x00,
    0x90, 0x00, 0x00, 0x00, 0x00, 0x00, 0x00, 0x00, 0x90, 0x00, 0x00, 0x00,
    0x00, 0x00, 0x00, 0x00, 0x04, 0x00, 0x00, 0x00, 0x00, 0x00, 0x00, 0x00,
    0x53, 0xe5, 0x74, 0x64, 0x04, 0x00, 0x00, 0x00, 0x50, 0x03, 0x00, 0x00,
    0x00, 0x00, 0x00, 0x00, 0x50, 0x03, 0x00, 0x00, 0x00, 0x00, 0x00, 0x00,
    0x50, 0x03, 0x00, 0x00, 0x00, 0x00, 0x00, 0x00, 0x30, 0x00, 0x00, 0x00,
    0x00, 0x00, 0x00, 0x00, 0x30, 0x00, 0x00, 0x00, 0x00, 0x00, 0x00, 0x00,
    0x08, 0x00, 0x00, 0x00, 0x00, 0x00, 0x00, 0x00, 0x50, 0xe5, 0x74, 0x64,
    0x04, 0x00, 0x00, 0x00, 0x70, 0x06, 0x01, 0x00, 0x00, 0x00, 0x00, 0x00,
    0x70, 0x06, 0x01, 0x00, 0x00, 0x00, 0x00, 0x00, 0x70, 0x06, 0x01, 0x00,
    0x00, 0x00, 0x00, 0x00, 0x6c, 0x01, 0x00, 0x00, 0x00, 0x00, 0x00, 0x00,
    0x6c, 0x01, 0x00, 0x00, 0x00, 0x00, 0x00, 0x00, 0x04, 0x00, 0x00, 0x00,
    0x00, 0x00, 0x00, 0x00, 0x51, 0xe5, 0x74, 0x64, 0x06, 0x00, 0x00, 0x00,
    0x00, 0x00, 0x00, 0x00, 0x00, 0x00, 0x00, 0x00, 0x00, 0x00, 0x00, 0x00,
    0x00, 0x00, 0x00, 0x00, 0x00, 0x00, 0x00, 0x00, 0x00, 0x00, 0x00, 0x00,
    0x00, 0x00, 0x00, 0x00, 0x00, 0x00, 0x00, 0x00, 0x00, 0x00, 0x00, 0x00,
    0x00, 0x00, 0x00, 0x00, 0x10, 0x00, 0x00, 0x00, 0x00, 0x00, 0x00, 0x00,
    0x52, 0xe5, 0x74, 0x64, 0x04, 0x00, 0x00, 0x00, 0xd0, 0x14, 0x01, 0x00,
    0x00, 0x00, 0x00, 0x00, 0xd0, 0x24, 0x01, 0x00, 0x00, 0x00, 0x00, 0x00,
    0xd0, 0x24, 0x01, 0x00, 0x00, 0x00, 0x00, 0x00, 0x30, 0x0b, 0x00, 0x00,
    0x00, 0x00, 0x00, 0x00, 0x30, 0x0b, 0x00, 0x00, 0x00, 0x00, 0x00, 0x00,
    0x01, 0x00, 0x00, 0x00, 0x00, 0x00, 0x00, 0x00, 0x04, 0x00, 0x00, 0x00,
    0x20, 0x00, 0x00, 0x00, 0x05, 0x00, 0x00, 0x00, 0x47, 0x4e, 0x55, 0x00,
    0x02, 0x00, 0x00, 0xc0, 0x04, 0x00, 0x00, 0x00, 0x03, 0x00, 0x00, 0x00,
    0x00, 0x00, 0x00, 0x00, 0x02, 0x80, 0x00, 0xc0, 0x04, 0x00, 0x00, 0x00,
    0x01, 0x00, 0x00, 0x00, 0x00, 0x00, 0x00, 0x00, 0x04, 0x00, 0x00, 0x00,
    0x14, 0x00, 0x00, 0x00, 0x03, 0x00, 0x00, 0x00, 0x47, 0x4e, 0x55, 0x00,
    0x72, 0x5e, 0x06, 0x25, 0x66, 0xbb, 0xa6, 0x1d, 0xb4, 0x75, 0x8f, 0xd4,
    0xc0, 0xe2, 0x08, 0x7a, 0x09, 0x27, 0x03, 0xca, 0x2f, 0x6c, 0x69, 0x62,
    0x36, 0x34, 0x2f, 0x6c, 0x64, 0x2d, 0x6c, 0x69, 0x6e, 0x75, 0x78, 0x2d,
    0x78, 0x38, 0x36, 0x2d, 0x36, 0x34, 0x2e, 0x73, 0x6f, 0x2e, 0x32, 0x00,
    0x02, 0x00, 0x00, 0x00, 0x4e, 0x00, 0x00, 0x00, 0x01, 0x00, 0x00, 0x00,
    0x06, 0x00, 0x00, 0x00, 0x00, 0x00, 0x81, 0x00, 0x00, 0x00, 0x00, 0x00,
    0x4e, 0x00, 0x00, 0x00, 0x00, 0x00, 0x00, 0x00, 0xd1, 0x65, 0xce, 0x6d,
    0x00, 0x00, 0x00, 0x00, 0x00, 0x00, 0x00, 0x00, 0x00, 0x00, 0x00, 0x00,
    0x00, 0x00, 0x00, 0x00, 0x00, 0x00, 0x00, 0x00, 0x00, 0x00, 0x00, 0x00,
    0x00, 0x00, 0x00, 0x00, 0xdb, 0x02, 0x00, 0x00, 0x12, 0x00, 0x00, 0x00,
    0x00, 0x00, 0x00, 0x00, 0x00, 0x00, 0x00, 0x00, 0x00, 0x00, 0x00, 0x00,
    0x00, 0x00, 0x00, 0x00, 0x4d, 0x03, 0x00, 0x00, 0x12, 0x00, 0x00, 0x00,
    0x00, 0x00, 0x00, 0x00, 0x00, 0x00, 0x00, 0x00, 0x00, 0x00, 0x00, 0x00,
    0x00, 0x00, 0x00, 0x00, 0x87, 0x01, 0x00, 0x00, 0x12, 0x00, 0x00, 0x00,
    0x00, 0x00, 0x00, 0x00, 0x00, 0x00, 0x00, 0x00, 0x00, 0x00, 0x00, 0x00,
    0x00, 0x00, 0x00, 0x00, 0x1b, 0x01, 0x00, 0x00, 0x12, 0x00, 0x00, 0x00,
    0x00, 0x00, 0x00, 0x00, 0x00, 0x00, 0x00, 0x00, 0x00, 0x00, 0x00, 0x00,
    0x00, 0x00, 0x00, 0x00, 0x75, 0x00, 0x00, 0x00, 0x12, 0x00, 0x00, 0x00,
    0x00, 0x00, 0x00, 0x00, 0x00, 0x00, 0x00, 0x00, 0x00, 0x00, 0x00, 0x00,
    0x00, 0x00, 0x00, 0x00, 0xff, 0x02, 0x00, 0x00, 0x12, 0x00, 0x00, 0x00,
    0x00, 0x00, 0x00, 0x00, 0x00, 0x00, 0x00, 0x00, 0x00, 0x00, 0x00, 0x00,
    0x00, 0x00, 0x00, 0x00, 0x46, 0x03, 0x00, 0x00, 0x12, 0x00, 0x00, 0x00,
    0x00, 0x00, 0x00, 0x00, 0x00, 0x00, 0x00, 0x00, 0x00, 0x00, 0x00, 0x00,
    0x00, 0x00, 0x00, 0x00, 0xdf, 0x01, 0x00, 0x00, 0x12, 0x00, 0x00, 0x00,
    0x00, 0x00, 0x00, 0x00, 0x00, 0x00, 0x00, 0x00, 0x00, 0x00, 0x00, 0x00,
    0x00, 0x00, 0x00, 0x00, 0x8d, 0x03, 0x00, 0x00, 0x12, 0x00, 0x00, 0x00,
    0x00, 0x00, 0x00, 0x00, 0x00, 0x00, 0x00, 0x00, 0x00, 0x00, 0x00, 0x00,
    0x00, 0x00, 0x00, 0x00, 0x8d, 0x00, 0x00, 0x00, 0x12, 0x00, 0x00, 0x00,
    0x00, 0x00, 0x00, 0x00, 0x00, 0x00, 0x00, 0x00, 0x00, 0x00, 0x00, 0x00,
    0x00, 0x00, 0x00, 0x00, 0xb9, 0x00, 0x00, 0x00, 0x12, 0x00, 0x00, 0x00,
    0x00, 0x00, 0x00, 0x00, 0x00, 0x00, 0x00, 0x00, 0x00, 0x00, 0x00, 0x00,
    0x00, 0x00, 0x00, 0x00, 0xcc, 0x00, 0x00, 0x00, 0x12, 0x00, 0x00, 0x00,
    0x00, 0x00, 0x00, 0x00, 0x00, 0x00, 0x00, 0x00, 0x00, 0x00, 0x00, 0x00,
    0x00, 0x00, 0x00, 0x00, 0x9b, 0x01, 0x00, 0x00, 0x12, 0x00, 0x00, 0x00,
    0x00, 0x00, 0x00, 0x00, 0x00, 0x00, 0x00, 0x00, 0x00, 0x00, 0x00, 0x00,
    0x00, 0x00, 0x00, 0x00, 0x1d, 0x00, 0x00, 0x00, 0x20, 0x00, 0x00, 0x00,
    0x00, 0x00, 0x00, 0x00, 0x00, 0x00, 0x00, 0x00, 0x00, 0x00, 0x00, 0x00,
    0x00, 0x00, 0x00, 0x00, 0x6e, 0x03, 0x00, 0x00, 0x12, 0x00, 0x00, 0x00,
    0x00, 0x00, 0x00, 0x00, 0x00, 0x00, 0x00, 0x00, 0x00, 0x00, 0x00, 0x00,
    0x00, 0x00, 0x00, 0x00, 0x67, 0x00, 0x00, 0x00, 0x12, 0x00, 0x00, 0x00,
    0x00, 0x00, 0x00, 0x00, 0x00, 0x00, 0x00, 0x00, 0x00, 0x00, 0x00, 0x00,
    0x00, 0x00, 0x00, 0x00, 0x36, 0x01, 0x00, 0x00, 0x12, 0x00, 0x00, 0x00,
    0x00, 0x00, 0x00, 0x00, 0x00, 0x00, 0x00, 0x00, 0x00, 0x00, 0x00, 0x00,
    0x00, 0x00, 0x00, 0x00, 0x95, 0x02, 0x00, 0x00, 0x12, 0x00, 0x00, 0x00,
    0x00, 0x00, 0x00, 0x00, 0x00, 0x00, 0x00, 0x00, 0x00, 0x00, 0x00, 0x00,
    0x00, 0x00, 0x00, 0x00, 0xcf, 0x02, 0x00, 0x00, 0x12, 0x00, 0x00, 0x00,
    0x00, 0x00, 0x00, 0x00, 0x00, 0x00, 0x00, 0x00, 0x00, 0x00, 0x00, 0x00,
    0x00, 0x00, 0x00, 0x00, 0xb0, 0x01, 0x00, 0x00, 0x12, 0x00, 0x00, 0x00,
    0x00, 0x00, 0x00, 0x00, 0x00, 0x00, 0x00, 0x00, 0x00, 0x00, 0x00, 0x00,
    0x00, 0x00, 0x00, 0x00, 0x58, 0x03, 0x00, 0x00, 0x12, 0x00, 0x00, 0x00,
    0x00, 0x00, 0x00, 0x00, 0x00, 0x00, 0x00, 0x00, 0x00, 0x00, 0x00, 0x00,
    0x00, 0x00, 0x00, 0x00, 0x04, 0x02, 0x00, 0x00, 0x12, 0x00, 0x00, 0x00,
    0x00, 0x00, 0x00, 0x00, 0x00, 0x00, 0x00, 0x00, 0x00, 0x00, 0x00, 0x00,
    0x00, 0x00, 0x00, 0x00, 0x2a, 0x03, 0x00, 0x00, 0x12, 0x00, 0x00, 0x00,
    0x00, 0x00, 0x00, 0x00, 0x00, 0x00, 0x00, 0x00, 0x00, 0x00, 0x00, 0x00,
    0x00, 0x00, 0x00, 0x00, 0x26, 0x01, 0x00, 0x00, 0x12, 0x00, 0x00, 0x00,
    0x00, 0x00, 0x00, 0x00, 0x00, 0x00, 0x00, 0x00, 0x00, 0x00, 0x00, 0x00,
    0x00, 0x00, 0x00, 0x00, 0x3f, 0x02, 0x00, 0x00, 0x12, 0x00, 0x00, 0x00,
    0x00, 0x00, 0x00, 0x00, 0x00, 0x00, 0x00, 0x00, 0x00, 0x00, 0x00, 0x00,
    0x00, 0x00, 0x00, 0x00, 0x01, 0x00, 0x00, 0x00, 0x20, 0x00, 0x00, 0x00,
    0x00, 0x00, 0x00, 0x00, 0x00, 0x00, 0x00, 0x00, 0x00, 0x00, 0x00, 0x00,
    0x00, 0x00, 0x00, 0x00, 0x67, 0x01, 0x00, 0x00, 0x12, 0x00, 0x00, 0x00,
    0x00, 0x00, 0x00, 0x00, 0x00, 0x00, 0x00, 0x00, 0x00, 0x00, 0x00, 0x00,
    0x00, 0x00, 0x00, 0x00, 0x52, 0x01, 0x00, 0x00, 0x12, 0x00, 0x00, 0x00,
    0x00, 0x00, 0x00, 0x00, 0x00, 0x00, 0x00, 0x00, 0x00, 0x00, 0x00, 0x00,
    0x00, 0x00, 0x00, 0x00, 0x2c, 0x00, 0x00, 0x00, 0x20, 0x00, 0x00, 0x00,
    0x00, 0x00, 0x00, 0x00, 0x00, 0x00, 0x00, 0x00, 0x00, 0x00, 0x00, 0x00,
    0x00, 0x00, 0x00, 0x00, 0x31, 0x02, 0x00, 0x00, 0x12, 0x00, 0x00, 0x00,
    0x00, 0x00, 0x00, 0x00, 0x00, 0x00, 0x00, 0x00, 0x00, 0x00, 0x00, 0x00,
    0x00, 0x00, 0x00, 0x00, 0xec, 0x02, 0x00, 0x00, 0x12, 0x00, 0x00, 0x00,
    0x00, 0x00, 0x00, 0x00, 0x00, 0x00, 0x00, 0x00, 0x00, 0x00, 0x00, 0x00,
    0x00, 0x00, 0x00, 0x00, 0x78, 0x02, 0x00, 0x00, 0x12, 0x00, 0x00, 0x00,
    0x00, 0x00, 0x00, 0x00, 0x00, 0x00, 0x00, 0x00, 0x00, 0x00, 0x00, 0x00,
    0x00, 0x00, 0x00, 0x00, 0x1a, 0x02, 0x00, 0x00, 0x12, 0x00, 0x00, 0x00,
    0x00, 0x00, 0x00, 0x00, 0x00, 0x00, 0x00, 0x00, 0x00, 0x00, 0x00, 0x00,
    0x00, 0x00, 0x00, 0x00, 0x77, 0x02, 0x00, 0x00, 0x12, 0x00, 0x00, 0x00,
    0x00, 0x00, 0x00, 0x00, 0x00, 0x00, 0x00, 0x00, 0x00, 0x00, 0x00, 0x00,
    0x00, 0x00, 0x00, 0x00, 0x31, 0x03, 0x00, 0x00, 0x12, 0x00, 0x00, 0x00,
    0x00, 0x00, 0x00, 0x00, 0x00, 0x00, 0x00, 0x00, 0x00, 0x00, 0x00, 0x00,
    0x00, 0x00, 0x00, 0x00, 0x6c, 0x01, 0x00, 0x00, 0x12, 0x00, 0x00, 0x00,
    0x00, 0x00, 0x00, 0x00, 0x00, 0x00, 0x00, 0x00, 0x00, 0x00, 0x00, 0x00,
    0x00, 0x00, 0x00, 0x00, 0xe6, 0x01, 0x00, 0x00, 0x12, 0x00, 0x00, 0x00,
    0x00, 0x00, 0x00, 0x00, 0x00, 0x00, 0x00, 0x00, 0x00, 0x00, 0x00, 0x00,
    0x00, 0x00, 0x00, 0x00, 0x9a, 0x00, 0x00, 0x00, 0x12, 0x00, 0x00, 0x00,
    0x00, 0x00, 0x00, 0x00, 0x00, 0x00, 0x00, 0x00, 0x00, 0x00, 0x00, 0x00,
    0x00, 0x00, 0x00, 0x00, 0x52, 0x03, 0x00, 0x00, 0x12, 0x00, 0x00, 0x00,
    0x00, 0x00, 0x00, 0x00, 0x00, 0x00, 0x00, 0x00, 0x00, 0x00, 0x00, 0x00,
    0x00, 0x00, 0x00, 0x00, 0x23, 0x03, 0x00, 0x00, 0x12, 0x00, 0x00, 0x00,
    0x00, 0x00, 0x00, 0x00, 0x00, 0x00, 0x00, 0x00, 0x00, 0x00, 0x00, 0x00,
    0x00, 0x00, 0x00, 0x00, 0x93, 0x03, 0x00, 0x00, 0x12, 0x00, 0x00, 0x00,
    0x00, 0x00, 0x00, 0x00, 0x00, 0x00, 0x00, 0x00, 0x00, 0x00, 0x00, 0x00,
    0x00, 0x00, 0x00, 0x00, 0x21, 0x02, 0x00, 0x00, 0x12, 0x00, 0x00, 0x00,
    0x00, 0x00, 0x00, 0x00, 0x00, 0x00, 0x00, 0x00, 0x00, 0x00, 0x00, 0x00,
    0x00, 0x00, 0x00, 0x00, 0x00, 0x01, 0x00, 0x00, 0x12, 0x00, 0x00, 0x00,
    0x00, 0x00, 0x00, 0x00, 0x00, 0x00, 0x00, 0x00, 0x00, 0x00, 0x00, 0x00,
    0x00, 0x00, 0x00, 0x00, 0x59, 0x01, 0x00, 0x00, 0x12, 0x00, 0x00, 0x00,
    0x00, 0x00, 0x00, 0x00, 0x00, 0x00, 0x00, 0x00, 0x00, 0x00, 0x00, 0x00,
    0x00, 0x00, 0x00, 0x00, 0x5e, 0x03, 0x00, 0x00, 0x12, 0x00, 0x00, 0x00,
    0x00, 0x00, 0x00, 0x00, 0x00, 0x00, 0x00, 0x00, 0x00, 0x00, 0x00, 0x00,
    0x00, 0x00, 0x00, 0x00, 0x08, 0x01, 0x00, 0x00, 0x12, 0x00, 0x00, 0x00,
    0x00, 0x00, 0x00, 0x00, 0x00, 0x00, 0x00, 0x00, 0x00, 0x00, 0x00, 0x00,
    0x00, 0x00, 0x00, 0x00, 0x08, 0x03, 0x00, 0x00, 0x12, 0x00, 0x00, 0x00,
    0x00, 0x00, 0x00, 0x00, 0x00, 0x00, 0x00, 0x00, 0x00, 0x00, 0x00, 0x00,
    0x00, 0x00, 0x00, 0x00, 0x52, 0x02, 0x00, 0x00, 0x12, 0x00, 0x00, 0x00,
    0x00, 0x00, 0x00, 0x00, 0x00, 0x00, 0x00, 0x00, 0x00, 0x00, 0x00, 0x00,
    0x00, 0x00, 0x00, 0x00, 0x0f, 0x01, 0x00, 0x00, 0x12, 0x00, 0x00, 0x00,
    0x00, 0x00, 0x00, 0x00, 0x00, 0x00, 0x00, 0x00, 0x00, 0x00, 0x00, 0x00,
    0x00, 0x00, 0x00, 0x00, 0x7c, 0x00, 0x00, 0x00, 0x12, 0x00, 0x00, 0x00,
    0x00, 0x00, 0x00, 0x00, 0x00, 0x00, 0x00, 0x00, 0x00, 0x00, 0x00, 0x00,
    0x00, 0x00, 0x00, 0x00, 0x7e, 0x02, 0x00, 0x00, 0x12, 0x00, 0x00, 0x00,
    0x00, 0x00, 0x00, 0x00, 0x00, 0x00, 0x00, 0x00, 0x00, 0x00, 0x00, 0x00,
    0x00, 0x00, 0x00, 0x00, 0x82, 0x03, 0x00, 0x00, 0x12, 0x00, 0x00, 0x00,
    0x00, 0x00, 0x00, 0x00, 0x00, 0x00, 0x00, 0x00, 0x00, 0x00, 0x00, 0x00,
    0x00, 0x00, 0x00, 0x00, 0xcc, 0x03, 0x00, 0x00, 0x12, 0x00, 0x00, 0x00,
    0x00, 0x00, 0x00, 0x00, 0x00, 0x00, 0x00, 0x00, 0x00, 0x00, 0x00, 0x00,
    0x00, 0x00, 0x00, 0x00, 0xf4, 0x00, 0x00, 0x00, 0x12, 0x00, 0x00, 0x00,
    0x00, 0x00, 0x00, 0x00, 0x00, 0x00, 0x00, 0x00, 0x00, 0x00, 0x00, 0x00,
    0x00, 0x00, 0x00, 0x00, 0x3a, 0x03, 0x00, 0x00, 0x12, 0x00, 0x00, 0x00,
    0x00, 0x00, 0x00, 0x00, 0x00, 0x00, 0x00, 0x00, 0x00, 0x00, 0x00, 0x00,
    0x00, 0x00, 0x00, 0x00, 0xd2, 0x01, 0x00, 0x00, 0x12, 0x00, 0x00, 0x00,
    0x00, 0x00, 0x00, 0x00, 0x00, 0x00, 0x00, 0x00, 0x00, 0x00, 0x00, 0x00,
    0x00, 0x00, 0x00, 0x00, 0x60, 0x01, 0x00, 0x00, 0x12, 0x00, 0x00, 0x00,
    0x00, 0x00, 0x00, 0x00, 0x00, 0x00, 0x00, 0x00, 0x00, 0x00, 0x00, 0x00,
    0x00, 0x00, 0x00, 0x00, 0x4b, 0x02, 0x00, 0x00, 0x12, 0x00, 0x00, 0x00,
    0x00, 0x00, 0x00, 0x00, 0x00, 0x00, 0x00, 0x00, 0x00, 0x00, 0x00, 0x00,
    0x00, 0x00, 0x00, 0x00, 0xda, 0x00, 0x00, 0x00, 0x12, 0x00, 0x00, 0x00,
    0x00, 0x00, 0x00, 0x00, 0x00, 0x00, 0x00, 0x00, 0x00, 0x00, 0x00, 0x00,
    0x00, 0x00, 0x00, 0x00, 0x73, 0x01, 0x00, 0x00, 0x12, 0x00, 0x00, 0x00,
    0x00, 0x00, 0x00, 0x00, 0x00, 0x00, 0x00, 0x00, 0x00, 0x00, 0x00, 0x00,
    0x00, 0x00, 0x00, 0x00, 0xf5, 0x01, 0x00, 0x00, 0x12, 0x00, 0x00, 0x00,
    0x00, 0x00, 0x00, 0x00, 0x00, 0x00, 0x00, 0x00, 0x00, 0x00, 0x00, 0x00,
    0x00, 0x00, 0x00, 0x00, 0xc5, 0x01, 0x00, 0x00, 0x12, 0x00, 0x00, 0x00,
    0x00, 0x00, 0x00, 0x00, 0x00, 0x00, 0x00, 0x00, 0x00, 0x00, 0x00, 0x00,
    0x00, 0x00, 0x00, 0x00, 0xab, 0x00, 0x00, 0x00, 0x11, 0x00, 0x00, 0x00,
    0x00, 0x00, 0x00, 0x00, 0x00, 0x00, 0x00, 0x00, 0x00, 0x00, 0x00, 0x00,
    0x00, 0x00, 0x00, 0x00, 0xa8, 0x02, 0x00, 0x00, 0x12, 0x00, 0x00, 0x00,
    0x00, 0x00, 0x00, 0x00, 0x00, 0x00, 0x00, 0x00, 0x00, 0x00, 0x00, 0x00,
    0x00, 0x00, 0x00, 0x00, 0x43, 0x01, 0x00, 0x00, 0x12, 0x00, 0x00, 0x00,
    0x00, 0x00, 0x00, 0x00, 0x00, 0x00, 0x00, 0x00, 0x00, 0x00, 0x00, 0x00,
    0x00, 0x00, 0x00, 0x00, 0x1c, 0x03, 0x00, 0x00, 0x12, 0x00, 0x00, 0x00,
    0x00, 0x00, 0x00, 0x00, 0x00, 0x00, 0x00, 0x00, 0x00, 0x00, 0x00, 0x00,
    0x00, 0x00, 0x00, 0x00, 0x41, 0x03, 0x00, 0x00, 0x12, 0x00, 0x00, 0x00,
    0x00, 0x00, 0x00, 0x00, 0x00, 0x00, 0x00, 0x00, 0x00, 0x00, 0x00, 0x00,
    0x00, 0x00, 0x00, 0x00, 0xbb, 0x02, 0x00, 0x00, 0x12, 0x00, 0x00, 0x00,
    0x00, 0x00, 0x00, 0x00, 0x00, 0x00, 0x00, 0x00, 0x00, 0x00, 0x00, 0x00,
    0x00, 0x00, 0x00, 0x00, 0xa8, 0x03, 0x00, 0x00, 0x12, 0x00, 0x00, 0x00,
    0x00, 0x00, 0x00, 0x00, 0x00, 0x00, 0x00, 0x00, 0x00, 0x00, 0x00, 0x00,
    0x00, 0x00, 0x00, 0x00, 0xb2, 0x00, 0x00, 0x00, 0x12, 0x00, 0x00, 0x00,
    0x00, 0x00, 0x00, 0x00, 0x00, 0x00, 0x00, 0x00, 0x00, 0x00, 0x00, 0x00,
    0x00, 0x00, 0x00, 0x00, 0xe7, 0x00, 0x00, 0x00, 0x12, 0x00, 0x00, 0x00,
    0x00, 0x00, 0x00, 0x00, 0x00, 0x00, 0x00, 0x00, 0x00, 0x00, 0x00, 0x00,
    0x00, 0x00, 0x00, 0x00, 0x93, 0x00, 0x00, 0x00, 0x12, 0x00, 0x00, 0x00,
    0x00, 0x00, 0x00, 0x00, 0x00, 0x00, 0x00, 0x00, 0x00, 0x00, 0x00, 0x00,
    0x00, 0x00, 0x00, 0x00, 0x85, 0x02, 0x00, 0x00, 0x12, 0x00, 0x00, 0x00,
    0x00, 0x00, 0x00, 0x00, 0x00, 0x00, 0x00, 0x00, 0x00, 0x00, 0x00, 0x00,
    0x00, 0x00, 0x00, 0x00, 0xbc, 0x03, 0x00, 0x00, 0x12, 0x00, 0x00, 0x00,
    0x00, 0x00, 0x00, 0x00, 0x00, 0x00, 0x00, 0x00, 0x00, 0x00, 0x00, 0x00,
    0x00, 0x00, 0x00, 0x00, 0x46, 0x00, 0x00, 0x00, 0x12, 0x00, 0x00, 0x00,
    0x00, 0x00, 0x00, 0x00, 0x00, 0x00, 0x00, 0x00, 0x00, 0x00, 0x00, 0x00,
    0x00, 0x00, 0x00, 0x00, 0x64, 0x02, 0x00, 0x00, 0x12, 0x00, 0x00, 0x00,
    0x00, 0x00, 0x00, 0x00, 0x00, 0x00, 0x00, 0x00, 0x00, 0x00, 0x00, 0x00,
    0x00, 0x00, 0x00, 0x00, 0x15, 0x02, 0x00, 0x00, 0x12, 0x00, 0x00, 0x00,
    0x00, 0x00, 0x00, 0x00, 0x00, 0x00, 0x00, 0x00, 0x00, 0x00, 0x00, 0x00,
    0x00, 0x00, 0x00, 0x00, 0x58, 0x00, 0x00, 0x00, 0x22, 0x00, 0x00, 0x00,
    0x00, 0x00, 0x00, 0x00, 0x00, 0x00, 0x00, 0x00, 0x00, 0x00, 0x00, 0x00,
    0x00, 0x00, 0x00, 0x00, 0x00, 0x5f, 0x49, 0x54, 0x4d, 0x5f, 0x64, 0x65,
    0x72, 0x65, 0x67, 0x69, 0x73, 0x74, 0x65, 0x72, 0x54, 0x4d, 0x43, 0x6c,
    0x6f, 0x6e, 0x65, 0x54, 0x61, 0x62, 0x6c, 0x65, 0x00, 0x5f, 0x5f, 0x67,
    0x6d, 0x6f, 0x6e, 0x5f, 0x73, 0x74, 0x61, 0x72, 0x74, 0x5f, 0x5f, 0x00,
    0x5f, 0x49, 0x54, 0x4d, 0x5f, 0x72, 0x65, 0x67, 0x69, 0x73, 0x74, 0x65,
    0x72, 0x54, 0x4d, 0x43, 0x6c, 0x6f, 0x6e, 0x65, 0x54, 0x61, 0x62, 0x6c,
    0x65, 0x00, 0x5f, 0x5f, 0x6c, 0x69, 0x62, 0x63, 0x5f, 0x73, 0x74, 0x61,
    0x72, 0x74, 0x5f, 0x6d, 0x61, 0x69, 0x6e, 0x00, 0x5f, 0x5f, 0x63, 0x78,
    0x61, 0x5f, 0x66, 0x69, 0x6e, 0x61, 0x6c, 0x69, 0x7a, 0x65, 0x00, 0x5f,
    0x5f, 0x61, 0x73, 0x73, 0x65, 0x72, 0x74, 0x5f, 0x66, 0x61, 0x69, 0x6c,
    0x00, 0x6d, 0x65, 0x6d, 0x73, 0x65, 0x74, 0x00, 0x5f, 0x5f, 0x73, 0x74,
    0x61, 0x63, 0x6b, 0x5f, 0x63, 0x68, 0x6b, 0x5f, 0x66, 0x61, 0x69, 0x6c,
    0x00, 0x69, 0x6f, 0x63, 0x74, 0x6c, 0x00, 0x70, 0x65, 0x72, 0x72, 0x6f,
    0x72, 0x00, 0x46, 0x54, 0x5f, 0x49, 0x6e, 0x69, 0x74, 0x5f, 0x46, 0x72,
    0x65, 0x65, 0x54, 0x79, 0x70, 0x65, 0x00, 0x73, 0x74, 0x64, 0x65, 0x72,
    0x72, 0x00, 0x66, 0x77, 0x72, 0x69, 0x74, 0x65, 0x00, 0x46, 0x54, 0x5f,
    0x53, 0x65, 0x74, 0x5f, 0x50, 0x69, 0x78, 0x65, 0x6c, 0x5f, 0x53, 0x69,
    0x7a, 0x65, 0x73, 0x00, 0x5f, 0x5f, 0x66, 0x70, 0x72, 0x69, 0x6e, 0x74,
    0x66, 0x5f, 0x63, 0x68, 0x6b, 0x00, 0x46, 0x54, 0x5f, 0x4c, 0x6f, 0x61,
    0x64, 0x5f, 0x43, 0x68, 0x61, 0x72, 0x00, 0x46, 0x54, 0x5f, 0x44, 0x6f,
    0x6e, 0x65, 0x5f, 0x46, 0x61, 0x63, 0x65, 0x00, 0x46, 0x54, 0x5f, 0x4e,
    0x65, 0x77, 0x5f, 0x46, 0x61, 0x63, 0x65, 0x00, 0x6d, 0x65, 0x6d, 0x6d,
    0x6f, 0x76, 0x65, 0x00, 0x67, 0x65, 0x74, 0x65, 0x6e, 0x76, 0x00, 0x73,
    0x74, 0x72, 0x6e, 0x63, 0x61, 0x73, 0x65, 0x63, 0x6d, 0x70, 0x00, 0x73,
    0x74, 0x72, 0x63, 0x61, 0x73, 0x65, 0x73, 0x74, 0x72, 0x00, 0x5f, 0x5f,
    0x76, 0x73, 0x6e, 0x70, 0x72, 0x69, 0x6e, 0x74, 0x66, 0x5f, 0x63, 0x68,
    0x6b, 0x00, 0x5f, 0x5f, 0x70, 0x72, 0x69, 0x6e, 0x74, 0x66, 0x5f, 0x63,
    0x68, 0x6b, 0x00, 0x5f, 0x5f, 0x73, 0x6e, 0x70, 0x72, 0x69, 0x6e, 0x74,
    0x66, 0x5f, 0x63, 0x68, 0x6b, 0x00, 0x73, 0x74, 0x72, 0x6c, 0x65, 0x6e,
    0x00, 0x73, 0x74, 0x72, 0x63, 0x68, 0x72, 0x00, 0x63, 0x61, 0x6c, 0x6c,
    0x6f, 0x63, 0x00, 0x66, 0x72, 0x65, 0x65, 0x00, 0x6f, 0x70, 0x65, 0x6e,
    0x36, 0x34, 0x00, 0x64, 0x72, 0x6d, 0x4d, 0x6f, 0x64, 0x65, 0x47, 0x65,
    0x74, 0x52, 0x65, 0x73, 0x6f, 0x75, 0x72, 0x63, 0x65, 0x73, 0x00, 0x64,
    0x72, 0x6d, 0x4d, 0x6f, 0x64, 0x65, 0x47, 0x65, 0x74, 0x43, 0x6f, 0x6e,
    0x6e, 0x65, 0x63, 0x74, 0x6f, 0x72, 0x00, 0x64, 0x72, 0x6d, 0x4d, 0x6f,
    0x64, 0x65, 0x46, 0x72, 0x65, 0x65, 0x43, 0x6f, 0x6e, 0x6e, 0x65, 0x63,
    0x74, 0x6f, 0x72, 0x00, 0x64, 0x72, 0x6d, 0x4d, 0x6f, 0x64, 0x65, 0x46,
    0x72, 0x65, 0x65, 0x52, 0x65, 0x73, 0x6f, 0x75, 0x72, 0x63, 0x65, 0x73,
    0x00, 0x64, 0x72, 0x6d, 0x53, 0x65, 0x74, 0x4d, 0x61, 0x73, 0x74, 0x65,
    0x72, 0x00, 0x64, 0x72, 0x6d, 0x4d, 0x6f, 0x64, 0x65, 0x41, 0x64, 0x64,
    0x46, 0x42, 0x00, 0x6d, 0x6d, 0x61, 0x70, 0x36, 0x34, 0x00, 0x64, 0x72,
    0x6d, 0x4d, 0x6f, 0x64, 0x65, 0x47, 0x65, 0x74, 0x43, 0x72, 0x74, 0x63,
    0x00, 0x64, 0x72, 0x6d, 0x4d, 0x6f, 0x64, 0x65, 0x53, 0x65, 0x74, 0x43,
    0x72, 0x74, 0x63, 0x00, 0x46, 0x54, 0x5f, 0x44, 0x6f, 0x6e, 0x65, 0x5f,
    0x46, 0x72, 0x65, 0x65, 0x54, 0x79, 0x70, 0x65, 0x00, 0x73, 0x79, 0x6e,
    0x63, 0x00, 0x72, 0x65, 0x62, 0x6f, 0x6f, 0x74, 0x00, 0x64, 0x72, 0x6d,
    0x4d, 0x6f, 0x64, 0x65, 0x46, 0x72, 0x65, 0x65, 0x43, 0x72, 0x74, 0x63,
    0x00, 0x64, 0x72, 0x6d, 0x44, 0x72, 0x6f, 0x70, 0x4d, 0x61, 0x73, 0x74,
    0x65, 0x72, 0x00, 0x64, 0x72, 0x6d, 0x4d, 0x6f, 0x64, 0x65, 0x52, 0x6d,
    0x46, 0x42, 0x00, 0x6d, 0x75, 0x6e, 0x6d, 0x61, 0x70, 0x00, 0x64, 0x72,
    0x6d, 0x4d, 0x6f, 0x64, 0x65, 0x47, 0x65, 0x74, 0x45, 0x6e, 0x63, 0x6f,
    0x64, 0x65, 0x72, 0x00, 0x64, 0x72, 0x6d, 0x4d, 0x6f, 0x64, 0x65, 0x46,
    0x72, 0x65, 0x65, 0x45, 0x6e, 0x63, 0x6f, 0x64, 0x65, 0x72, 0x00, 0x75,
    0x73, 0x6c, 0x65, 0x65, 0x70, 0x00, 0x73, 0x74, 0x72, 0x63, 0x6d, 0x70,
    0x00, 0x46, 0x63, 0x50, 0x61, 0x74, 0x74, 0x65, 0x72, 0x6e, 0x43, 0x72,
    0x65, 0x61, 0x74, 0x65, 0x00, 0x46, 0x63, 0x50, 0x61, 0x74, 0x74, 0x65,
    0x72, 0x6e, 0x41, 0x64, 0x64, 0x53, 0x74, 0x72, 0x69, 0x6e, 0x67, 0x00,
    0x46, 0x63, 0x43, 0x6f, 0x6e, 0x66, 0x69, 0x67, 0x53, 0x75, 0x62, 0x73,
    0x74, 0x69, 0x74, 0x75, 0x74, 0x65, 0x00, 0x46, 0x63, 0x44, 0x65, 0x66,
    0x61, 0x75, 0x6c, 0x74, 0x53, 0x75, 0x62, 0x73, 0x74, 0x69, 0x74, 0x75,
    0x74, 0x65, 0x00, 0x46, 0x63, 0x46, 0x6f, 0x6e, 0x74, 0x4d, 0x61, 0x74,
    0x63, 0x68, 0x00, 0x46, 0x63, 0x50, 0x61, 0x74, 0x74, 0x65, 0x72, 0x6e,
    0x44, 0x65, 0x73, 0x74, 0x72, 0x6f, 0x79, 0x00, 0x46, 0x63, 0x50, 0x61,
    0x74, 0x74, 0x65, 0x72, 0x6e, 0x47, 0x65, 0x74, 0x53, 0x74, 0x72, 0x69,
    0x6e, 0x67, 0x00, 0x73, 0x6e, 0x70, 0x72, 0x69, 0x6e, 0x74, 0x66, 0x00,
    0x46, 0x63, 0x50, 0x61, 0x74, 0x74, 0x65, 0x72, 0x6e, 0x47, 0x65, 0x74,
    0x49, 0x6e, 0x74, 0x65, 0x67, 0x65, 0x72, 0x00, 0x61, 0x63, 0x63, 0x65,
    0x73, 0x73, 0x00, 0x73, 0x74, 0x72, 0x74, 0x6f, 0x6c, 0x00, 0x67, 0x65,
    0x74, 0x70, 0x69, 0x64, 0x00, 0x73, 0x74, 0x72, 0x65, 0x72, 0x72, 0x6f,
    0x72, 0x00, 0x67, 0x65, 0x74, 0x75, 0x69, 0x64, 0x00, 0x66, 0x6f, 0x72,
    0x6b, 0x00, 0x73, 0x65, 0x74, 0x73, 0x69, 0x64, 0x00, 0x64, 0x75, 0x70,
    0x32, 0x00, 0x66, 0x70, 0x75, 0x74, 0x73, 0x00, 0x5f, 0x65, 0x78, 0x69,
    0x74, 0x00, 0x73, 0x64, 0x5f, 0x6a, 0x6f, 0x75, 0x72, 0x6e, 0x61, 0x6c,
    0x5f, 0x77, 0x61, 0x69, 0x74, 0x00, 0x73, 0x64, 0x5f, 0x6a, 0x6f, 0x75,
    0x72, 0x6e, 0x61, 0x6c, 0x5f, 0x70, 0x72, 0x65, 0x76, 0x69, 0x6f, 0x75,
    0x73, 0x00, 0x73, 0x64, 0x5f, 0x6a, 0x6f, 0x75, 0x72, 0x6e, 0x61, 0x6c,
    0x5f, 0x63, 0x6c, 0x6f, 0x73, 0x65, 0x00, 0x73, 0x64, 0x5f, 0x6a, 0x6f,
    0x75, 0x72, 0x6e, 0x61, 0x6c, 0x5f, 0x73, 0x65, 0x65, 0x6b, 0x5f, 0x74,
    0x61, 0x69, 0x6c, 0x00, 0x73, 0x64, 0x5f, 0x6a, 0x6f, 0x75, 0x72, 0x6e,
    0x61, 0x6c, 0x5f, 0x67, 0x65, 0x74, 0x5f, 0x64, 0x61, 0x74, 0x61, 0x00,
    0x73, 0x64, 0x5f, 0x6a, 0x6f, 0x75, 0x72, 0x6e, 0x61, 0x6c, 0x5f, 0x6f,
    0x70, 0x65, 0x6e, 0x00, 0x73, 0x64, 0x5f, 0x6a, 0x6f, 0x75, 0x72, 0x6e,
    0x61, 0x6c, 0x5f, 0x6e, 0x65, 0x78, 0x74, 0x00, 0x6c, 0x69, 0x62, 0x64,
    0x72, 0x6d, 0x2e, 0x73, 0x6f, 0x2e, 0x32, 0x00, 0x6c, 0x69, 0x62, 0x66,
    0x72, 0x65, 0x65, 0x74, 0x79, 0x70, 0x65, 0x2e, 0x73, 0x6f, 0x2e, 0x36,
    0x00, 0x6c, 0x69, 0x62, 0x73, 0x79, 0x73, 0x74, 0x65, 0x6d, 0x64, 0x2e,
    0x73, 0x6f, 0x2e, 0x30, 0x00, 0x6c, 0x69, 0x62, 0x66, 0x6f, 0x6e, 0x74,
    0x63, 0x6f, 0x6e, 0x66, 0x69, 0x67, 0x2e, 0x73, 0x6f, 0x2e, 0x31, 0x00,
    0x6c, 0x69, 0x62, 0x63, 0x2e, 0x73, 0x6f, 0x2e, 0x36, 0x00, 0x4c, 0x49,
    0x42, 0x53, 0x59, 0x53, 0x54, 0x45, 0x4d, 0x44, 0x5f, 0x32, 0x30, 0x39,
    0x00, 0x47, 0x4c, 0x49, 0x42, 0x43, 0x5f, 0x32, 0x2e, 0x33, 0x34, 0x00,
    0x47, 0x4c, 0x49, 0x42, 0x43, 0x5f, 0x32, 0x2e, 0x34, 0x00, 0x47, 0x4c,
    0x49, 0x42, 0x43, 0x5f, 0x32, 0x2e, 0x33, 0x2e, 0x34, 0x00, 0x47, 0x4c,
    0x49, 0x42, 0x43, 0x5f, 0x32, 0x2e, 0x32, 0x2e, 0x35, 0x00, 0x00, 0x00,
    0x01, 0x00, 0x02, 0x00, 0x01, 0x00, 0x02, 0x00, 0x02, 0x00, 0x02, 0x00,
    0x02, 0x00, 0x02, 0x00, 0x02, 0x00, 0x02, 0x00, 0x01, 0x00, 0x03, 0x00,
    0x01, 0x00, 0x01, 0x00, 0x04, 0x00, 0x02, 0x00, 0x03, 0x00, 0x01, 0x00,
    0x01, 0x00, 0x01, 0x00, 0x02, 0x00, 0x01, 0x00, 0x02, 0x00, 0x03, 0x00,
    0x01, 0x00, 0x01, 0x00, 0x02, 0x00, 0x02, 0x00, 0x01, 0x00, 0x01, 0x00,
    0x01, 0x00, 0x02, 0x00, 0x02, 0x00, 0x02, 0x00, 0x02, 0x00, 0x02, 0x00,
    0x01, 0x00, 0x01, 0x00, 0x02, 0x00, 0x02, 0x00, 0x04, 0x00, 0x01, 0x00,
    0x02, 0x00, 0x02, 0x00, 0x04, 0x00, 0x02, 0x00, 0x01, 0x00, 0x01, 0x00,
    0x02, 0x00, 0x05, 0x00, 0x02, 0x00, 0x04, 0x00, 0x04, 0x00, 0x01, 0x00,
    0x02, 0x00, 0x01, 0x00, 0x02, 0x00, 0x02, 0x00, 0x01, 0x00, 0x01, 0x00,
    0x01, 0x00, 0x01, 0x00, 0x02, 0x00, 0x01, 0x00, 0x03, 0x00, 0x02, 0x00,
    0x02, 0x00, 0x01, 0x00, 0x04, 0x00, 0x02, 0x00, 0x01, 0x00, 0x02, 0x00,
    0x01, 0x00, 0x04, 0x00, 0x06, 0x00, 0x01, 0x00, 0x02, 0x00, 0x02, 0x00,
    0x01, 0x00, 0x01, 0x00, 0xf9, 0x03, 0x00, 0x00, 0x10, 0x00, 0x00, 0x00,
    0x20, 0x00, 0x00, 0x00, 0xb9, 0xc8, 0x62, 0x05, 0x00, 0x00, 0x04, 0x00,
    0x26, 0x04, 0x00, 0x00, 0x00, 0x00, 0x00, 0x00, 0x01, 0x00, 0x04, 0x00,
    0x1c, 0x04, 0x00, 0x00, 0x10, 0x00, 0x00, 0x00, 0x00, 0x00, 0x00, 0x00,
    0xb4, 0x91, 0x96, 0x06, 0x00, 0x00, 0x06, 0x00, 0x35, 0x04, 0x00, 0x00,
    0x10, 0x00, 0x00, 0x00, 0x14, 0x69, 0x69, 0x0d, 0x00, 0x00, 0x05, 0x00,
    0x40, 0x04, 0x00, 0x00, 0x10, 0x00, 0x00, 0x00, 0x74, 0x19, 0x69, 0x09,
    0x00, 0x00, 0x03, 0x00, 0x4a, 0x04, 0x00, 0x00, 0x10, 0x00, 0x00, 0x00,
    0x75, 0x1a, 0x69, 0x09, 0x00, 0x00, 0x02, 0x00, 0x56, 0x04, 0x00, 0x00,
    0x00, 0x00, 0x00, 0x00, 0xd0, 0x24, 0x01, 0x00, 0x00, 0x00, 0x00, 0x00,
    0x08, 0x00, 0x00, 0x00, 0x00, 0x00, 0x00, 0x00, 0xb0, 0x42, 0x00, 0x00,
    0x00, 0x00, 0x00, 0x00, 0xd8, 0x24, 0x01, 0x00, 0x00, 0x00, 0x00, 0x00,
    0x08, 0x00, 0x00, 0x00, 0x00, 0x00, 0x00, 0x00, 0x70, 0x42, 0x00, 0x00,
    0x00, 0x00, 0x00, 0x00, 0xe0, 0x24, 0x01, 0x00, 0x00, 0x00, 0x00, 0x00,
    0x08, 0x00, 0x00, 0x00, 0x00, 0x00, 0x00, 0x00, 0x18, 0xde, 0x00, 0x00,
    0x00, 0x00, 0x00, 0x00, 0xe8, 0x24, 0x01, 0x00, 0x00, 0x00, 0x00, 0x00,
    0x08, 0x00, 0x00, 0x00, 0x00, 0x00, 0x00, 0x00, 0x50, 0xde, 0x00, 0x00,
    0x00, 0x00, 0x00, 0x00, 0xf0, 0x24, 0x01, 0x00, 0x00, 0x00, 0x00, 0x00,
    0x08, 0x00, 0x00, 0x00, 0x00, 0x00, 0x00, 0x00, 0x88, 0xde, 0x00, 0x00,
    0x00, 0x00, 0x00, 0x00, 0xf8, 0x24, 0x01, 0x00, 0x00, 0x00, 0x00, 0x00,
    0x08, 0x00, 0x00, 0x00, 0x00, 0x00, 0x00, 0x00, 0xd8, 0xde, 0x00, 0x00,
    0x00, 0x00, 0x00, 0x00, 0x00, 0x25, 0x01, 0x00, 0x00, 0x00, 0x00, 0x00,
    0x08, 0x00, 0x00, 0x00, 0x00, 0x00, 0x00, 0x00, 0x18, 0xdf, 0x00, 0x00,
    0x00, 0x00, 0x00, 0x00, 0x08, 0x25, 0x01, 0x00, 0x00, 0x00, 0x00, 0x00,
    0x08, 0x00, 0x00, 0x00, 0x00, 0x00, 0x00, 0x00, 0xee, 0xd3, 0x00, 0x00,
    0x00, 0x00, 0x00, 0x00, 0x10, 0x25, 0x01, 0x00, 0x00, 0x00, 0x00, 0x00,
    0x08, 0x00, 0x00, 0x00, 0x00, 0x00, 0x00, 0x00, 0x40, 0xdf, 0x00, 0x00,
    0x00, 0x00, 0x00, 0x00, 0x18, 0x25, 0x01, 0x00, 0x00, 0x00, 0x00, 0x00,
    0x08, 0x00, 0x00, 0x00, 0x00, 0x00, 0x00, 0x00, 0x70, 0xdf, 0x00, 0x00,
    0x00, 0x00, 0x00, 0x00, 0x20, 0x25, 0x01, 0x00, 0x00, 0x00, 0x00, 0x00,
    0x08, 0x00, 0x00, 0x00, 0x00, 0x00, 0x00, 0x00, 0xc0, 0xdf, 0x00, 0x00,
    0x00, 0x00, 0x00, 0x00, 0x28, 0x25, 0x01, 0x00, 0x00, 0x00, 0x00, 0x00,
    0x08, 0x00, 0x00, 0x00, 0x00, 0x00, 0x00, 0x00, 0x06, 0xd4, 0x00, 0x00,
    0x00, 0x00, 0x00, 0x00, 0x30, 0x25, 0x01, 0x00, 0x00, 0x00, 0x00, 0x00,
    0x08, 0x00, 0x00, 0x00, 0x00, 0x00, 0x00, 0x00, 0x1a, 0xd4, 0x00, 0x00,
    0x00, 0x00, 0x00, 0x00, 0x38, 0x25, 0x01, 0x00, 0x00, 0x00, 0x00, 0x00,
    0x08, 0x00, 0x00, 0x00, 0x00, 0x00, 0x00, 0x00, 0xe8, 0xdf, 0x00, 0x00,
    0x00, 0x00, 0x00, 0x00, 0x40, 0x25, 0x01, 0x00, 0x00, 0x00, 0x00, 0x00,
    0x08, 0x00, 0x00, 0x00, 0x00, 0x00, 0x00, 0x00, 0x28, 0xe0, 0x00, 0x00,
    0x00, 0x00, 0x00, 0x00, 0x48, 0x25, 0x01, 0x00, 0x00, 0x00, 0x00, 0x00,
    0x08, 0x00, 0x00, 0x00, 0x00, 0x00, 0x00, 0x00, 0x70, 0xe0, 0x00, 0x00,
    0x00, 0x00, 0x00, 0x00, 0x50, 0x25, 0x01, 0x00, 0x00, 0x00, 0x00, 0x00,
    0x08, 0x00, 0x00, 0x00, 0x00, 0x00, 0x00, 0x00, 0x2c, 0xd4, 0x00, 0x00,
    0x00, 0x00, 0x00, 0x00, 0x58, 0x25, 0x01, 0x00, 0x00, 0x00, 0x00, 0x00,
    0x08, 0x00, 0x00, 0x00, 0x00, 0x00, 0x00, 0x00, 0xa0, 0xe0, 0x00, 0x00,
    0x00, 0x00, 0x00, 0x00, 0x60, 0x25, 0x01, 0x00, 0x00, 0x00, 0x00, 0x00,
    0x08, 0x00, 0x00, 0x00, 0x00, 0x00, 0x00, 0x00, 0xe0, 0xe0, 0x00, 0x00,
    0x00, 0x00, 0x00, 0x00, 0x68, 0x25, 0x01, 0x00, 0x00, 0x00, 0x00, 0x00,
    0x08, 0x00, 0x00, 0x00, 0x00, 0x00, 0x00, 0x00, 0x49, 0xd4, 0x00, 0x00,
    0x00, 0x00, 0x00, 0x00, 0x70, 0x25, 0x01, 0x00, 0x00, 0x00, 0x00, 0x00,
    0x08, 0x00, 0x00, 0x00, 0x00, 0x00, 0x00, 0x00, 0x55, 0xd4, 0x00, 0x00,
    0x00, 0x00, 0x00, 0x00, 0x78, 0x25, 0x01, 0x00, 0x00, 0x00, 0x00, 0x00,
    0x08, 0x00, 0x00, 0x00, 0x00, 0x00, 0x00, 0x00, 0x28, 0xe1, 0x00, 0x00,
    0x00, 0x00, 0x00, 0x00, 0x80, 0x25, 0x01, 0x00, 0x00, 0x00, 0x00, 0x00,
    0x08, 0x00, 0x00, 0x00, 0x00, 0x00, 0x00, 0x00, 0x88, 0xe1, 0x00, 0x00,
    0x00, 0x00, 0x00, 0x00, 0x88, 0x25, 0x01, 0x00, 0x00, 0x00, 0x00, 0x00,
    0x08, 0x00, 0x00, 0x00, 0x00, 0x00, 0x00, 0x00, 0x61, 0xd4, 0x00, 0x00,
    0x00, 0x00, 0x00, 0x00, 0x90, 0x25, 0x01, 0x00, 0x00, 0x00, 0x00, 0x00,
    0x08, 0x00, 0x00, 0x00, 0x00, 0x00, 0x00, 0x00, 0xd8, 0xe1, 0x00, 0x00,
    0x00, 0x00, 0x00, 0x00, 0x98, 0x25, 0x01, 0x00, 0x00, 0x00, 0x00, 0x00,
    0x08, 0x00, 0x00, 0x00, 0x00, 0x00, 0x00, 0x00, 0x73, 0xd4, 0x00, 0x00,
    0x00, 0x00, 0x00, 0x00, 0xa0, 0x25, 0x01, 0x00, 0x00, 0x00, 0x00, 0x00,
    0x08, 0x00, 0x00, 0x00, 0x00, 0x00, 0x00, 0x00, 0x8a, 0xd4, 0x00, 0x00,
    0x00, 0x00, 0x00, 0x00, 0xa8, 0x25, 0x01, 0x00, 0x00, 0x00, 0x00, 0x00,
    0x08, 0x00, 0x00, 0x00, 0x00, 0x00, 0x00, 0x00, 0x18, 0xe2, 0x00, 0x00,
    0x00, 0x00, 0x00, 0x00, 0xb0, 0x25, 0x01, 0x00, 0x00, 0x00, 0x00, 0x00,
    0x08, 0x00, 0x00, 0x00, 0x00, 0x00, 0x00, 0x00, 0x40, 0xe2, 0x00, 0x00,
    0x00, 0x00, 0x00, 0x00, 0xb8, 0x25, 0x01, 0x00, 0x00, 0x00, 0x00, 0x00,
    0x08, 0x00, 0x00, 0x00, 0x00, 0x00, 0x00, 0x00, 0x78, 0xe2, 0x00, 0x00,
    0x00, 0x00, 0x00, 0x00, 0xc0, 0x25, 0x01, 0x00, 0x00, 0x00, 0x00, 0x00,
    0x08, 0x00, 0x00, 0x00, 0x00, 0x00, 0x00, 0x00, 0xa2, 0xd4, 0x00, 0x00,
    0x00, 0x00, 0x00, 0x00, 0xc8, 0x25, 0x01, 0x00, 0x00, 0x00, 0x00, 0x00,
    0x08, 0x00, 0x00, 0x00, 0x00, 0x00, 0x00, 0x00, 0xbe, 0xd4, 0x00, 0x00,
    0x00, 0x00, 0x00, 0x00, 0xd0, 0x25, 0x01, 0x00, 0x00, 0x00, 0x00, 0x00,
    0x08, 0x00, 0x00, 0x00, 0x00, 0x00, 0x00, 0x00, 0xda, 0xd4, 0x00, 0x00,
    0x00, 0x00, 0x00, 0x00, 0xd8, 0x25, 0x01, 0x00, 0x00, 0x00, 0x00, 0x00,
    0x08, 0x00, 0x00, 0x00, 0x00, 0x00, 0x00, 0x00, 0xb8, 0xe2, 0x00, 0x00,
    0x00, 0x00, 0x00, 0x00, 0xe0, 0x25, 0x01, 0x00, 0x00, 0x00, 0x00, 0x00,
    0x08, 0x00, 0x00, 0x00, 0x00, 0x00, 0x00, 0x00, 0xf6, 0xd4, 0x00, 0x00,
    0x00, 0x00, 0x00, 0x00, 0xe8, 0x25, 0x01, 0x00, 0x00, 0x00, 0x00, 0x00,
    0x08, 0x00, 0x00, 0x00, 0x00, 0x00, 0x00, 0x00, 0xf0, 0xe4, 0x00, 0x00,
    0x00, 0x00, 0x00, 0x00, 0xf0, 0x25, 0x01, 0x00, 0x00, 0x00, 0x00, 0x00,
    0x08, 0x00, 0x00, 0x00, 0x00, 0x00, 0x00, 0x00, 0x11, 0xd5, 0x00, 0x00,
    0x00, 0x00, 0x00, 0x00, 0x00, 0x26, 0x01, 0x00, 0x00, 0x00, 0x00, 0x00,
    0x08, 0x00, 0x00, 0x00, 0x00, 0x00, 0x00, 0x00, 0x60, 0xe5, 0x00, 0x00,
    0x00, 0x00, 0x00, 0x00, 0x08, 0x26, 0x01, 0x00, 0x00, 0x00, 0x00, 0x00,
    0x08, 0x00, 0x00, 0x00, 0x00, 0x00, 0x00, 0x00, 0xa0, 0xe5, 0x00, 0x00,
    0x00, 0x00, 0x00, 0x00, 0x10, 0x26, 0x01, 0x00, 0x00, 0x00, 0x00, 0x00,
    0x08, 0x00, 0x00, 0x00, 0x00, 0x00, 0x00, 0x00, 0xd8, 0xe5, 0x00, 0x00,
    0x00, 0x00, 0x00, 0x00, 0x18, 0x26, 0x01, 0x00, 0x00, 0x00, 0x00, 0x00,
    0x08, 0x00, 0x00, 0x00, 0x00, 0x00, 0x00, 0x00, 0x38, 0xe6, 0x00, 0x00,
    0x00, 0x00, 0x00, 0x00, 0x20, 0x26, 0x01, 0x00, 0x00, 0x00, 0x00, 0x00,
    0x08, 0x00, 0x00, 0x00, 0x00, 0x00, 0x00, 0x00, 0x88, 0xe6, 0x00, 0x00,
    0x00, 0x00, 0x00, 0x00, 0x28, 0x26, 0x01, 0x00, 0x00, 0x00, 0x00, 0x00,
    0x08, 0x00, 0x00, 0x00, 0x00, 0x00, 0x00, 0x00, 0xb0, 0xe6, 0x00, 0x00,
    0x00, 0x00, 0x00, 0x00, 0x30, 0x26, 0x01, 0x00, 0x00, 0x00, 0x00, 0x00,
    0x08, 0x00, 0x00, 0x00, 0x00, 0x00, 0x00, 0x00, 0xd0, 0xe6, 0x00, 0x00,
    0x00, 0x00, 0x00, 0x00, 0x38, 0x26, 0x01, 0x00, 0x00, 0x00, 0x00, 0x00,
    0x08, 0x00, 0x00, 0x00, 0x00, 0x00, 0x00, 0x00, 0x20, 0xe7, 0x00, 0x00,
    0x00, 0x00, 0x00, 0x00, 0x40, 0x26, 0x01, 0x00, 0x00, 0x00, 0x00, 0x00,
    0x08, 0x00, 0x00, 0x00, 0x00, 0x00, 0x00, 0x00, 0x80, 0xe7, 0x00, 0x00,
    0x00, 0x00, 0x00, 0x00, 0x48, 0x26, 0x01, 0x00, 0x00, 0x00, 0x00, 0x00,
    0x08, 0x00, 0x00, 0x00, 0x00, 0x00, 0x00, 0x00, 0x22, 0xd5, 0x00, 0x00,
    0x00, 0x00, 0x00, 0x00, 0x50, 0x26, 0x01, 0x00, 0x00, 0x00, 0x00, 0x00,
    0x08, 0x00, 0x00, 0x00, 0x00, 0x00, 0x00, 0x00, 0x3b, 0xd5, 0x00, 0x00,
    0x00, 0x00, 0x00, 0x00, 0x58, 0x26, 0x01, 0x00, 0x00, 0x00, 0x00, 0x00,
    0x08, 0x00, 0x00, 0x00, 0x00, 0x00, 0x00, 0x00, 0xb0, 0xe7, 0x00, 0x00,
    0x00, 0x00, 0x00, 0x00, 0x60, 0x26, 0x01, 0x00, 0x00, 0x00, 0x00, 0x00,
    0x08, 0x00, 0x00, 0x00, 0x00, 0x00, 0x00, 0x00, 0xf8, 0xe7, 0x00, 0x00,
    0x00, 0x00, 0x00, 0x00, 0x68, 0x26, 0x01, 0x00, 0x00, 0x00, 0x00, 0x00,
    0x08, 0x00, 0x00, 0x00, 0x00, 0x00, 0x00, 0x00, 0x50, 0xe8, 0x00, 0x00,
    0x00, 0x00, 0x00, 0x00, 0x70, 0x26, 0x01, 0x00, 0x00, 0x00, 0x00, 0x00,
    0x08, 0x00, 0x00, 0x00, 0x00, 0x00, 0x00, 0x00, 0x88, 0xe8, 0x00, 0x00,
    0x00, 0x00, 0x00, 0x00, 0x78, 0x26, 0x01, 0x00, 0x00, 0x00, 0x00, 0x00,
    0x08, 0x00, 0x00, 0x00, 0x00, 0x00, 0x00, 0x00, 0xb8, 0xe8, 0x00, 0x00,
    0x00, 0x00, 0x00, 0x00, 0x80, 0x26, 0x01, 0x00, 0x00, 0x00, 0x00, 0x00,
    0x08, 0x00, 0x00, 0x00, 0x00, 0x00, 0x00, 0x00, 0x18, 0xe9, 0x00, 0x00,
    0x00, 0x00, 0x00, 0x00, 0x88, 0x26, 0x01, 0x00, 0x00, 0x00, 0x00, 0x00,
    0x08, 0x00, 0x00, 0x00, 0x00, 0x00, 0x00, 0x00, 0x4e, 0xd5, 0x00, 0x00,
    0x00, 0x00, 0x00, 0x00, 0x90, 0x26, 0x01, 0x00, 0x00, 0x00, 0x00, 0x00,
    0x08, 0x00, 0x00, 0x00, 0x00, 0x00, 0x00, 0x00, 0x5a, 0xd5, 0x00, 0x00,
    0x00, 0x00, 0x00, 0x00, 0x98, 0x26, 0x01, 0x00, 0x00, 0x00, 0x00, 0x00,
    0x08, 0x00, 0x00, 0x00, 0x00, 0x00, 0x00, 0x00, 0x68, 0xe9, 0x00, 0x00,
    0x00, 0x00, 0x00, 0x00, 0xa0, 0x26, 0x01, 0x00, 0x00, 0x00, 0x00, 0x00,
    0x08, 0x00, 0x00, 0x00, 0x00, 0x00, 0x00, 0x00, 0xc8, 0xe9, 0x00, 0x00,
    0x00, 0x00, 0x00, 0x00, 0xa8, 0x26, 0x01, 0x00, 0x00, 0x00, 0x00, 0x00,
    0x08, 0x00, 0x00, 0x00, 0x00, 0x00, 0x00, 0x00, 0x66, 0xd5, 0x00, 0x00,
    0x00, 0x00, 0x00, 0x00, 0xb0, 0x26, 0x01, 0x00, 0x00, 0x00, 0x00, 0x00,
    0x08, 0x00, 0x00, 0x00, 0x00, 0x00, 0x00, 0x00, 0x30, 0xea, 0x00, 0x00,
    0x00, 0x00, 0x00, 0x00, 0xb8, 0x26, 0x01, 0x00, 0x00, 0x00, 0x00, 0x00,
    0x08, 0x00, 0x00, 0x00, 0x00, 0x00, 0x00, 0x00, 0x7a, 0xd5, 0x00, 0x00,
    0x00, 0x00, 0x00, 0x00, 0xc0, 0x26, 0x01, 0x00, 0x00, 0x00, 0x00, 0x00,
    0x08, 0x00, 0x00, 0x00, 0x00, 0x00, 0x00, 0x00, 0x78, 0xea, 0x00, 0x00,
    0x00, 0x00, 0x00, 0x00, 0xc8, 0x26, 0x01, 0x00, 0x00, 0x00, 0x00, 0x00,
    0x08, 0x00, 0x00, 0x00, 0x00, 0x00, 0x00, 0x00, 0xa0, 0xea, 0x00, 0x00,
    0x00, 0x00, 0x00, 0x00, 0xd0, 0x26, 0x01, 0x00, 0x00, 0x00, 0x00, 0x00,
    0x08, 0x00, 0x00, 0x00, 0x00, 0x00, 0x00, 0x00, 0xd0, 0xea, 0x00, 0x00,
    0x00, 0x00, 0x00, 0x00, 0xd8, 0x26, 0x01, 0x00, 0x00, 0x00, 0x00, 0x00,
    0x08, 0x00, 0x00, 0x00, 0x00, 0x00, 0x00, 0x00, 0x08, 0xeb, 0x00, 0x00,
    0x00, 0x00, 0x00, 0x00, 0xe0, 0x26, 0x01, 0x00, 0x00, 0x00, 0x00, 0x00,
    0x08, 0x00, 0x00, 0x00, 0x00, 0x00, 0x00, 0x00, 0x48, 0xeb, 0x00, 0x00,
    0x00, 0x00, 0x00, 0x00, 0xe8, 0x26, 0x01, 0x00, 0x00, 0x00, 0x00, 0x00,
    0x08, 0x00, 0x00, 0x00, 0x00, 0x00, 0x00, 0x00, 0x68, 0xeb, 0x00, 0x00,
    0x00, 0x00, 0x00, 0x00, 0xf0, 0x26, 0x01, 0x00, 0x00, 0x00, 0x00, 0x00,
    0x08, 0x00, 0x00, 0x00, 0x00, 0x00, 0x00, 0x00, 0x88, 0xeb, 0x00, 0x00,
    0x00, 0x00, 0x00, 0x00, 0xf8, 0x26, 0x01, 0x00, 0x00, 0x00, 0x00, 0x00,
    0x08, 0x00, 0x00, 0x00, 0x00, 0x00, 0x00, 0x00, 0xa8, 0xeb, 0x00, 0x00,
    0x00, 0x00, 0x00, 0x00, 0x00, 0x27, 0x01, 0x00, 0x00, 0x00, 0x00, 0x00,
    0x08, 0x00, 0x00, 0x00, 0x00, 0x00, 0x00, 0x00, 0x97, 0xd5, 0x00, 0x00,
    0x00, 0x00, 0x00, 0x00, 0x08, 0x27, 0x01, 0x00, 0x00, 0x00, 0x00, 0x00,
    0x08, 0x00, 0x00, 0x00, 0x00, 0x00, 0x00, 0x00, 0x60, 0xee, 0x00, 0x00,
    0x00, 0x00, 0x00, 0x00, 0x10, 0x27, 0x01, 0x00, 0x00, 0x00, 0x00, 0x00,
    0x08, 0x00, 0x00, 0x00, 0x00, 0x00, 0x00, 0x00, 0xe8, 0xee, 0x00, 0x00,
    0x00, 0x00, 0x00, 0x00, 0x20, 0x27, 0x01, 0x00, 0x00, 0x00, 0x00, 0x00,
    0x08, 0x00, 0x00, 0x00, 0x00, 0x00, 0x00, 0x00, 0x10, 0xef, 0x00, 0x00,
    0x00, 0x00, 0x00, 0x00, 0x28, 0x27, 0x01, 0x00, 0x00, 0x00, 0x00, 0x00,
    0x08, 0x00, 0x00, 0x00, 0x00, 0x00, 0x00, 0x00, 0x48, 0xef, 0x00, 0x00,
    0x00, 0x00, 0x00, 0x00, 0x30, 0x27, 0x01, 0x00, 0x00, 0x00, 0x00, 0x00,
    0x08, 0x00, 0x00, 0x00, 0x00, 0x00, 0x00, 0x00, 0x70, 0xef, 0x00, 0x00,
    0x00, 0x00, 0x00, 0x00, 0x38, 0x27, 0x01, 0x00, 0x00, 0x00, 0x00, 0x00,
    0x08, 0x00, 0x00, 0x00, 0x00, 0x00, 0x00, 0x00, 0xb8, 0xef, 0x00, 0x00,
    0x00, 0x00, 0x00, 0x00, 0x40, 0x27, 0x01, 0x00, 0x00, 0x00, 0x00, 0x00,
    0x08, 0x00, 0x00, 0x00, 0x00, 0x00, 0x00, 0x00, 0xf8, 0xef, 0x00, 0x00,
    0x00, 0x00, 0x00, 0x00, 0x48, 0x27, 0x01, 0x00, 0x00, 0x00, 0x00, 0x00,
    0x08, 0x00, 0x00, 0x00, 0x00, 0x00, 0x00, 0x00, 0x20, 0xf0, 0x00, 0x00,
    0x00, 0x00, 0x00, 0x00, 0x50, 0x27, 0x01, 0x00, 0x00, 0x00, 0x00, 0x00,
    0x08, 0x00, 0x00, 0x00, 0x00, 0x00, 0x00, 0x00, 0xb5, 0xd5, 0x00, 0x00,
    0x00, 0x00, 0x00, 0x00, 0x58, 0x27, 0x01, 0x00, 0x00, 0x00, 0x00, 0x00,
    0x08, 0x00, 0x00, 0x00, 0x00, 0x00, 0x00, 0x00, 0x50, 0xf0, 0x00, 0x00,
    0x00, 0x00, 0x00, 0x00, 0x60, 0x27, 0x01, 0x00, 0x00, 0x00, 0x00, 0x00,
    0x08, 0x00, 0x00, 0x00, 0x00, 0x00, 0x00, 0x00, 0x90, 0xf0, 0x00, 0x00,
    0x00, 0x00, 0x00, 0x00, 0x68, 0x27, 0x01, 0x00, 0x00, 0x00, 0x00, 0x00,
    0x08, 0x00, 0x00, 0x00, 0x00, 0x00, 0x00, 0x00, 0xd1, 0xd5, 0x00, 0x00,
    0x00, 0x00, 0x00, 0x00, 0x70, 0x27, 0x01, 0x00, 0x00, 0x00, 0x00, 0x00,
    0x08, 0x00, 0x00, 0x00, 0x00, 0x00, 0x00, 0x00, 0xe4, 0xd5, 0x00, 0x00,
    0x00, 0x00, 0x00, 0x00, 0x78, 0x27, 0x01, 0x00, 0x00, 0x00, 0x00, 0x00,
    0x08, 0x00, 0x00, 0x00, 0x00, 0x00, 0x00, 0x00, 0xb8, 0xf0, 0x00, 0x00,
    0x00, 0x00, 0x00, 0x00, 0x80, 0x27, 0x01, 0x00, 0x00, 0x00, 0x00, 0x00,
    0x08, 0x00, 0x00, 0x00, 0x00, 0x00, 0x00, 0x00, 0xe8, 0xf0, 0x00, 0x00,
    0x00, 0x00, 0x00, 0x00, 0x88, 0x27, 0x01, 0x00, 0x00, 0x00, 0x00, 0x00,
    0x08, 0x00, 0x00, 0x00, 0x00, 0x00, 0x00, 0x00, 0x28, 0xf1, 0x00, 0x00,
    0x00, 0x00, 0x00, 0x00, 0x90, 0x27, 0x01, 0x00, 0x00, 0x00, 0x00, 0x00,
    0x08, 0x00, 0x00, 0x00, 0x00, 0x00, 0x00, 0x00, 0xf4, 0xd5, 0x00, 0x00,
    0x00, 0x00, 0x00, 0x00, 0x98, 0x27, 0x01, 0x00, 0x00, 0x00, 0x00, 0x00,
    0x08, 0x00, 0x00, 0x00, 0x00, 0x00, 0x00, 0x00, 0x50, 0xf1, 0x00, 0x00,
    0x00, 0x00, 0x00, 0x00, 0xa0, 0x27, 0x01, 0x00, 0x00, 0x00, 0x00, 0x00,
    0x08, 0x00, 0x00, 0x00, 0x00, 0x00, 0x00, 0x00, 0x88, 0xf1, 0x00, 0x00,
    0x00, 0x00, 0x00, 0x00, 0xa8, 0x27, 0x01, 0x00, 0x00, 0x00, 0x00, 0x00,
    0x08, 0x00, 0x00, 0x00, 0x00, 0x00, 0x00, 0x00, 0x0b, 0xd6, 0x00, 0x00,
    0x00, 0x00, 0x00, 0x00, 0xb0, 0x27, 0x01, 0x00, 0x00, 0x00, 0x00, 0x00,
    0x08, 0x00, 0x00, 0x00, 0x00, 0x00, 0x00, 0x00, 0x17, 0xd6, 0x00, 0x00,
    0x00, 0x00, 0x00, 0x00, 0xb8, 0x27, 0x01, 0x00, 0x00, 0x00, 0x00, 0x00,
    0x08, 0x00, 0x00, 0x00, 0x00, 0x00, 0x00, 0x00, 0xd0, 0xf1, 0x00, 0x00,
    0x00, 0x00, 0x00, 0x00, 0xc0, 0x27, 0x01, 0x00, 0x00, 0x00, 0x00, 0x00,
    0x08, 0x00, 0x00, 0x00, 0x00, 0x00, 0x00, 0x00, 0x18, 0xf2, 0x00, 0x00,
    0x00, 0x00, 0x00, 0x00, 0xc8, 0x27, 0x01, 0x00, 0x00, 0x00, 0x00, 0x00,
    0x08, 0x00, 0x00, 0x00, 0x00, 0x00, 0x00, 0x00, 0x23, 0xd6, 0x00, 0x00,
    0x00, 0x00, 0x00, 0x00, 0xd0, 0x27, 0x01, 0x00, 0x00, 0x00, 0x00, 0x00,
    0x08, 0x00, 0x00, 0x00, 0x00, 0x00, 0x00, 0x00, 0x60, 0xf2, 0x00, 0x00,
    0x00, 0x00, 0x00, 0x00, 0xd8, 0x27, 0x01, 0x00, 0x00, 0x00, 0x00, 0x00,
    0x08, 0x00, 0x00, 0x00, 0x00, 0x00, 0x00, 0x00, 0x35, 0xd6, 0x00, 0x00,
    0x00, 0x00, 0x00, 0x00, 0xe0, 0x27, 0x01, 0x00, 0x00, 0x00, 0x00, 0x00,
    0x08, 0x00, 0x00, 0x00, 0x00, 0x00, 0x00, 0x00, 0x4f, 0xd6, 0x00, 0x00,
    0x00, 0x00, 0x00, 0x00, 0xe8, 0x27, 0x01, 0x00, 0x00, 0x00, 0x00, 0x00,
    0x08, 0x00, 0x00, 0x00, 0x00, 0x00, 0x00, 0x00, 0xa8, 0xf2, 0x00, 0x00,
    0x00, 0x00, 0x00, 0x00, 0xf0, 0x27, 0x01, 0x00, 0x00, 0x00, 0x00, 0x00,
    0x08, 0x00, 0x00, 0x00, 0x00, 0x00, 0x00, 0x00, 0x5c, 0xd6, 0x00, 0x00,
    0x00, 0x00, 0x00, 0x00, 0xf8, 0x27, 0x01, 0x00, 0x00, 0x00, 0x00, 0x00,
    0x08, 0x00, 0x00, 0x00, 0x00, 0x00, 0x00, 0x00, 0xd0, 0xf2, 0x00, 0x00,
    0x00, 0x00, 0x00, 0x00, 0x00, 0x28, 0x01, 0x00, 0x00, 0x00, 0x00, 0x00,
    0x08, 0x00, 0x00, 0x00, 0x00, 0x00, 0x00, 0x00, 0x77, 0xd6, 0x00, 0x00,
    0x00, 0x00, 0x00, 0x00, 0x08, 0x28, 0x01, 0x00, 0x00, 0x00, 0x00, 0x00,
    0x08, 0x00, 0x00, 0x00, 0x00, 0x00, 0x00, 0x00, 0x93, 0xd6, 0x00, 0x00,
    0x00, 0x00, 0x00, 0x00, 0x10, 0x28, 0x01, 0x00, 0x00, 0x00, 0x00, 0x00,
    0x08, 0x00, 0x00, 0x00, 0x00, 0x00, 0x00, 0x00, 0xaf, 0xd6, 0x00, 0x00,
    0x00, 0x00, 0x00, 0x00, 0x18, 0x28, 0x01, 0x00, 0x00, 0x00, 0x00, 0x00,
    0x08, 0x00, 0x00, 0x00, 0x00, 0x00, 0x00, 0x00, 0xf8, 0xf2, 0x00, 0x00,
    0x00, 0x00, 0x00, 0x00, 0x20, 0x28, 0x01, 0x00, 0x00, 0x00, 0x00, 0x00,
    0x08, 0x00, 0x00, 0x00, 0x00, 0x00, 0x00, 0x00, 0xcb, 0xd6, 0x00, 0x00,
    0x00, 0x00, 0x00, 0x00, 0x28, 0x28, 0x01, 0x00, 0x00, 0x00, 0x00, 0x00,
    0x08, 0x00, 0x00, 0x00, 0x00, 0x00, 0x00, 0x00, 0xe8, 0xf4, 0x00, 0x00,
    0x00, 0x00, 0x00, 0x00, 0x30, 0x28, 0x01, 0x00, 0x00, 0x00, 0x00, 0x00,
    0x08, 0x00, 0x00, 0x00, 0x00, 0x00, 0x00, 0x00, 0xdd, 0xd6, 0x00, 0x00,
    0x00, 0x00, 0x00, 0x00, 0x40, 0x28, 0x01, 0x00, 0x00, 0x00, 0x00, 0x00,
    0x08, 0x00, 0x00, 0x00, 0x00, 0x00, 0x00, 0x00, 0x40, 0xf5, 0x00, 0x00,
    0x00, 0x00, 0x00, 0x00, 0x48, 0x28, 0x01, 0x00, 0x00, 0x00, 0x00, 0x00,
    0x08, 0x00, 0x00, 0x00, 0x00, 0x00, 0x00, 0x00, 0x78, 0xf5, 0x00, 0x00,
    0x00, 0x00, 0x00, 0x00, 0x50, 0x28, 0x01, 0x00, 0x00, 0x00, 0x00, 0x00,
    0x08, 0x00, 0x00, 0x00, 0x00, 0x00, 0x00, 0x00, 0xa0, 0xf5, 0x00, 0x00,
    0x00, 0x00, 0x00, 0x00, 0x58, 0x28, 0x01, 0x00, 0x00, 0x00, 0x00, 0x00,
    0x08, 0x00, 0x00, 0x00, 0x00, 0x00, 0x00, 0x00, 0xe8, 0xf5, 0x00, 0x00,
    0x00, 0x00, 0x00, 0x00, 0x60, 0x28, 0x01, 0x00, 0x00, 0x00, 0x00, 0x00,
    0x08, 0x00, 0x00, 0x00, 0x00, 0x00, 0x00, 0x00, 0x28, 0xf6, 0x00, 0x00,
    0x00, 0x00, 0x00, 0x00, 0x68, 0x28, 0x01, 0x00, 0x00, 0x00, 0x00, 0x00,
    0x08, 0x00, 0x00, 0x00, 0x00, 0x00, 0x00, 0x00, 0x50, 0xf6, 0x00, 0x00,
    0x00, 0x00, 0x00, 0x00, 0x70, 0x28, 0x01, 0x00, 0x00, 0x00, 0x00, 0x00,
    0x08, 0x00, 0x00, 0x00, 0x00, 0x00, 0x00, 0x00, 0xf3, 0xd6, 0x00, 0x00,
    0x00, 0x00, 0x00, 0x00, 0x78, 0x28, 0x01, 0x00, 0x00, 0x00, 0x00, 0x00,
    0x08, 0x00, 0x00, 0x00, 0x00, 0x00, 0x00, 0x00, 0x80, 0xf6, 0x00, 0x00,
    0x00, 0x00, 0x00, 0x00, 0x80, 0x28, 0x01, 0x00, 0x00, 0x00, 0x00, 0x00,
    0x08, 0x00, 0x00, 0x00, 0x00, 0x00, 0x00, 0x00, 0xc0, 0xf6, 0x00, 0x00,
    0x00, 0x00, 0x00, 0x00, 0x88, 0x28, 0x01, 0x00, 0x00, 0x00, 0x00, 0x00,
    0x08, 0x00, 0x00, 0x00, 0x00, 0x00, 0x00, 0x00, 0x0f, 0xd7, 0x00, 0x00,
    0x00, 0x00, 0x00, 0x00, 0x90, 0x28, 0x01, 0x00, 0x00, 0x00, 0x00, 0x00,
    0x08, 0x00, 0x00, 0x00, 0x00, 0x00, 0x00, 0x00, 0x1c, 0xd7, 0x00, 0x00,
    0x00, 0x00, 0x00, 0x00, 0x98, 0x28, 0x01, 0x00, 0x00, 0x00, 0x00, 0x00,
    0x08, 0x00, 0x00, 0x00, 0x00, 0x00, 0x00, 0x00, 0xe8, 0xf6, 0x00, 0x00,
    0x00, 0x00, 0x00, 0x00, 0xa0, 0x28, 0x01, 0x00, 0x00, 0x00, 0x00, 0x00,
    0x08, 0x00, 0x00, 0x00, 0x00, 0x00, 0x00, 0x00, 0x18, 0xf7, 0x00, 0x00,
    0x00, 0x00, 0x00, 0x00, 0xa8, 0x28, 0x01, 0x00, 0x00, 0x00, 0x00, 0x00,
    0x08, 0x00, 0x00, 0x00, 0x00, 0x00, 0x00, 0x00, 0x58, 0xf7, 0x00, 0x00,
    0x00, 0x00, 0x00, 0x00, 0xb0, 0x28, 0x01, 0x00, 0x00, 0x00, 0x00, 0x00,
    0x08, 0x00, 0x00, 0x00, 0x00, 0x00, 0x00, 0x00, 0x2c, 0xd7, 0x00, 0x00,
    0x00, 0x00, 0x00, 0x00, 0xb8, 0x28, 0x01, 0x00, 0x00, 0x00, 0x00, 0x00,
    0x08, 0x00, 0x00, 0x00, 0x00, 0x00, 0x00, 0x00, 0x80, 0xf7, 0x00, 0x00,
    0x00, 0x00, 0x00, 0x00, 0xc0, 0x28, 0x01, 0x00, 0x00, 0x00, 0x00, 0x00,
    0x08, 0x00, 0x00, 0x00, 0x00, 0x00, 0x00, 0x00, 0xb0, 0xf7, 0x00, 0x00,
    0x00, 0x00, 0x00, 0x00, 0xc8, 0x28, 0x01, 0x00, 0x00, 0x00, 0x00, 0x00,
    0x08, 0x00, 0x00, 0x00, 0x00, 0x00, 0x00, 0x00, 0x0b, 0xd6, 0x00, 0x00,
    0x00, 0x00, 0x00, 0x00, 0xd0, 0x28, 0x01, 0x00, 0x00, 0x00, 0x00, 0x00,
    0x08, 0x00, 0x00, 0x00, 0x00, 0x00, 0x00, 0x00, 0x17, 0xd6, 0x00, 0x00,
    0x00, 0x00, 0x00, 0x00, 0xd8, 0x28, 0x01, 0x00, 0x00, 0x00, 0x00, 0x00,
    0x08, 0x00, 0x00, 0x00, 0x00, 0x00, 0x00, 0x00, 0xf8, 0xf7, 0x00, 0x00,
    0x00, 0x00, 0x00, 0x00, 0xe0, 0x28, 0x01, 0x00, 0x00, 0x00, 0x00, 0x00,
    0x08, 0x00, 0x00, 0x00, 0x00, 0x00, 0x00, 0x00, 0x40, 0xf8, 0x00, 0x00,
    0x00, 0x00, 0x00, 0x00, 0xe8, 0x28, 0x01, 0x00, 0x00, 0x00, 0x00, 0x00,
    0x08, 0x00, 0x00, 0x00, 0x00, 0x00, 0x00, 0x00, 0x43, 0xd7, 0x00, 0x00,
    0x00, 0x00, 0x00, 0x00, 0xf0, 0x28, 0x01, 0x00, 0x00, 0x00, 0x00, 0x00,
    0x08, 0x00, 0x00, 0x00, 0x00, 0x00, 0x00, 0x00, 0x80, 0xf8, 0x00, 0x00,
    0x00, 0x00, 0x00, 0x00, 0xf8, 0x28, 0x01, 0x00, 0x00, 0x00, 0x00, 0x00,
    0x08, 0x00, 0x00, 0x00, 0x00, 0x00, 0x00, 0x00, 0x55, 0xd7, 0x00, 0x00,
    0x00, 0x00, 0x00, 0x00, 0x00, 0x29, 0x01, 0x00, 0x00, 0x00, 0x00, 0x00,
    0x08, 0x00, 0x00, 0x00, 0x00, 0x00, 0x00, 0x00, 0x6f, 0xd7, 0x00, 0x00,
    0x00, 0x00, 0x00, 0x00, 0x08, 0x29, 0x01, 0x00, 0x00, 0x00, 0x00, 0x00,
    0x08, 0x00, 0x00, 0x00, 0x00, 0x00, 0x00, 0x00, 0xc8, 0xf8, 0x00, 0x00,
    0x00, 0x00, 0x00, 0x00, 0x10, 0x29, 0x01, 0x00, 0x00, 0x00, 0x00, 0x00,
    0x08, 0x00, 0x00, 0x00, 0x00, 0x00, 0x00, 0x00, 0x7c, 0xd7, 0x00, 0x00,
    0x00, 0x00, 0x00, 0x00, 0x18, 0x29, 0x01, 0x00, 0x00, 0x00, 0x00, 0x00,
    0x08, 0x00, 0x00, 0x00, 0x00, 0x00, 0x00, 0x00, 0xf0, 0xf8, 0x00, 0x00,
    0x00, 0x00, 0x00, 0x00, 0x20, 0x29, 0x01, 0x00, 0x00, 0x00, 0x00, 0x00,
    0x08, 0x00, 0x00, 0x00, 0x00, 0x00, 0x00, 0x00, 0x97, 0xd7, 0x00, 0x00,
    0x00, 0x00, 0x00, 0x00, 0x28, 0x29, 0x01, 0x00, 0x00, 0x00, 0x00, 0x00,
    0x08, 0x00, 0x00, 0x00, 0x00, 0x00, 0x00, 0x00, 0xb3, 0xd7, 0x00, 0x00,
    0x00, 0x00, 0x00, 0x00, 0x30, 0x29, 0x01, 0x00, 0x00, 0x00, 0x00, 0x00,
    0x08, 0x00, 0x00, 0x00, 0x00, 0x00, 0x00, 0x00, 0xcf, 0xd7, 0x00, 0x00,
    0x00, 0x00, 0x00, 0x00, 0x38, 0x29, 0x01, 0x00, 0x00, 0x00, 0x00, 0x00,
    0x08, 0x00, 0x00, 0x00, 0x00, 0x00, 0x00, 0x00, 0x18, 0xf9, 0x00, 0x00,
    0x00, 0x00, 0x00, 0x00, 0x40, 0x29, 0x01, 0x00, 0x00, 0x00, 0x00, 0x00,
    0x08, 0x00, 0x00, 0x00, 0x00, 0x00, 0x00, 0x00, 0xeb, 0xd7, 0x00, 0x00,
    0x00, 0x00, 0x00, 0x00, 0x48, 0x29, 0x01, 0x00, 0x00, 0x00, 0x00, 0x00,
    0x08, 0x00, 0x00, 0x00, 0x00, 0x00, 0x00, 0x00, 0x00, 0xfb, 0x00, 0x00,
    0x00, 0x00, 0x00, 0x00, 0x50, 0x29, 0x01, 0x00, 0x00, 0x00, 0x00, 0x00,
    0x08, 0x00, 0x00, 0x00, 0x00, 0x00, 0x00, 0x00, 0xfd, 0xd7, 0x00, 0x00,
    0x00, 0x00, 0x00, 0x00, 0x60, 0x29, 0x01, 0x00, 0x00, 0x00, 0x00, 0x00,
    0x08, 0x00, 0x00, 0x00, 0x00, 0x00, 0x00, 0x00, 0x50, 0xfb, 0x00, 0x00,
    0x00, 0x00, 0x00, 0x00, 0x68, 0x29, 0x01, 0x00, 0x00, 0x00, 0x00, 0x00,
    0x08, 0x00, 0x00, 0x00, 0x00, 0x00, 0x00, 0x00, 0x13, 0xd8, 0x00, 0x00,
    0x00, 0x00, 0x00, 0x00, 0x70, 0x29, 0x01, 0x00, 0x00, 0x00, 0x00, 0x00,
    0x08, 0x00, 0x00, 0x00, 0x00, 0x00, 0x00, 0x00, 0x80, 0xfb, 0x00, 0x00,
    0x00, 0x00, 0x00, 0x00, 0x78, 0x29, 0x01, 0x00, 0x00, 0x00, 0x00, 0x00,
    0x08, 0x00, 0x00, 0x00, 0x00, 0x00, 0x00, 0x00, 0xc0, 0xfb, 0x00, 0x00,
    0x00, 0x00, 0x00, 0x00, 0x80, 0x29, 0x01, 0x00, 0x00, 0x00, 0x00, 0x00,
    0x08, 0x00, 0x00, 0x00, 0x00, 0x00, 0x00, 0x00, 0x30, 0xd8, 0x00, 0x00,
    0x00, 0x00, 0x00, 0x00, 0x88, 0x29, 0x01, 0x00, 0x00, 0x00, 0x00, 0x00,
    0x08, 0x00, 0x00, 0x00, 0x00, 0x00, 0x00, 0x00, 0x48, 0xd8, 0x00, 0x00,
    0x00, 0x00, 0x00, 0x00, 0x90, 0x29, 0x01, 0x00, 0x00, 0x00, 0x00, 0x00,
    0x08, 0x00, 0x00, 0x00, 0x00, 0x00, 0x00, 0x00, 0x61, 0xd8, 0x00, 0x00,
    0x00, 0x00, 0x00, 0x00, 0x98, 0x29, 0x01, 0x00, 0x00, 0x00, 0x00, 0x00,
    0x08, 0x00, 0x00, 0x00, 0x00, 0x00, 0x00, 0x00, 0xf8, 0xfb, 0x00, 0x00,
    0x00, 0x00, 0x00, 0x00, 0xa0, 0x29, 0x01, 0x00, 0x00, 0x00, 0x00, 0x00,
    0x08, 0x00, 0x00, 0x00, 0x00, 0x00, 0x00, 0x00, 0x30, 0xfc, 0x00, 0x00,
    0x00, 0x00, 0x00, 0x00, 0xa8, 0x29, 0x01, 0x00, 0x00, 0x00, 0x00, 0x00,
    0x08, 0x00, 0x00, 0x00, 0x00, 0x00, 0x00, 0x00, 0x7f, 0xd8, 0x00, 0x00,
    0x00, 0x00, 0x00, 0x00, 0xb0, 0x29, 0x01, 0x00, 0x00, 0x00, 0x00, 0x00,
    0x08, 0x00, 0x00, 0x00, 0x00, 0x00, 0x00, 0x00, 0x8d, 0xd8, 0x00, 0x00,
    0x00, 0x00, 0x00, 0x00, 0xb8, 0x29, 0x01, 0x00, 0x00, 0x00, 0x00, 0x00,
    0x08, 0x00, 0x00, 0x00, 0x00, 0x00, 0x00, 0x00, 0x60, 0xfc, 0x00, 0x00,
    0x00, 0x00, 0x00, 0x00, 0xc0, 0x29, 0x01, 0x00, 0x00, 0x00, 0x00, 0x00,
    0x08, 0x00, 0x00, 0x00, 0x00, 0x00, 0x00, 0x00, 0x98, 0xfc, 0x00, 0x00,
    0x00, 0x00, 0x00, 0x00, 0xc8, 0x29, 0x01, 0x00, 0x00, 0x00, 0x00, 0x00,
    0x08, 0x00, 0x00, 0x00, 0x00, 0x00, 0x00, 0x00, 0xe0, 0xfc, 0x00, 0x00,
    0x00, 0x00, 0x00, 0x00, 0xd0, 0x29, 0x01, 0x00, 0x00, 0x00, 0x00, 0x00,
    0x08, 0x00, 0x00, 0x00, 0x00, 0x00, 0x00, 0x00, 0x9e, 0xd8, 0x00, 0x00,
    0x00, 0x00, 0x00, 0x00, 0xd8, 0x29, 0x01, 0x00, 0x00, 0x00, 0x00, 0x00,
    0x08, 0x00, 0x00, 0x00, 0x00, 0x00, 0x00, 0x00, 0x10, 0xfd, 0x00, 0x00,
    0x00, 0x00, 0x00, 0x00, 0xe0, 0x29, 0x01, 0x00, 0x00, 0x00, 0x00, 0x00,
    0x08, 0x00, 0x00, 0x00, 0x00, 0x00, 0x00, 0x00, 0x48, 0xfd, 0x00, 0x00,
    0x00, 0x00, 0x00, 0x00, 0xe8, 0x29, 0x01, 0x00, 0x00, 0x00, 0x00, 0x00,
    0x08, 0x00, 0x00, 0x00, 0x00, 0x00, 0x00, 0x00, 0xb1, 0xd8, 0x00, 0x00,
    0x00, 0x00, 0x00, 0x00, 0xf0, 0x29, 0x01, 0x00, 0x00, 0x00, 0x00, 0x00,
    0x08, 0x00, 0x00, 0x00, 0x00, 0x00, 0x00, 0x00, 0xbf, 0xd8, 0x00, 0x00,
    0x00, 0x00, 0x00, 0x00, 0xf8, 0x29, 0x01, 0x00, 0x00, 0x00, 0x00, 0x00,
    0x08, 0x00, 0x00, 0x00, 0x00, 0x00, 0x00, 0x00, 0x90, 0xfd, 0x00, 0x00,
    0x00, 0x00, 0x00, 0x00, 0x00, 0x2a, 0x01, 0x00, 0x00, 0x00, 0x00, 0x00,
    0x08, 0x00, 0x00, 0x00, 0x00, 0x00, 0x00, 0x00, 0xd0, 0xfd, 0x00, 0x00,
    0x00, 0x00, 0x00, 0x00, 0x08, 0x2a, 0x01, 0x00, 0x00, 0x00, 0x00, 0x00,
    0x08, 0x00, 0x00, 0x00, 0x00, 0x00, 0x00, 0x00, 0xcd, 0xd8, 0x00, 0x00,
    0x00, 0x00, 0x00, 0x00, 0x10, 0x2a, 0x01, 0x00, 0x00, 0x00, 0x00, 0x00,
    0x08, 0x00, 0x00, 0x00, 0x00, 0x00, 0x00, 0x00, 0x08, 0xfe, 0x00, 0x00,
    0x00, 0x00, 0x00, 0x00, 0x18, 0x2a, 0x01, 0x00, 0x00, 0x00, 0x00, 0x00,
    0x08, 0x00, 0x00, 0x00, 0x00, 0x00, 0x00, 0x00, 0xdb, 0xd8, 0x00, 0x00,
    0x00, 0x00, 0x00, 0x00, 0x20, 0x2a, 0x01, 0x00, 0x00, 0x00, 0x00, 0x00,
    0x08, 0x00, 0x00, 0x00, 0x00, 0x00, 0x00, 0x00, 0xf2, 0xd8, 0x00, 0x00,
    0x00, 0x00, 0x00, 0x00, 0x28, 0x2a, 0x01, 0x00, 0x00, 0x00, 0x00, 0x00,
    0x08, 0x00, 0x00, 0x00, 0x00, 0x00, 0x00, 0x00, 0x40, 0xfe, 0x00, 0x00,
    0x00, 0x00, 0x00, 0x00, 0x30, 0x2a, 0x01, 0x00, 0x00, 0x00, 0x00, 0x00,
    0x08, 0x00, 0x00, 0x00, 0x00, 0x00, 0x00, 0x00, 0x68, 0xfe, 0x00, 0x00,
    0x00, 0x00, 0x00, 0x00, 0x38, 0x2a, 0x01, 0x00, 0x00, 0x00, 0x00, 0x00,
    0x08, 0x00, 0x00, 0x00, 0x00, 0x00, 0x00, 0x00, 0x90, 0xfe, 0x00, 0x00,
    0x00, 0x00, 0x00, 0x00, 0x40, 0x2a, 0x01, 0x00, 0x00, 0x00, 0x00, 0x00,
    0x08, 0x00, 0x00, 0x00, 0x00, 0x00, 0x00, 0x00, 0x03, 0xd9, 0x00, 0x00,
    0x00, 0x00, 0x00, 0x00, 0x48, 0x2a, 0x01, 0x00, 0x00, 0x00, 0x00, 0x00,
    0x08, 0x00, 0x00, 0x00, 0x00, 0x00, 0x00, 0x00, 0x1f, 0xd9, 0x00, 0x00,
    0x00, 0x00, 0x00, 0x00, 0x50, 0x2a, 0x01, 0x00, 0x00, 0x00, 0x00, 0x00,
    0x08, 0x00, 0x00, 0x00, 0x00, 0x00, 0x00, 0x00, 0x3b, 0xd9, 0x00, 0x00,
    0x00, 0x00, 0x00, 0x00, 0x58, 0x2a, 0x01, 0x00, 0x00, 0x00, 0x00, 0x00,
    0x08, 0x00, 0x00, 0x00, 0x00, 0x00, 0x00, 0x00, 0xc0, 0xfe, 0x00, 0x00,
    0x00, 0x00, 0x00, 0x00, 0x60, 0x2a, 0x01, 0x00, 0x00, 0x00, 0x00, 0x00,
    0x08, 0x00, 0x00, 0x00, 0x00, 0x00, 0x00, 0x00, 0x57, 0xd9, 0x00, 0x00,
    0x00, 0x00, 0x00, 0x00, 0x68, 0x2a, 0x01, 0x00, 0x00, 0x00, 0x00, 0x00,
    0x08, 0x00, 0x00, 0x00, 0x00, 0x00, 0x00, 0x00, 0x98, 0x00, 0x01, 0x00,
    0x00, 0x00, 0x00, 0x00, 0x70, 0x2a, 0x01, 0x00, 0x00, 0x00, 0x00, 0x00,
    0x08, 0x00, 0x00, 0x00, 0x00, 0x00, 0x00, 0x00, 0x6b, 0xd9, 0x00, 0x00,
    0x00, 0x00, 0x00, 0x00, 0x80, 0x2a, 0x01, 0x00, 0x00, 0x00, 0x00, 0x00,
    0x08, 0x00, 0x00, 0x00, 0x00, 0x00, 0x00, 0x00, 0x60, 0x29, 0x01, 0x00,
    0x00, 0x00, 0x00, 0x00, 0x88, 0x2a, 0x01, 0x00, 0x00, 0x00, 0x00, 0x00,
    0x08, 0x00, 0x00, 0x00, 0x00, 0x00, 0x00, 0x00, 0x40, 0x28, 0x01, 0x00,
    0x00, 0x00, 0x00, 0x00, 0x90, 0x2a, 0x01, 0x00, 0x00, 0x00, 0x00, 0x00,
    0x08, 0x00, 0x00, 0x00, 0x00, 0x00, 0x00, 0x00, 0x20, 0x27, 0x01, 0x00,
    0x00, 0x00, 0x00, 0x00, 0x98, 0x2a, 0x01, 0x00, 0x00, 0x00, 0x00, 0x00,
    0x08, 0x00, 0x00, 0x00, 0x00, 0x00, 0x00, 0x00, 0x00, 0x26, 0x01, 0x00,
    0x00, 0x00, 0x00, 0x00, 0xa0, 0x2a, 0x01, 0x00, 0x00, 0x00, 0x00, 0x00,
    0x08, 0x00, 0x00, 0x00, 0x00, 0x00, 0x00, 0x00, 0xe0, 0x24, 0x01, 0x00,
    0x00, 0x00, 0x00, 0x00, 0xc0, 0x2a, 0x01, 0x00, 0x00, 0x00, 0x00, 0x00,
    0x08, 0x00, 0x00, 0x00, 0x00, 0x00, 0x00, 0x00, 0xc1, 0xd1, 0x00, 0x00,
    0x00, 0x00, 0x00, 0x00, 0xc8, 0x2a, 0x01, 0x00, 0x00, 0x00, 0x00, 0x00,
    0x08, 0x00, 0x00, 0x00, 0x00, 0x00, 0x00, 0x00, 0xdf, 0xd2, 0x00, 0x00,
    0x00, 0x00, 0x00, 0x00, 0xd0, 0x2a, 0x01, 0x00, 0x00, 0x00, 0x00, 0x00,
    0x08, 0x00, 0x00, 0x00, 0x00, 0x00, 0x00, 0x00, 0xd9, 0xd2, 0x00, 0x00,
    0x00, 0x00, 0x00, 0x00, 0xd8, 0x2a, 0x01, 0x00, 0x00, 0x00, 0x00, 0x00,
    0x08, 0x00, 0x00, 0x00, 0x00, 0x00, 0x00, 0x00, 0x82, 0xd1, 0x00, 0x00,
    0x00, 0x00, 0x00, 0x00, 0xe0, 0x2a, 0x01, 0x00, 0x00, 0x00, 0x00, 0x00,
    0x08, 0x00, 0x00, 0x00, 0x00, 0x00, 0x00, 0x00, 0x85, 0xd1, 0x00, 0x00,
    0x00, 0x00, 0x00, 0x00, 0x00, 0x2b, 0x01, 0x00, 0x00, 0x00, 0x00, 0x00,
    0x08, 0x00, 0x00, 0x00, 0x00, 0x00, 0x00, 0x00, 0xe8, 0x00, 0x01, 0x00,
    0x00, 0x00, 0x00, 0x00, 0x08, 0x2b, 0x01, 0x00, 0x00, 0x00, 0x00, 0x00,
    0x08, 0x00, 0x00, 0x00, 0x00, 0x00, 0x00, 0x00, 0x20, 0x01, 0x01, 0x00,
    0x00, 0x00, 0x00, 0x00, 0x10, 0x2b, 0x01, 0x00, 0x00, 0x00, 0x00, 0x00,
    0x08, 0x00, 0x00, 0x00, 0x00, 0x00, 0x00, 0x00, 0x58, 0x01, 0x01, 0x00,
    0x00, 0x00, 0x00, 0x00, 0x18, 0x2b, 0x01, 0x00, 0x00, 0x00, 0x00, 0x00,
    0x08, 0x00, 0x00, 0x00, 0x00, 0x00, 0x00, 0x00, 0x98, 0x01, 0x01, 0x00,
    0x00, 0x00, 0x00, 0x00, 0x20, 0x2b, 0x01, 0x00, 0x00, 0x00, 0x00, 0x00,
    0x08, 0x00, 0x00, 0x00, 0x00, 0x00, 0x00, 0x00, 0xc8, 0x01, 0x01, 0x00,
    0x00, 0x00, 0x00, 0x00, 0x08, 0x30, 0x01, 0x00, 0x00, 0x00, 0x00, 0x00,
    0x08, 0x00, 0x00, 0x00, 0x00, 0x00, 0x00, 0x00, 0x08, 0x30, 0x01, 0x00,
    0x00, 0x00, 0x00, 0x00, 0xb8, 0x2f, 0x01, 0x00, 0x00, 0x00, 0x00, 0x00,
    0x06, 0x00, 0x00, 0x00, 0x0e, 0x00, 0x00, 0x00, 0x00, 0x00, 0x00, 0x00,
    0x00, 0x00, 0x00, 0x00, 0xc0, 0x2f, 0x01, 0x00, 0x00, 0x00, 0x00, 0x00,
    0x06, 0x00, 0x00, 0x00, 0x1a, 0x00, 0x00, 0x00, 0x00, 0x00, 0x00, 0x00,
    0x00, 0x00, 0x00, 0x00, 0xc8, 0x2f, 0x01, 0x00, 0x00, 0x00, 0x00, 0x00,
    0x06, 0x00, 0x00, 0x00, 0x1d, 0x00, 0x00, 0x00, 0x00, 0x00, 0x00, 0x00,
    0x00, 0x00, 0x00, 0x00, 0xd0, 0x2f, 0x01, 0x00, 0x00, 0x00, 0x00, 0x00,
    0x06, 0x00, 0x00, 0x00, 0x4e, 0x00, 0x00, 0x00, 0x00, 0x00, 0x00, 0x00,
    0x00, 0x00, 0x00, 0x00, 0xd8, 0x2f, 0x01, 0x00, 0x00, 0x00, 0x00, 0x00,
    0x06, 0x00, 0x00, 0x00, 0x3f, 0x00, 0x00, 0x00, 0x00, 0x00, 0x00, 0x00,
    0x00, 0x00, 0x00, 0x00, 0xe0, 0x2f, 0x01, 0x00, 0x00, 0x00, 0x00, 0x00,
    0x06, 0x00, 0x00, 0x00, 0x4b, 0x00, 0x00, 0x00, 0x00, 0x00, 0x00, 0x00,
    0x00, 0x00, 0x00, 0x00, 0x78, 0x2d, 0x01, 0x00, 0x00, 0x00, 0x00, 0x00,
    0x07, 0x00, 0x00, 0x00, 0x01, 0x00, 0x00, 0x00, 0x00, 0x00, 0x00, 0x00,
    0x00, 0x00, 0x00, 0x00, 0x80, 0x2d, 0x01, 0x00, 0x00, 0x00, 0x00, 0x00,
    0x07, 0x00, 0x00, 0x00, 0x02, 0x00, 0x00, 0x00, 0x00, 0x00, 0x00, 0x00,
    0x00, 0x00, 0x00, 0x00, 0x88, 0x2d, 0x01, 0x00, 0x00, 0x00, 0x00, 0x00,
    0x07, 0x00, 0x00, 0x00, 0x03, 0x00, 0x00, 0x00, 0x00, 0x00, 0x00, 0x00,
    0x00, 0x00, 0x00, 0x00, 0x90, 0x2d, 0x01, 0x00, 0x00, 0x00, 0x00, 0x00,
    0x07, 0x00, 0x00, 0x00, 0x04, 0x00, 0x00, 0x00, 0x00, 0x00, 0x00, 0x00,
    0x00, 0x00, 0x00, 0x00, 0x98, 0x2d, 0x01, 0x00, 0x00, 0x00, 0x00, 0x00,
    0x07, 0x00, 0x00, 0x00, 0x05, 0x00, 0x00, 0x00, 0x00, 0x00, 0x00, 0x00,
    0x00, 0x00, 0x00, 0x00, 0xa0, 0x2d, 0x01, 0x00, 0x00, 0x00, 0x00, 0x00,
    0x07, 0x00, 0x00, 0x00, 0x06, 0x00, 0x00, 0x00, 0x00, 0x00, 0x00, 0x00,
    0x00, 0x00, 0x00, 0x00, 0xa8, 0x2d, 0x01, 0x00, 0x00, 0x00, 0x00, 0x00,
    0x07, 0x00, 0x00, 0x00, 0x07, 0x00, 0x00, 0x00, 0x00, 0x00, 0x00, 0x00,
    0x00, 0x00, 0x00, 0x00, 0xb0, 0x2d, 0x01, 0x00, 0x00, 0x00, 0x00, 0x00,
    0x07, 0x00, 0x00, 0x00, 0x08, 0x00, 0x00, 0x00, 0x00, 0x00, 0x00, 0x00,
    0x00, 0x00, 0x00, 0x00, 0xb8, 0x2d, 0x01, 0x00, 0x00, 0x00, 0x00, 0x00,
    0x07, 0x00, 0x00, 0x00, 0x09, 0x00, 0x00, 0x00, 0x00, 0x00, 0x00, 0x00,
    0x00, 0x00, 0x00, 0x00, 0xc0, 0x2d, 0x01, 0x00, 0x00, 0x00, 0x00, 0x00,
    0x07, 0x00, 0x00, 0x00, 0x0a, 0x00, 0x00, 0x00, 0x00, 0x00, 0x00, 0x00,
    0x00, 0x00, 0x00, 0x00, 0xc8, 0x2d, 0x01, 0x00, 0x00, 0x00, 0x00, 0x00,
    0x07, 0x00, 0x00, 0x00, 0x0b, 0x00, 0x00, 0x00, 0x00, 0x00, 0x00, 0x00,
    0x00, 0x00, 0x00, 0x00, 0xd0, 0x2d, 0x01, 0x00, 0x00, 0x00, 0x00, 0x00,
    0x07, 0x00, 0x00, 0x00, 0x0c, 0x00, 0x00, 0x00, 0x00, 0x00, 0x00, 0x00,
    0x00, 0x00, 0x00, 0x00, 0xd8, 0x2d, 0x01, 0x00, 0x00, 0x00, 0x00, 0x00,
    0x07, 0x00, 0x00, 0x00, 0x0d, 0x00, 0x00, 0x00, 0x00, 0x00, 0x00, 0x00,
    0x00, 0x00, 0x00, 0x00, 0xe0, 0x2d, 0x01, 0x00, 0x00, 0x00, 0x00, 0x00,
    0x07, 0x00, 0x00, 0x00, 0x0f, 0x00, 0x00, 0x00, 0x00, 0x00, 0x00, 0x00,
    0x00, 0x00, 0x00, 0x00, 0xe8, 0x2d, 0x01, 0x00, 0x00, 0x00, 0x00, 0x00,
    0x07, 0x00, 0x00, 0x00, 0x10, 0x00, 0x00, 0x00, 0x00, 0x00, 0x00, 0x00,
    0x00, 0x00, 0x00, 0x00, 0xf0, 0x2d, 0x01, 0x00, 0x00, 0x00, 0x00, 0x00,
    0x07, 0x00, 0x00, 0x00, 0x11, 0x00, 0x00, 0x00, 0x00, 0x00, 0x00, 0x00,
    0x00, 0x00, 0x00, 0x00, 0xf8, 0x2d, 0x01, 0x00, 0x00, 0x00, 0x00, 0x00,
    0x07, 0x00, 0x00, 0x00, 0x12, 0x00, 0x00, 0x00, 0x00, 0x00, 0x00, 0x00,
    0x00, 0x00, 0x00, 0x00, 0x00, 0x2e, 0x01, 0x00, 0x00, 0x00, 0x00, 0x00,
    0x07, 0x00, 0x00, 0x00, 0x13, 0x00, 0x00, 0x00, 0x00, 0x00, 0x00, 0x00,
    0x00, 0x00, 0x00, 0x00, 0x08, 0x2e, 0x01, 0x00, 0x00, 0x00, 0x00, 0x00,
    0x07, 0x00, 0x00, 0x00, 0x14, 0x00, 0x00, 0x00, 0x00, 0x00, 0x00, 0x00,
    0x00, 0x00, 0x00, 0x00, 0x10, 0x2e, 0x01, 0x00, 0x00, 0x00, 0x00, 0x00,
    0x07, 0x00, 0x00, 0x00, 0x15, 0x00, 0x00, 0x00, 0x00, 0x00, 0x00, 0x00,
    0x00, 0x00, 0x00, 0x00, 0x18, 0x2e, 0x01, 0x00, 0x00, 0x00, 0x00, 0x00,
    0x07, 0x00, 0x00, 0x00, 0x16, 0x00, 0x00, 0x00, 0x00, 0x00, 0x00, 0x00,
    0x00, 0x00, 0x00, 0x00, 0x20, 0x2e, 0x01, 0x00, 0x00, 0x00, 0x00, 0x00,
    0x07, 0x00, 0x00, 0x00, 0x17, 0x00, 0x00, 0x00, 0x00, 0x00, 0x00, 0x00,
    0x00, 0x00, 0x00, 0x00, 0x28, 0x2e, 0x01, 0x00, 0x00, 0x00, 0x00, 0x00,
    0x07, 0x00, 0x00, 0x00, 0x18, 0x00, 0x00, 0x00, 0x00, 0x00, 0x00, 0x00,
    0x00, 0x00, 0x00, 0x00, 0x30, 0x2e, 0x01, 0x00, 0x00, 0x00, 0x00, 0x00,
    0x07, 0x00, 0x00, 0x00, 0x19, 0x00, 0x00, 0x00, 0x00, 0x00, 0x00, 0x00,
    0x00, 0x00, 0x00, 0x00, 0x38, 0x2e, 0x01, 0x00, 0x00, 0x00, 0x00, 0x00,
    0x07, 0x00, 0x00, 0x00, 0x1b, 0x00, 0x00, 0x00, 0x00, 0x00, 0x00, 0x00,
    0x00, 0x00, 0x00, 0x00, 0x40, 0x2e, 0x01, 0x00, 0x00, 0x00, 0x00, 0x00,
    0x07, 0x00, 0x00, 0x00, 0x1c, 0x00, 0x00, 0x00, 0x00, 0x00, 0x00, 0x00,
    0x00, 0x00, 0x00, 0x00, 0x48, 0x2e, 0x01, 0x00, 0x00, 0x00, 0x00, 0x00,
    0x07, 0x00, 0x00, 0x00, 0x1e, 0x00, 0x00, 0x00, 0x00, 0x00, 0x00, 0x00,
    0x00, 0x00, 0x00, 0x00, 0x50, 0x2e, 0x01, 0x00, 0x00, 0x00, 0x00, 0x00,
    0x07, 0x00, 0x00, 0x00, 0x1f, 0x00, 0x00, 0x00, 0x00, 0x00, 0x00, 0x00,
    0x00, 0x00, 0x00, 0x00, 0x58, 0x2e, 0x01, 0x00, 0x00, 0x00, 0x00, 0x00,
    0x07, 0x00, 0x00, 0x00, 0x20, 0x00, 0x00, 0x00, 0x00, 0x00, 0x00, 0x00,
    0x00, 0x00, 0x00, 0x00, 0x60, 0x2e, 0x01, 0x00, 0x00, 0x00, 0x00, 0x00,
    0x07, 0x00, 0x00, 0x00, 0x21, 0x00, 0x00, 0x00, 0x00, 0x00, 0x00, 0x00,
    0x00, 0x00, 0x00, 0x00, 0x68, 0x2e, 0x01, 0x00, 0x00, 0x00, 0x00, 0x00,
    0x07, 0x00, 0x00, 0x00, 0x22, 0x00, 0x00, 0x00, 0x00, 0x00, 0x00, 0x00,
    0x00, 0x00, 0x00, 0x00, 0x70, 0x2e, 0x01, 0x00, 0x00, 0x00, 0x00, 0x00,
    0x07, 0x00, 0x00, 0x00, 0x23, 0x00, 0x00, 0x00, 0x00, 0x00, 0x00, 0x00,
    0x00, 0x00, 0x00, 0x00, 0x78, 0x2e, 0x01, 0x00, 0x00, 0x00, 0x00, 0x00,
    0x07, 0x00, 0x00, 0x00, 0x24, 0x00, 0x00, 0x00, 0x00, 0x00, 0x00, 0x00,
    0x00, 0x00, 0x00, 0x00, 0x80, 0x2e, 0x01, 0x00, 0x00, 0x00, 0x00, 0x00,
    0x07, 0x00, 0x00, 0x00, 0x25, 0x00, 0x00, 0x00, 0x00, 0x00, 0x00, 0x00,
    0x00, 0x00, 0x00, 0x00, 0x88, 0x2e, 0x01, 0x00, 0x00, 0x00, 0x00, 0x00,
    0x07, 0x00, 0x00, 0x00, 0x26, 0x00, 0x00, 0x00, 0x00, 0x00, 0x00, 0x00,
    0x00, 0x00, 0x00, 0x00, 0x90, 0x2e, 0x01, 0x00, 0x00, 0x00, 0x00, 0x00,
    0x07, 0x00, 0x00, 0x00, 0x27, 0x00, 0x00, 0x00, 0x00, 0x00, 0x00, 0x00,
    0x00, 0x00, 0x00, 0x00, 0x98, 0x2e, 0x01, 0x00, 0x00, 0x00, 0x00, 0x00,
    0x07, 0x00, 0x00, 0x00, 0x28, 0x00, 0x00, 0x00, 0x00, 0x00, 0x00, 0x00,
    0x00, 0x00, 0x00, 0x00, 0xa0, 0x2e, 0x01, 0x00, 0x00, 0x00, 0x00, 0x00,
    0x07, 0x00, 0x00, 0x00, 0x29, 0x00, 0x00, 0x00, 0x00, 0x00, 0x00, 0x00,
    0x00, 0x00, 0x00, 0x00, 0xa8, 0x2e, 0x01, 0x00, 0x00, 0x00, 0x00, 0x00,
    0x07, 0x00, 0x00, 0x00, 0x2a, 0x00, 0x00, 0x00, 0x00, 0x00, 0x00, 0x00,
    0x00, 0x00, 0x00, 0x00, 0xb0, 0x2e, 0x01, 0x00, 0x00, 0x00, 0x00, 0x00,
    0x07, 0x00, 0x00, 0x00, 0x2b, 0x00, 0x00, 0x00, 0x00, 0x00, 0x00, 0x00,
    0x00, 0x00, 0x00, 0x00, 0xb8, 0x2e, 0x01, 0x00, 0x00, 0x00, 0x00, 0x00,
    0x07, 0x00, 0x00, 0x00, 0x2c, 0x00, 0x00, 0x00, 0x00, 0x00, 0x00, 0x00,
    0x00, 0x00, 0x00, 0x00, 0xc0, 0x2e, 0x01, 0x00, 0x00, 0x00, 0x00, 0x00,
    0x07, 0x00, 0x00, 0x00, 0x2d, 0x00, 0x00, 0x00, 0x00, 0x00, 0x00, 0x00,
    0x00, 0x00, 0x00, 0x00, 0xc8, 0x2e, 0x01, 0x00, 0x00, 0x00, 0x00, 0x00,
    0x07, 0x00, 0x00, 0x00, 0x2e, 0x00, 0x00, 0x00, 0x00, 0x00, 0x00, 0x00,
    0x00, 0x00, 0x00, 0x00, 0xd0, 0x2e, 0x01, 0x00, 0x00, 0x00, 0x00, 0x00,
    0x07, 0x00, 0x00, 0x00, 0x2f, 0x00, 0x00, 0x00, 0x00, 0x00, 0x00, 0x00,
    0x00, 0x00, 0x00, 0x00, 0xd8, 0x2e, 0x01, 0x00, 0x00, 0x00, 0x00, 0x00,
    0x07, 0x00, 0x00, 0x00, 0x30, 0x00, 0x00, 0x00, 0x00, 0x00, 0x00, 0x00,
    0x00, 0x00, 0x00, 0x00, 0xe0, 0x2e, 0x01, 0x00, 0x00, 0x00, 0x00, 0x00,
    0x07, 0x00, 0x00, 0x00, 0x31, 0x00, 0x00, 0x00, 0x00, 0x00, 0x00, 0x00,
    0x00, 0x00, 0x00, 0x00, 0xe8, 0x2e, 0x01, 0x00, 0x00, 0x00, 0x00, 0x00,
    0x07, 0x00, 0x00, 0x00, 0x32, 0x00, 0x00, 0x00, 0x00, 0x00, 0x00, 0x00,
    0x00, 0x00, 0x00, 0x00, 0xf0, 0x2e, 0x01, 0x00, 0x00, 0x00, 0x00, 0x00,
    0x07, 0x00, 0x00, 0x00, 0x33, 0x00, 0x00, 0x00, 0x00, 0x00, 0x00, 0x00,
    0x00, 0x00, 0x00, 0x00, 0xf8, 0x2e, 0x01, 0x00, 0x00, 0x00, 0x00, 0x00,
    0x07, 0x00, 0x00, 0x00, 0x34, 0x00, 0x00, 0x00, 0x00, 0x00, 0x00, 0x00,
    0x00, 0x00, 0x00, 0x00, 0x00, 0x2f, 0x01, 0x00, 0x00, 0x00, 0x00, 0x00,
    0x07, 0x00, 0x00, 0x00, 0x35, 0x00, 0x00, 0x00, 0x00, 0x00, 0x00, 0x00,
    0x00, 0x00, 0x00, 0x00, 0x08, 0x2f, 0x01, 0x00, 0x00, 0x00, 0x00, 0x00,
    0x07, 0x00, 0x00, 0x00, 0x36, 0x00, 0x00, 0x00, 0x00, 0x00, 0x00, 0x00,
    0x00, 0x00, 0x00, 0x00, 0x10, 0x2f, 0x01, 0x00, 0x00, 0x00, 0x00, 0x00,
    0x07, 0x00, 0x00, 0x00, 0x37, 0x00, 0x00, 0x00, 0x00, 0x00, 0x00, 0x00,
    0x00, 0x00, 0x00, 0x00, 0x18, 0x2f, 0x01, 0x00, 0x00, 0x00, 0x00, 0x00,
    0x07, 0x00, 0x00, 0x00, 0x38, 0x00, 0x00, 0x00, 0x00, 0x00, 0x00, 0x00,
    0x00, 0x00, 0x00, 0x00, 0x20, 0x2f, 0x01, 0x00, 0x00, 0x00, 0x00, 0x00,
    0x07, 0x00, 0x00, 0x00, 0x39, 0x00, 0x00, 0x00, 0x00, 0x00, 0x00, 0x00,
    0x00, 0x00, 0x00, 0x00, 0x28, 0x2f, 0x01, 0x00, 0x00, 0x00, 0x00, 0x00,
    0x07, 0x00, 0x00, 0x00, 0x3a, 0x00, 0x00, 0x00, 0x00, 0x00, 0x00, 0x00,
    0x00, 0x00, 0x00, 0x00, 0x30, 0x2f, 0x01, 0x00, 0x00, 0x00, 0x00, 0x00,
    0x07, 0x00, 0x00, 0x00, 0x3b, 0x00, 0x00, 0x00, 0x00, 0x00, 0x00, 0x00,
    0x00, 0x00, 0x00, 0x00, 0x38, 0x2f, 0x01, 0x00, 0x00, 0x00, 0x00, 0x00,
    0x07, 0x00, 0x00, 0x00, 0x3c, 0x00, 0x00, 0x00, 0x00, 0x00, 0x00, 0x00,
    0x00, 0x00, 0x00, 0x00, 0x40, 0x2f, 0x01, 0x00, 0x00, 0x00, 0x00, 0x00,
    0x07, 0x00, 0x00, 0x00, 0x3d, 0x00, 0x00, 0x00, 0x00, 0x00, 0x00, 0x00,
    0x00, 0x00, 0x00, 0x00, 0x48, 0x2f, 0x01, 0x00, 0x00, 0x00, 0x00, 0x00,
    0x07, 0x00, 0x00, 0x00, 0x3e, 0x00, 0x00, 0x00, 0x00, 0x00, 0x00, 0x00,
    0x00, 0x00, 0x00, 0x00, 0x50, 0x2f, 0x01, 0x00, 0x00, 0x00, 0x00, 0x00,
    0x07, 0x00, 0x00, 0x00, 0x40, 0x00, 0x00, 0x00, 0x00, 0x00, 0x00, 0x00,
    0x00, 0x00, 0x00, 0x00, 0x58, 0x2f, 0x01, 0x00, 0x00, 0x00, 0x00, 0x00,
    0x07, 0x00, 0x00, 0x00, 0x41, 0x00, 0x00, 0x00, 0x00, 0x00, 0x00, 0x00,
    0x00, 0x00, 0x00, 0x00, 0x60, 0x2f, 0x01, 0x00, 0x00, 0x00, 0x00, 0x00,
    0x07, 0x00, 0x00, 0x00, 0x42, 0x00, 0x00, 0x00, 0x00, 0x00, 0x00, 0x00,
    0x00, 0x00, 0x00, 0x00, 0x68, 0x2f, 0x01, 0x00, 0x00, 0x00, 0x00, 0x00,
    0x07, 0x00, 0x00, 0x00, 0x43, 0x00, 0x00, 0x00, 0x00, 0x00, 0x00, 0x00,
    0x00, 0x00, 0x00, 0x00, 0x70, 0x2f, 0x01, 0x00, 0x00, 0x00, 0x00, 0x00,
    0x07, 0x00, 0x00, 0x00, 0x44, 0x00, 0x00, 0x00, 0x00, 0x00, 0x00, 0x00,
    0x00, 0x00, 0x00, 0x00, 0x78, 0x2f, 0x01, 0x00, 0x00, 0x00, 0x00, 0x00,
    0x07, 0x00, 0x00, 0x00, 0x45, 0x00, 0x00, 0x00, 0x00, 0x00, 0x00, 0x00,
    0x00, 0x00, 0x00, 0x00, 0x80, 0x2f, 0x01, 0x00, 0x00, 0x00, 0x00, 0x00,
    0x07, 0x00, 0x00, 0x00, 0x46, 0x00, 0x00, 0x00, 0x00, 0x00, 0x00, 0x00,
    0x00, 0x00, 0x00, 0x00, 0x88, 0x2f, 0x01, 0x00, 0x00, 0x00, 0x00, 0x00,
    0x07, 0x00, 0x00, 0x00, 0x47, 0x00, 0x00, 0x00, 0x00, 0x00, 0x00, 0x00,
    0x00, 0x00, 0x00, 0x00, 0x90, 0x2f, 0x01, 0x00, 0x00, 0x00, 0x00, 0x00,
    0x07, 0x00, 0x00, 0x00, 0x48, 0x00, 0x00, 0x00, 0x00, 0x00, 0x00, 0x00,
    0x00, 0x00, 0x00, 0x00, 0x98, 0x2f, 0x01, 0x00, 0x00, 0x00, 0x00, 0x00,
    0x07, 0x00, 0x00, 0x00, 0x49, 0x00, 0x00, 0x00, 0x00, 0x00, 0x00, 0x00,
    0x00, 0x00, 0x00, 0x00, 0xa0, 0x2f, 0x01, 0x00, 0x00, 0x00, 0x00, 0x00,
    0x07, 0x00, 0x00, 0x00, 0x4a, 0x00, 0x00, 0x00, 0x00, 0x00, 0x00, 0x00,
    0x00, 0x00, 0x00, 0x00, 0xa8, 0x2f, 0x01, 0x00, 0x00, 0x00, 0x00, 0x00,
    0x07, 0x00, 0x00, 0x00, 0x4c, 0x00, 0x00, 0x00, 0x00, 0x00, 0x00, 0x00,
    0x00, 0x00, 0x00, 0x00, 0xb0, 0x2f, 0x01, 0x00, 0x00, 0x00, 0x00, 0x00,
    0x07, 0x00, 0x00, 0x00, 0x4d, 0x00, 0x00, 0x00, 0x00, 0x00, 0x00, 0x00,
    0x00, 0x00, 0x00, 0x00, 0x00, 0x00, 0x00, 0x00, 0x00, 0x00, 0x00, 0x00,
    0x00, 0x00, 0x00, 0x00, 0x00, 0x00, 0x00, 0x00, 0x00, 0x00, 0x00, 0x00,
    0x00, 0x00, 0x00, 0x00, 0x00, 0x00, 0x00, 0x00, 0x00, 0x00, 0x00, 0x00,
    0x00, 0x00, 0x00, 0x00, 0x00, 0x00, 0x00, 0x00, 0x00, 0x00, 0x00, 0x00,
    0x00, 0x00, 0x00, 0x00, 0x00, 0x00, 0x00, 0x00, 0x00, 0x00, 0x00, 0x00,
    0x00, 0x00, 0x00, 0x00, 0x00, 0x00, 0x00, 0x00, 0x00, 0x00, 0x00, 0x00,
    0x00, 0x00, 0x00, 0x00, 0x00, 0x00, 0x00, 0x00, 0x00, 0x00, 0x00, 0x00,
    0x00, 0x00, 0x00, 0x00, 0x00, 0x00, 0x00, 0x00, 0x00, 0x00, 0x00, 0x00,
    0x00, 0x00, 0x00, 0x00, 0x00, 0x00, 0x00, 0x00, 0x00, 0x00, 0x00, 0x00,
    0x00, 0x00, 0x00, 0x00, 0x00, 0x00, 0x00, 0x00, 0x00, 0x00, 0x00, 0x00,
    0x00, 0x00, 0x00, 0x00, 0x00, 0x00, 0x00, 0x00, 0x00, 0x00, 0x00, 0x00,
    0x00, 0x00, 0x00, 0x00, 0x00, 0x00, 0x00, 0x00, 0x00, 0x00, 0x00, 0x00,
    0x00, 0x00, 0x00, 0x00, 0x00, 0x00, 0x00, 0x00, 0x00, 0x00, 0x00, 0x00,
    0x00, 0x00, 0x00, 0x00, 0x00, 0x00, 0x00, 0x00, 0x00, 0x00, 0x00, 0x00,
    0x00, 0x00, 0x00, 0x00, 0x00, 0x00, 0x00, 0x00, 0x00, 0x00, 0x00, 0x00,
    0x00, 0x00, 0x00, 0x00, 0x00, 0x00, 0x00, 0x00, 0x00, 0x00, 0x00, 0x00,
    0x00, 0x00, 0x00, 0x00, 0x00, 0x00, 0x00, 0x00, 0x00, 0x00, 0x00, 0x00,
    0x00, 0x00, 0x00, 0x00, 0x00, 0x00, 0x00, 0x00, 0x00, 0x00, 0x00, 0x00,
    0x00, 0x00, 0x00, 0x00, 0x00, 0x00, 0x00, 0x00, 0x00, 0x00, 0x00, 0x00,
    0x00, 0x00, 0x00, 0x00, 0x00, 0x00, 0x00, 0x00, 0x00, 0x00, 0x00, 0x00,
    0x00, 0x00, 0x00, 0x00, 0x00, 0x00, 0x00, 0x00, 0x00, 0x00, 0x00, 0x00,
    0x00, 0x00, 0x00, 0x00, 0x00, 0x00, 0x00, 0x00, 0x00, 0x00, 0x00, 0x00,
    0x00, 0x00, 0x00, 0x00, 0x00, 0x00, 0x00, 0x00, 0x00, 0x00, 0x00, 0x00,
    0x00, 0x00, 0x00, 0x00, 0x00, 0x00, 0x00, 0x00, 0x00, 0x00, 0x00, 0x00,
    0x00, 0x00, 0x00, 0x00, 0x00, 0x00, 0x00, 0x00, 0x00, 0x00, 0x00, 0x00,
    0x00, 0x00, 0x00, 0x00, 0x00, 0x00, 0x00, 0x00, 0x00, 0x00, 0x00, 0x00,
    0x00, 0x00, 0x00, 0x00, 0x00, 0x00, 0x00, 0x00, 0x00, 0x00, 0x00, 0x00,
    0x00, 0x00, 0x00, 0x00, 0x00, 0x00, 0x00, 0x00, 0x00, 0x00, 0x00, 0x00,
    0x00, 0x00, 0x00, 0x00, 0x00, 0x00, 0x00, 0x00, 0x00, 0x00, 0x00, 0x00,
    0x00, 0x00, 0x00, 0x00, 0x00, 0x00, 0x00, 0x00, 0x00, 0x00, 0x00, 0x00,
    0x00, 0x00, 0x00, 0x00, 0x00, 0x00, 0x00, 0x00, 0x00, 0x00, 0x00, 0x00,
    0x00, 0x00, 0x00, 0x00, 0x00, 0x00, 0x00, 0x00, 0x00, 0x00, 0x00, 0x00,
    0x00, 0x00, 0x00, 0x00, 0x00, 0x00, 0x00, 0x00, 0x00, 0x00, 0x00, 0x00,
    0x00, 0x00, 0x00, 0x00, 0x00, 0x00, 0x00, 0x00, 0x00, 0x00, 0x00, 0x00,
    0x00, 0x00, 0x00, 0x00, 0x00, 0x00, 0x00, 0x00, 0x00, 0x00, 0x00, 0x00,
    0x00, 0x00, 0x00, 0x00, 0x00, 0x00, 0x00, 0x00, 0x00, 0x00, 0x00, 0x00,
    0x00, 0x00, 0x00, 0x00, 0x00, 0x00, 0x00, 0x00, 0x00, 0x00, 0x00, 0x00,
    0x00, 0x00, 0x00, 0x00, 0x00, 0x00, 0x00, 0x00, 0x00, 0x00, 0x00, 0x00,
    0x00, 0x00, 0x00, 0x00, 0x00, 0x00, 0x00, 0x00, 0x00, 0x00, 0x00, 0x00,
    0x00, 0x00, 0x00, 0x00, 0x00, 0x00, 0x00, 0x00, 0x00, 0x00, 0x00, 0x00,
    0x00, 0x00, 0x00, 0x00, 0x00, 0x00, 0x00, 0x00, 0x00, 0x00, 0x00, 0x00,
    0x00, 0x00, 0x00, 0x00, 0x00, 0x00, 0x00, 0x00, 0x00, 0x00, 0x00, 0x00,
    0x00, 0x00, 0x00, 0x00, 0x00, 0x00, 0x00, 0x00, 0x00, 0x00, 0x00, 0x00,
    0x00, 0x00, 0x00, 0x00, 0x00, 0x00, 0x00, 0x00, 0x00, 0x00, 0x00, 0x00,
    0x00, 0x00, 0x00, 0x00, 0x00, 0x00, 0x00, 0x00, 0x00, 0x00, 0x00, 0x00,
    0x00, 0x00, 0x00, 0x00, 0x00, 0x00, 0x00, 0x00, 0x00, 0x00, 0x00, 0x00,
    0x00, 0x00, 0x00, 0x00, 0x00, 0x00, 0x00, 0x00, 0x00, 0x00, 0x00, 0x00,
    0x00, 0x00, 0x00, 0x00, 0x00, 0x00, 0x00, 0x00, 0x00, 0x00, 0x00, 0x00,
    0x00, 0x00, 0x00, 0x00, 0x00, 0x00, 0x00, 0x00, 0x00, 0x00, 0x00, 0x00,
    0x00, 0x00, 0x00, 0x00, 0x00, 0x00, 0x00, 0x00, 0x00, 0x00, 0x00, 0x00,
    0x00, 0x00, 0x00, 0x00, 0x00, 0x00, 0x00, 0x00, 0x00, 0x00, 0x00, 0x00,
    0x00, 0x00, 0x00, 0x00, 0x00, 0x00, 0x00, 0x00, 0x00, 0x00, 0x00, 0x00,
    0x00, 0x00, 0x00, 0x00, 0x00, 0x00, 0x00, 0x00, 0x00, 0x00, 0x00, 0x00,
    0x00, 0x00, 0x00, 0x00, 0x00, 0x00, 0x00, 0x00, 0x00, 0x00, 0x00, 0x00,
    0x00, 0x00, 0x00, 0x00, 0x00, 0x00, 0x00, 0x00, 0x00, 0x00, 0x00, 0x00,
    0x00, 0x00, 0x00, 0x00, 0x00, 0x00, 0x00, 0x00, 0x00, 0x00, 0x00, 0x00,
    0x00, 0x00, 0x00, 0x00, 0x00, 0x00, 0x00, 0x00, 0x00, 0x00, 0x00, 0x00,
    0x00, 0x00, 0x00, 0x00, 0x00, 0x00, 0x00, 0x00, 0x00, 0x00, 0x00, 0x00,
    0x00, 0x00, 0x00, 0x00, 0x00, 0x00, 0x00, 0x00, 0x00, 0x00, 0x00, 0x00,
    0x00, 0x00, 0x00, 0x00, 0x00, 0x00, 0x00, 0x00, 0x00, 0x00, 0x00, 0x00,
    0x00, 0x00, 0x00, 0x00, 0x00, 0x00, 0x00, 0x00, 0x00, 0x00, 0x00, 0x00,
    0x00, 0x00, 0x00, 0x00, 0x00, 0x00, 0x00, 0x00, 0x00, 0x00, 0x00, 0x00,
    0x00, 0x00, 0x00, 0x00, 0x00, 0x00, 0x00, 0x00, 0x00, 0x00, 0x00, 0x00,
    0x00, 0x00, 0x00, 0x00, 0x00, 0x00, 0x00, 0x00, 0x00, 0x00, 0x00, 0x00,
    0x00, 0x00, 0x00, 0x00, 0x00, 0x00, 0x00, 0x00, 0x00, 0x00, 0x00, 0x00,
    0x00, 0x00, 0x00, 0x00, 0x00, 0x00, 0x00, 0x00, 0x00, 0x00, 0x00, 0x00,
    0x00, 0x00, 0x00, 0x00, 0x00, 0x00, 0x00, 0x00, 0x00, 0x00, 0x00, 0x00,
    0x00, 0x00, 0x00, 0x00, 0x00, 0x00, 0x00, 0x00, 0x00, 0x00, 0x00, 0x00,
    0x00, 0x00, 0x00, 0x00, 0x00, 0x00, 0x00, 0x00, 0x00, 0x00, 0x00, 0x00,
    0x00, 0x00, 0x00, 0x00, 0x00, 0x00, 0x00, 0x00, 0x00, 0x00, 0x00, 0x00,
    0x00, 0x00, 0x00, 0x00, 0x00, 0x00, 0x00, 0x00, 0x00, 0x00, 0x00, 0x00,
    0x00, 0x00, 0x00, 0x00, 0x00, 0x00, 0x00, 0x00, 0x00, 0x00, 0x00, 0x00,
    0x00, 0x00, 0x00, 0x00, 0x00, 0x00, 0x00, 0x00, 0x00, 0x00, 0x00, 0x00,
    0x00, 0x00, 0x00, 0x00, 0x00, 0x00, 0x00, 0x00, 0x00, 0x00, 0x00, 0x00,
    0x00, 0x00, 0x00, 0x00, 0x00, 0x00, 0x00, 0x00, 0x00, 0x00, 0x00, 0x00,
    0x00, 0x00, 0x00, 0x00, 0x00, 0x00, 0x00, 0x00, 0x00, 0x00, 0x00, 0x00,
    0x00, 0x00, 0x00, 0x00, 0x00, 0x00, 0x00, 0x00, 0x00, 0x00, 0x00, 0x00,
    0x00, 0x00, 0x00, 0x00, 0x00, 0x00, 0x00, 0x00, 0x00, 0x00, 0x00, 0x00,
    0x00, 0x00, 0x00, 0x00, 0x00, 0x00, 0x00, 0x00, 0x00, 0x00, 0x00, 0x00,
    0x00, 0x00, 0x00, 0x00, 0x00, 0x00, 0x00, 0x00, 0x00, 0x00, 0x00, 0x00,
    0x00, 0x00, 0x00, 0x00, 0x00, 0x00, 0x00, 0x00, 0x00, 0x00, 0x00, 0x00,
    0x00, 0x00, 0x00, 0x00, 0x00, 0x00, 0x00, 0x00, 0x00, 0x00, 0x00, 0x00,
    0x00, 0x00, 0x00, 0x00, 0x00, 0x00, 0x00, 0x00, 0x00, 0x00, 0x00, 0x00,
    0x00, 0x00, 0x00, 0x00, 0x00, 0x00, 0x00, 0x00, 0x00, 0x00, 0x00, 0x00,
    0x00, 0x00, 0x00, 0x00, 0x00, 0x00, 0x00, 0x00, 0x00, 0x00, 0x00, 0x00,
    0x00, 0x00, 0x00, 0x00, 0x00, 0x00, 0x00, 0x00, 0x00, 0x00, 0x00, 0x00,
    0x00, 0x00, 0x00, 0x00, 0x00, 0x00, 0x00, 0x00, 0x00, 0x00, 0x00, 0x00,
    0x00, 0x00, 0x00, 0x00, 0x00, 0x00, 0x00, 0x00, 0x00, 0x00, 0x00, 0x00,
    0x00, 0x00, 0x00, 0x00, 0x00, 0x00, 0x00, 0x00, 0x00, 0x00, 0x00, 0x00,
    0x00, 0x00, 0x00, 0x00, 0x00, 0x00, 0x00, 0x00, 0x00, 0x00, 0x00, 0x00,
    0x00, 0x00, 0x00, 0x00, 0x00, 0x00, 0x00, 0x00, 0x00, 0x00, 0x00, 0x00,
    0x00, 0x00, 0x00, 0x00, 0x00, 0x00, 0x00, 0x00, 0x00, 0x00, 0x00, 0x00,
    0x00, 0x00, 0x00, 0x00, 0x00, 0x00, 0x00, 0x00, 0x00, 0x00, 0x00, 0x00,
    0x00, 0x00, 0x00, 0x00, 0x00, 0x00, 0x00, 0x00, 0x00, 0x00, 0x00, 0x00,
    0x00, 0x00, 0x00, 0x00, 0x00, 0x00, 0x00, 0x00, 0x00, 0x00, 0x00, 0x00,
    0x00, 0x00, 0x00, 0x00, 0x00, 0x00, 0x00, 0x00, 0x00, 0x00, 0x00, 0x00,
    0x00, 0x00, 0x00, 0x00, 0x00, 0x00, 0x00, 0x00, 0x00, 0x00, 0x00, 0x00,
    0x00, 0x00, 0x00, 0x00, 0x00, 0x00, 0x00, 0x00, 0x00, 0x00, 0x00, 0x00,
    0x00, 0x00, 0x00, 0x00, 0x00, 0x00, 0x00, 0x00, 0x00, 0x00, 0x00, 0x00,
    0x00, 0x00, 0x00, 0x00, 0x00, 0x00, 0x00, 0x00, 0x00, 0x00, 0x00, 0x00,
    0x00, 0x00, 0x00, 0x00, 0x00, 0x00, 0x00, 0x00, 0x00, 0x00, 0x00, 0x00,
    0x00, 0x00, 0x00, 0x00, 0x00, 0x00, 0x00, 0x00, 0x00, 0x00, 0x00, 0x00,
    0x00, 0x00, 0x00, 0x00, 0x00, 0x00, 0x00, 0x00, 0x00, 0x00, 0x00, 0x00,
    0x00, 0x00, 0x00, 0x00, 0x00, 0x00, 0x00, 0x00, 0x00, 0x00, 0x00, 0x00,
    0x00, 0x00, 0x00, 0x00, 0x00, 0x00, 0x00, 0x00, 0x00, 0x00, 0x00, 0x00,
    0x00, 0x00, 0x00, 0x00, 0x00, 0x00, 0x00, 0x00, 0x00, 0x00, 0x00, 0x00,
    0x00, 0x00, 0x00, 0x00, 0x00, 0x00, 0x00, 0x00, 0x00, 0x00, 0x00, 0x00,
    0x00, 0x00, 0x00, 0x00, 0x00, 0x00, 0x00, 0x00, 0x00, 0x00, 0x00, 0x00,
    0x00, 0x00, 0x00, 0x00, 0x00, 0x00, 0x00, 0x00, 0x00, 0x00, 0x00, 0x00,
    0x00, 0x00, 0x00, 0x00, 0x00, 0x00, 0x00, 0x00, 0x00, 0x00, 0x00, 0x00,
    0x00, 0x00, 0x00, 0x00, 0x00, 0x00, 0x00, 0x00, 0x00, 0x00, 0x00, 0x00,
    0x00, 0x00, 0x00, 0x00, 0x00, 0x00, 0x00, 0x00, 0x00, 0x00, 0x00, 0x00,
    0x00, 0x00, 0x00, 0x00, 0x00, 0x00, 0x00, 0x00, 0x00, 0x00, 0x00, 0x00,
    0x00, 0x00, 0x00, 0x00, 0x00, 0x00, 0x00, 0x00, 0x00, 0x00, 0x00, 0x00,
    0x00, 0x00, 0x00, 0x00, 0x00, 0x00, 0x00, 0x00, 0x00, 0x00, 0x00, 0x00,
    0x00, 0x00, 0x00, 0x00, 0x00, 0x00, 0x00, 0x00, 0x00, 0x00, 0x00, 0x00,
    0x00, 0x00, 0x00, 0x00, 0x00, 0x00, 0x00, 0x00, 0x00, 0x00, 0x00, 0x00,
    0x00, 0x00, 0x00, 0x00, 0x00, 0x00, 0x00, 0x00, 0x00, 0x00, 0x00, 0x00,
    0x00, 0x00, 0x00, 0x00, 0x00, 0x00, 0x00, 0x00, 0x00, 0x00, 0x00, 0x00,
    0x00, 0x00, 0x00, 0x00, 0x00, 0x00, 0x00, 0x00, 0x00, 0x00, 0x00, 0x00,
    0x00, 0x00, 0x00, 0x00, 0x00, 0x00, 0x00, 0x00, 0x00, 0x00, 0x00, 0x00,
    0x00, 0x00, 0x00, 0x00, 0x00, 0x00, 0x00, 0x00, 0x00, 0x00, 0x00, 0x00,
    0x00, 0x00, 0x00, 0x00, 0x00, 0x00, 0x00, 0x00, 0x00, 0x00, 0x00, 0x00,
    0x00, 0x00, 0x00, 0x00, 0x00, 0x00, 0x00, 0x00, 0x00, 0x00, 0x00, 0x00,
    0x00, 0x00, 0x00, 0x00, 0x00, 0x00, 0x00, 0x00, 0x00, 0x00, 0x00, 0x00,
    0xf3, 0x0f, 0x1e, 0xfa, 0x48, 0x83, 0xec, 0x08, 0x48, 0x8b, 0x05, 0xa9,
    0xff, 0x00, 0x00, 0x48, 0x85, 0xc0, 0x74, 0x02, 0xff, 0xd0, 0x48, 0x83,
    0xc4, 0x08, 0xc3, 0x00, 0x00, 0x00, 0x00, 0x00, 0xff, 0x35, 0x42, 0xfd,
    0x00, 0x00, 0xff, 0x25, 0x44, 0xfd, 0x00, 0x00, 0x0f, 0x1f, 0x40, 0x00,
    0xf3, 0x0f, 0x1e, 0xfa, 0x68, 0x00, 0x00, 0x00, 0x00, 0xe9, 0xe2, 0xff,
    0xff, 0xff, 0x66, 0x90, 0xf3, 0x0f, 0x1e, 0xfa, 0x68, 0x01, 0x00, 0x00,
    0x00, 0xe9, 0xd2, 0xff, 0xff, 0xff, 0x66, 0x90, 0xf3, 0x0f, 0x1e, 0xfa,
    0x68, 0x02, 0x00, 0x00, 0x00, 0xe9, 0xc2, 0xff, 0xff, 0xff, 0x66, 0x90,
    0xf3, 0x0f, 0x1e, 0xfa, 0x68, 0x03, 0x00, 0x00, 0x00, 0xe9, 0xb2, 0xff,
    0xff, 0xff, 0x66, 0x90, 0xf3, 0x0f, 0x1e, 0xfa, 0x68, 0x04, 0x00, 0x00,
    0x00, 0xe9, 0xa2, 0xff, 0xff, 0xff, 0x66, 0x90, 0xf3, 0x0f, 0x1e, 0xfa,
    0x68, 0x05, 0x00, 0x00, 0x00, 0xe9, 0x92, 0xff, 0xff, 0xff, 0x66, 0x90,
    0xf3, 0x0f, 0x1e, 0xfa, 0x68, 0x06, 0x00, 0x00, 0x00, 0xe9, 0x82, 0xff,
    0xff, 0xff, 0x66, 0x90, 0xf3, 0x0f, 0x1e, 0xfa, 0x68, 0x07, 0x00, 0x00,
    0x00, 0xe9, 0x72, 0xff, 0xff, 0xff, 0x66, 0x90, 0xf3, 0x0f, 0x1e, 0xfa,
    0x68, 0x08, 0x00, 0x00, 0x00, 0xe9, 0x62, 0xff, 0xff, 0xff, 0x66, 0x90,
    0xf3, 0x0f, 0x1e, 0xfa, 0x68, 0x09, 0x00, 0x00, 0x00, 0xe9, 0x52, 0xff,
    0xff, 0xff, 0x66, 0x90, 0xf3, 0x0f, 0x1e, 0xfa, 0x68, 0x0a, 0x00, 0x00,
    0x00, 0xe9, 0x42, 0xff, 0xff, 0xff, 0x66, 0x90, 0xf3, 0x0f, 0x1e, 0xfa,
    0x68, 0x0b, 0x00, 0x00, 0x00, 0xe9, 0x32, 0xff, 0xff, 0xff, 0x66, 0x90,
    0xf3, 0x0f, 0x1e, 0xfa, 0x68, 0x0c, 0x00, 0x00, 0x00, 0xe9, 0x22, 0xff,
    0xff, 0xff, 0x66, 0x90, 0xf3, 0x0f, 0x1e, 0xfa, 0x68, 0x0d, 0x00, 0x00,
    0x00, 0xe9, 0x12, 0xff, 0xff, 0xff, 0x66, 0x90, 0xf3, 0x0f, 0x1e, 0xfa,
    0x68, 0x0e, 0x00, 0x00, 0x00, 0xe9, 0x02, 0xff, 0xff, 0xff, 0x66, 0x90,
    0xf3, 0x0f, 0x1e, 0xfa, 0x68, 0x0f, 0x00, 0x00, 0x00, 0xe9, 0xf2, 0xfe,
    0xff, 0xff, 0x66, 0x90, 0xf3, 0x0f, 0x1e, 0xfa, 0x68, 0x10, 0x00, 0x00,
    0x00, 0xe9, 0xe2, 0xfe, 0xff, 0xff, 0x66, 0x90, 0xf3, 0x0f, 0x1e, 0xfa,
    0x68, 0x11, 0x00, 0x00, 0x00, 0xe9, 0xd2, 0xfe, 0xff, 0xff, 0x66, 0x90,
    0xf3, 0x0f, 0x1e, 0xfa, 0x68, 0x12, 0x00, 0x00, 0x00, 0xe9, 0xc2, 0xfe,
    0xff, 0xff, 0x66, 0x90, 0xf3, 0x0f, 0x1e, 0xfa, 0x68, 0x13, 0x00, 0x00,
    0x00, 0xe9, 0xb2, 0xfe, 0xff, 0xff, 0x66, 0x90, 0xf3, 0x0f, 0x1e, 0xfa,
    0x68, 0x14, 0x00, 0x00, 0x00, 0xe9, 0xa2, 0xfe, 0xff, 0xff, 0x66, 0x90,
    0xf3, 0x0f, 0x1e, 0xfa, 0x68, 0x15, 0x00, 0x00, 0x00, 0xe9, 0x92, 0xfe,
    0xff, 0xff, 0x66, 0x90, 0xf3, 0x0f, 0x1e, 0xfa, 0x68, 0x16, 0x00, 0x00,
    0x00, 0xe9, 0x82, 0xfe, 0xff, 0xff, 0x66, 0x90, 0xf3, 0x0f, 0x1e, 0xfa,
    0x68, 0x17, 0x00, 0x00, 0x00, 0xe9, 0x72, 0xfe, 0xff, 0xff, 0x66, 0x90,
    0xf3, 0x0f, 0x1e, 0xfa, 0x68, 0x18, 0x00, 0x00, 0x00, 0xe9, 0x62, 0xfe,
    0xff, 0xff, 0x66, 0x90, 0xf3, 0x0f, 0x1e, 0xfa, 0x68, 0x19, 0x00, 0x00,
    0x00, 0xe9, 0x52, 0xfe, 0xff, 0xff, 0x66, 0x90, 0xf3, 0x0f, 0x1e, 0xfa,
    0x68, 0x1a, 0x00, 0x00, 0x00, 0xe9, 0x42, 0xfe, 0xff, 0xff, 0x66, 0x90,
    0xf3, 0x0f, 0x1e, 0xfa, 0x68, 0x1b, 0x00, 0x00, 0x00, 0xe9, 0x32, 0xfe,
    0xff, 0xff, 0x66, 0x90, 0xf3, 0x0f, 0x1e, 0xfa, 0x68, 0x1c, 0x00, 0x00,
    0x00, 0xe9, 0x22, 0xfe, 0xff, 0xff, 0x66, 0x90, 0xf3, 0x0f, 0x1e, 0xfa,
    0x68, 0x1d, 0x00, 0x00, 0x00, 0xe9, 0x12, 0xfe, 0xff, 0xff, 0x66, 0x90,
    0xf3, 0x0f, 0x1e, 0xfa, 0x68, 0x1e, 0x00, 0x00, 0x00, 0xe9, 0x02, 0xfe,
    0xff, 0xff, 0x66, 0x90, 0xf3, 0x0f, 0x1e, 0xfa, 0x68, 0x1f, 0x00, 0x00,
    0x00, 0xe9, 0xf2, 0xfd, 0xff, 0xff, 0x66, 0x90, 0xf3, 0x0f, 0x1e, 0xfa,
    0x68, 0x20, 0x00, 0x00, 0x00, 0xe9, 0xe2, 0xfd, 0xff, 0xff, 0x66, 0x90,
    0xf3, 0x0f, 0x1e, 0xfa, 0x68, 0x21, 0x00, 0x00, 0x00, 0xe9, 0xd2, 0xfd,
    0xff, 0xff, 0x66, 0x90, 0xf3, 0x0f, 0x1e, 0xfa, 0x68, 0x22, 0x00, 0x00,
    0x00, 0xe9, 0xc2, 0xfd, 0xff, 0xff, 0x66, 0x90, 0xf3, 0x0f, 0x1e, 0xfa,
    0x68, 0x23, 0x00, 0x00, 0x00, 0xe9, 0xb2, 0xfd, 0xff, 0xff, 0x66, 0x90,
    0xf3, 0x0f, 0x1e, 0xfa, 0x68, 0x24, 0x00, 0x00, 0x00, 0xe9, 0xa2, 0xfd,
    0xff, 0xff, 0x66, 0x90, 0xf3, 0x0f, 0x1e, 0xfa, 0x68, 0x25, 0x00, 0x00,
    0x00, 0xe9, 0x92, 0xfd, 0xff, 0xff, 0x66, 0x90, 0xf3, 0x0f, 0x1e, 0xfa,
    0x68, 0x26, 0x00, 0x00, 0x00, 0xe9, 0x82, 0xfd, 0xff, 0xff, 0x66, 0x90,
    0xf3, 0x0f, 0x1e, 0xfa, 0x68, 0x27, 0x00, 0x00, 0x00, 0xe9, 0x72, 0xfd,
    0xff, 0xff, 0x66, 0x90, 0xf3, 0x0f, 0x1e, 0xfa, 0x68, 0x28, 0x00, 0x00,
    0x00, 0xe9, 0x62, 0xfd, 0xff, 0xff, 0x66, 0x90, 0xf3, 0x0f, 0x1e, 0xfa,
    0x68, 0x29, 0x00, 0x00, 0x00, 0xe9, 0x52, 0xfd, 0xff, 0xff, 0x66, 0x90,
    0xf3, 0x0f, 0x1e, 0xfa, 0x68, 0x2a, 0x00, 0x00, 0x00, 0xe9, 0x42, 0xfd,
    0xff, 0xff, 0x66, 0x90, 0xf3, 0x0f, 0x1e, 0xfa, 0x68, 0x2b, 0x00, 0x00,
    0x00, 0xe9, 0x32, 0xfd, 0xff, 0xff, 0x66, 0x90, 0xf3, 0x0f, 0x1e, 0xfa,
    0x68, 0x2c, 0x00, 0x00, 0x00, 0xe9, 0x22, 0xfd, 0xff, 0xff, 0x66, 0x90,
    0xf3, 0x0f, 0x1e, 0xfa, 0x68, 0x2d, 0x00, 0x00, 0x00, 0xe9, 0x12, 0xfd,
    0xff, 0xff, 0x66, 0x90, 0xf3, 0x0f, 0x1e, 0xfa, 0x68, 0x2e, 0x00, 0x00,
    0x00, 0xe9, 0x02, 0xfd, 0xff, 0xff, 0x66, 0x90, 0xf3, 0x0f, 0x1e, 0xfa,
    0x68, 0x2f, 0x00, 0x00, 0x00, 0xe9, 0xf2, 0xfc, 0xff, 0xff, 0x66, 0x90,
    0xf3, 0x0f, 0x1e, 0xfa, 0x68, 0x30, 0x00, 0x00, 0x00, 0xe9, 0xe2, 0xfc,
    0xff, 0xff, 0x66, 0x90, 0xf3, 0x0f, 0x1e, 0xfa, 0x68, 0x31, 0x00, 0x00,
    0x00, 0xe9, 0xd2, 0xfc, 0xff, 0xff, 0x66, 0x90, 0xf3, 0x0f, 0x1e, 0xfa,
    0x68, 0x32, 0x00, 0x00, 0x00, 0xe9, 0xc2, 0xfc, 0xff, 0xff, 0x66, 0x90,
    0xf3, 0x0f, 0x1e, 0xfa, 0x68, 0x33, 0x00, 0x00, 0x00, 0xe9, 0xb2, 0xfc,
    0xff, 0xff, 0x66, 0x90, 0xf3, 0x0f, 0x1e, 0xfa, 0x68, 0x34, 0x00, 0x00,
    0x00, 0xe9, 0xa2, 0xfc, 0xff, 0xff, 0x66, 0x90, 0xf3, 0x0f, 0x1e, 0xfa,
    0x68, 0x35, 0x00, 0x00, 0x00, 0xe9, 0x92, 0xfc, 0xff, 0xff, 0x66, 0x90,
    0xf3, 0x0f, 0x1e, 0xfa, 0x68, 0x36, 0x00, 0x00, 0x00, 0xe9, 0x82, 0xfc,
    0xff, 0xff, 0x66, 0x90, 0xf3, 0x0f, 0x1e, 0xfa, 0x68, 0x37, 0x00, 0x00,
    0x00, 0xe9, 0x72, 0xfc, 0xff, 0xff, 0x66, 0x90, 0xf3, 0x0f, 0x1e, 0xfa,
    0x68, 0x38, 0x00, 0x00, 0x00, 0xe9, 0x62, 0xfc, 0xff, 0xff, 0x66, 0x90,
    0xf3, 0x0f, 0x1e, 0xfa, 0x68, 0x39, 0x00, 0x00, 0x00, 0xe9, 0x52, 0xfc,
    0xff, 0xff, 0x66, 0x90, 0xf3, 0x0f, 0x1e, 0xfa, 0x68, 0x3a, 0x00, 0x00,
    0x00, 0xe9, 0x42, 0xfc, 0xff, 0xff, 0x66, 0x90, 0xf3, 0x0f, 0x1e, 0xfa,
    0x68, 0x3b, 0x00, 0x00, 0x00, 0xe9, 0x32, 0xfc, 0xff, 0xff, 0x66, 0x90,
    0xf3, 0x0f, 0x1e, 0xfa, 0x68, 0x3c, 0x00, 0x00, 0x00, 0xe9, 0x22, 0xfc,
    0xff, 0xff, 0x66, 0x90, 0xf3, 0x0f, 0x1e, 0xfa, 0x68, 0x3d, 0x00, 0x00,
    0x00, 0xe9, 0x12, 0xfc, 0xff, 0xff, 0x66, 0x90, 0xf3, 0x0f, 0x1e, 0xfa,
    0x68, 0x3e, 0x00, 0x00, 0x00, 0xe9, 0x02, 0xfc, 0xff, 0xff, 0x66, 0x90,
    0xf3, 0x0f, 0x1e, 0xfa, 0x68, 0x3f, 0x00, 0x00, 0x00, 0xe9, 0xf2, 0xfb,
    0xff, 0xff, 0x66, 0x90, 0xf3, 0x0f, 0x1e, 0xfa, 0x68, 0x40, 0x00, 0x00,
    0x00, 0xe9, 0xe2, 0xfb, 0xff, 0xff, 0x66, 0x90, 0xf3, 0x0f, 0x1e, 0xfa,
    0x68, 0x41, 0x00, 0x00, 0x00, 0xe9, 0xd2, 0xfb, 0xff, 0xff, 0x66, 0x90,
    0xf3, 0x0f, 0x1e, 0xfa, 0x68, 0x42, 0x00, 0x00, 0x00, 0xe9, 0xc2, 0xfb,
    0xff, 0xff, 0x66, 0x90, 0xf3, 0x0f, 0x1e, 0xfa, 0x68, 0x43, 0x00, 0x00,
    0x00, 0xe9, 0xb2, 0xfb, 0xff, 0xff, 0x66, 0x90, 0xf3, 0x0f, 0x1e, 0xfa,
    0x68, 0x44, 0x00, 0x00, 0x00, 0xe9, 0xa2, 0xfb, 0xff, 0xff, 0x66, 0x90,
    0xf3, 0x0f, 0x1e, 0xfa, 0x68, 0x45, 0x00, 0x00, 0x00, 0xe9, 0x92, 0xfb,
    0xff, 0xff, 0x66, 0x90, 0xf3, 0x0f, 0x1e, 0xfa, 0x68, 0x46, 0x00, 0x00,
    0x00, 0xe9, 0x82, 0xfb, 0xff, 0xff, 0x66, 0x90, 0xf3, 0x0f, 0x1e, 0xfa,
    0x68, 0x47, 0x00, 0x00, 0x00, 0xe9, 0x72, 0xfb, 0xff, 0xff, 0x66, 0x90,
    0xf3, 0x0f, 0x1e, 0xfa, 0xff, 0x25, 0x16, 0xfb, 0x00, 0x00, 0x66, 0x0f,
    0x1f, 0x44, 0x00, 0x00, 0xf3, 0x0f, 0x1e, 0xfa, 0xff, 0x25, 0xae, 0xf8,
    0x00, 0x00, 0x66, 0x0f, 0x1f, 0x44, 0x00, 0x00, 0xf3, 0x0f, 0x1e, 0xfa,
    0xff, 0x25, 0xa6, 0xf8, 0x00, 0x00, 0x66, 0x0f, 0x1f, 0x44, 0x00, 0x00,
    0xf3, 0x0f, 0x1e, 0xfa, 0xff, 0x25, 0x9e, 0xf8, 0x00, 0x00, 0x66, 0x0f,
    0x1f, 0x44, 0x00, 0x00, 0xf3, 0x0f, 0x1e, 0xfa, 0xff, 0x25, 0x96, 0xf8,
    0x00, 0x00, 0x66, 0x0f, 0x1f, 0x44, 0x00, 0x00, 0xf3, 0x0f, 0x1e, 0xfa,
    0xff, 0x25, 0x8e, 0xf8, 0x00, 0x00, 0x66, 0x0f, 0x1f, 0x44, 0x00, 0x00,
    0xf3, 0x0f, 0x1e, 0xfa, 0xff, 0x25, 0x86, 0xf8, 0x00, 0x00, 0x66, 0x0f,
    0x1f, 0x44, 0x00, 0x00, 0xf3, 0x0f, 0x1e, 0xfa, 0xff, 0x25, 0x7e, 0xf8,
    0x00, 0x00, 0x66, 0x0f, 0x1f, 0x44, 0x00, 0x00, 0xf3, 0x0f, 0x1e, 0xfa,
    0xff, 0x25, 0x76, 0xf8, 0x00, 0x00, 0x66, 0x0f, 0x1f, 0x44, 0x00, 0x00,
    0xf3, 0x0f, 0x1e, 0xfa, 0xff, 0x25, 0x6e, 0xf8, 0x00, 0x00, 0x66, 0x0f,
    0x1f, 0x44, 0x00, 0x00, 0xf3, 0x0f, 0x1e, 0xfa, 0xff, 0x25, 0x66, 0xf8,
    0x00, 0x00, 0x66, 0x0f, 0x1f, 0x44, 0x00, 0x00, 0xf3, 0x0f, 0x1e, 0xfa,
    0xff, 0x25, 0x5e, 0xf8, 0x00, 0x00, 0x66, 0x0f, 0x1f, 0x44, 0x00, 0x00,
    0xf3, 0x0f, 0x1e, 0xfa, 0xff, 0x25, 0x56, 0xf8, 0x00, 0x00, 0x66, 0x0f,
    0x1f, 0x44, 0x00, 0x00, 0xf3, 0x0f, 0x1e, 0xfa, 0xff, 0x25, 0x4e, 0xf8,
    0x00, 0x00, 0x66, 0x0f, 0x1f, 0x44, 0x00, 0x00, 0xf3, 0x0f, 0x1e, 0xfa,
    0xff, 0x25, 0x46, 0xf8, 0x00, 0x00, 0x66, 0x0f, 0x1f, 0x44, 0x00, 0x00,
    0xf3, 0x0f, 0x1e, 0xfa, 0xff, 0x25, 0x3e, 0xf8, 0x00, 0x00, 0x66, 0x0f,
    0x1f, 0x44, 0x00, 0x00, 0xf3, 0x0f, 0x1e, 0xfa, 0xff, 0x25, 0x36, 0xf8,
    0x00, 0x00, 0x66, 0x0f, 0x1f, 0x44, 0x00, 0x00, 0xf3, 0x0f, 0x1e, 0xfa,
    0xff, 0x25, 0x2e, 0xf8, 0x00, 0x00, 0x66, 0x0f, 0x1f, 0x44, 0x00, 0x00,
    0xf3, 0x0f, 0x1e, 0xfa, 0xff, 0x25, 0x26, 0xf8, 0x00, 0x00, 0x66, 0x0f,
    0x1f, 0x44, 0x00, 0x00, 0xf3, 0x0f, 0x1e, 0xfa, 0xff, 0x25, 0x1e, 0xf8,
    0x00, 0x00, 0x66, 0x0f, 0x1f, 0x44, 0x00, 0x00, 0xf3, 0x0f, 0x1e, 0xfa,
    0xff, 0x25, 0x16, 0xf8, 0x00, 0x00, 0x66, 0x0f, 0x1f, 0x44, 0x00, 0x00,
    0xf3, 0x0f, 0x1e, 0xfa, 0xff, 0x25, 0x0e, 0xf8, 0x00, 0x00, 0x66, 0x0f,
    0x1f, 0x44, 0x00, 0x00, 0xf3, 0x0f, 0x1e, 0xfa, 0xff, 0x25, 0x06, 0xf8,
    0x00, 0x00, 0x66, 0x0f, 0x1f, 0x44, 0x00, 0x00, 0xf3, 0x0f, 0x1e, 0xfa,
    0xff, 0x25, 0xfe, 0xf7, 0x00, 0x00, 0x66, 0x0f, 0x1f, 0x44, 0x00, 0x00,
    0xf3, 0x0f, 0x1e, 0xfa, 0xff, 0x25, 0xf6, 0xf7, 0x00, 0x00, 0x66, 0x0f,
    0x1f, 0x44, 0x00, 0x00, 0xf3, 0x0f, 0x1e, 0xfa, 0xff, 0x25, 0xee, 0xf7,
    0x00, 0x00, 0x66, 0x0f, 0x1f, 0x44, 0x00, 0x00, 0xf3, 0x0f, 0x1e, 0xfa,
    0xff, 0x25, 0xe6, 0xf7, 0x00, 0x00, 0x66, 0x0f, 0x1f, 0x44, 0x00, 0x00,
    0xf3, 0x0f, 0x1e, 0xfa, 0xff, 0x25, 0xde, 0xf7, 0x00, 0x00, 0x66, 0x0f,
    0x1f, 0x44, 0x00, 0x00, 0xf3, 0x0f, 0x1e, 0xfa, 0xff, 0x25, 0xd6, 0xf7,
    0x00, 0x00, 0x66, 0x0f, 0x1f, 0x44, 0x00, 0x00, 0xf3, 0x0f, 0x1e, 0xfa,
    0xff, 0x25, 0xce, 0xf7, 0x00, 0x00, 0x66, 0x0f, 0x1f, 0x44, 0x00, 0x00,
    0xf3, 0x0f, 0x1e, 0xfa, 0xff, 0x25, 0xc6, 0xf7, 0x00, 0x00, 0x66, 0x0f,
    0x1f, 0x44, 0x00, 0x00, 0xf3, 0x0f, 0x1e, 0xfa, 0xff, 0x25, 0xbe, 0xf7,
    0x00, 0x00, 0x66, 0x0f, 0x1f, 0x44, 0x00, 0x00, 0xf3, 0x0f, 0x1e, 0xfa,
    0xff, 0x25, 0xb6, 0xf7, 0x00, 0x00, 0x66, 0x0f, 0x1f, 0x44, 0x00, 0x00,
    0xf3, 0x0f, 0x1e, 0xfa, 0xff, 0x25, 0xae, 0xf7, 0x00, 0x00, 0x66, 0x0f,
    0x1f, 0x44, 0x00, 0x00, 0xf3, 0x0f, 0x1e, 0xfa, 0xff, 0x25, 0xa6, 0xf7,
    0x00, 0x00, 0x66, 0x0f, 0x1f, 0x44, 0x00, 0x00, 0xf3, 0x0f, 0x1e, 0xfa,
    0xff, 0x25, 0x9e, 0xf7, 0x00, 0x00, 0x66, 0x0f, 0x1f, 0x44, 0x00, 0x00,
    0xf3, 0x0f, 0x1e, 0xfa, 0xff, 0x25, 0x96, 0xf7, 0x00, 0x00, 0x66, 0x0f,
    0x1f, 0x44, 0x00, 0x00, 0xf3, 0x0f, 0x1e, 0xfa, 0xff, 0x25, 0x8e, 0xf7,
    0x00, 0x00, 0x66, 0x0f, 0x1f, 0x44, 0x00, 0x00, 0xf3, 0x0f, 0x1e, 0xfa,
    0xff, 0x25, 0x86, 0xf7, 0x00, 0x00, 0x66, 0x0f, 0x1f, 0x44, 0x00, 0x00,
    0xf3, 0x0f, 0x1e, 0xfa, 0xff, 0x25, 0x7e, 0xf7, 0x00, 0x00, 0x66, 0x0f,
    0x1f, 0x44, 0x00, 0x00, 0xf3, 0x0f, 0x1e, 0xfa, 0xff, 0x25, 0x76, 0xf7,
    0x00, 0x00, 0x66, 0x0f, 0x1f, 0x44, 0x00, 0x00, 0xf3, 0x0f, 0x1e, 0xfa,
    0xff, 0x25, 0x6e, 0xf7, 0x00, 0x00, 0x66, 0x0f, 0x1f, 0x44, 0x00, 0x00,
    0xf3, 0x0f, 0x1e, 0xfa, 0xff, 0x25, 0x66, 0xf7, 0x00, 0x00, 0x66, 0x0f,
    0x1f, 0x44, 0x00, 0x00, 0xf3, 0x0f, 0x1e, 0xfa, 0xff, 0x25, 0x5e, 0xf7,
    0x00, 0x00, 0x66, 0x0f, 0x1f, 0x44, 0x00, 0x00, 0xf3, 0x0f, 0x1e, 0xfa,
    0xff, 0x25, 0x56, 0xf7, 0x00, 0x00, 0x66, 0x0f, 0x1f, 0x44, 0x00, 0x00,
    0xf3, 0x0f, 0x1e, 0xfa, 0xff, 0x25, 0x4e, 0xf7, 0x00, 0x00, 0x66, 0x0f,
    0x1f, 0x44, 0x00, 0x00, 0xf3, 0x0f, 0x1e, 0xfa, 0xff, 0x25, 0x46, 0xf7,
    0x00, 0x00, 0x66, 0x0f, 0x1f, 0x44, 0x00, 0x00, 0xf3, 0x0f, 0x1e, 0xfa,
    0xff, 0x25, 0x3e, 0xf7, 0x00, 0x00, 0x66, 0x0f, 0x1f, 0x44, 0x00, 0x00,
    0xf3, 0x0f, 0x1e, 0xfa, 0xff, 0x25, 0x36, 0xf7, 0x00, 0x00, 0x66, 0x0f,
    0x1f, 0x44, 0x00, 0x00, 0xf3, 0x0f, 0x1e, 0xfa, 0xff, 0x25, 0x2e, 0xf7,
    0x00, 0x00, 0x66, 0x0f, 0x1f, 0x44, 0x00, 0x00, 0xf3, 0x0f, 0x1e, 0xfa,
    0xff, 0x25, 0x26, 0xf7, 0x00, 0x00, 0x66, 0x0f, 0x1f, 0x44, 0x00, 0x00,
    0xf3, 0x0f, 0x1e, 0xfa, 0xff, 0x25, 0x1e, 0xf7, 0x00, 0x00, 0x66, 0x0f,
    0x1f, 0x44, 0x00, 0x00, 0xf3, 0x0f, 0x1e, 0xfa, 0xff, 0x25, 0x16, 0xf7,
    0x00, 0x00, 0x66, 0x0f, 0x1f, 0x44, 0x00, 0x00, 0xf3, 0x0f, 0x1e, 0xfa,
    0xff, 0x25, 0x0e, 0xf7, 0x00, 0x00, 0x66, 0x0f, 0x1f, 0x44, 0x00, 0x00,
    0xf3, 0x0f, 0x1e, 0xfa, 0xff, 0x25, 0x06, 0xf7, 0x00, 0x00, 0x66, 0x0f,
    0x1f, 0x44, 0x00, 0x00, 0xf3, 0x0f, 0x1e, 0xfa, 0xff, 0x25, 0xfe, 0xf6,
    0x00, 0x00, 0x66, 0x0f, 0x1f, 0x44, 0x00, 0x00, 0xf3, 0x0f, 0x1e, 0xfa,
    0xff, 0x25, 0xf6, 0xf6, 0x00, 0x00, 0x66, 0x0f, 0x1f, 0x44, 0x00, 0x00,
    0xf3, 0x0f, 0x1e, 0xfa, 0xff, 0x25, 0xee, 0xf6, 0x00, 0x00, 0x66, 0x0f,
    0x1f, 0x44, 0x00, 0x00, 0xf3, 0x0f, 0x1e, 0xfa, 0xff, 0x25, 0xe6, 0xf6,
    0x00, 0x00, 0x66, 0x0f, 0x1f, 0x44, 0x00, 0x00, 0xf3, 0x0f, 0x1e, 0xfa,
    0xff, 0x25, 0xde, 0xf6, 0x00, 0x00, 0x66, 0x0f, 0x1f, 0x44, 0x00, 0x00,
    0xf3, 0x0f, 0x1e, 0xfa, 0xff, 0x25, 0xd6, 0xf6, 0x00, 0x00, 0x66, 0x0f,
    0x1f, 0x44, 0x00, 0x00, 0xf3, 0x0f, 0x1e, 0xfa, 0xff, 0x25, 0xce, 0xf6,
    0x00, 0x00, 0x66, 0x0f, 0x1f, 0x44, 0x00, 0x00, 0xf3, 0x0f, 0x1e, 0xfa,
    0xff, 0x25, 0xc6, 0xf6, 0x00, 0x00, 0x66, 0x0f, 0x1f, 0x44, 0x00, 0x00,
    0xf3, 0x0f, 0x1e, 0xfa, 0xff, 0x25, 0xbe, 0xf6, 0x00, 0x00, 0x66, 0x0f,
    0x1f, 0x44, 0x00, 0x00, 0xf3, 0x0f, 0x1e, 0xfa, 0xff, 0x25, 0xb6, 0xf6,
    0x00, 0x00, 0x66, 0x0f, 0x1f, 0x44, 0x00, 0x00, 0xf3, 0x0f, 0x1e, 0xfa,
    0xff, 0x25, 0xae, 0xf6, 0x00, 0x00, 0x66, 0x0f, 0x1f, 0x44, 0x00, 0x00,
    0xf3, 0x0f, 0x1e, 0xfa, 0xff, 0x25, 0xa6, 0xf6, 0x00, 0x00, 0x66, 0x0f,
    0x1f, 0x44, 0x00, 0x00, 0xf3, 0x0f, 0x1e, 0xfa, 0xff, 0x25, 0x9e, 0xf6,
    0x00, 0x00, 0x66, 0x0f, 0x1f, 0x44, 0x00, 0x00, 0xf3, 0x0f, 0x1e, 0xfa,
    0xff, 0x25, 0x96, 0xf6, 0x00, 0x00, 0x66, 0x0f, 0x1f, 0x44, 0x00, 0x00,
    0xf3, 0x0f, 0x1e, 0xfa, 0xff, 0x25, 0x8e, 0xf6, 0x00, 0x00, 0x66, 0x0f,
    0x1f, 0x44, 0x00, 0x00, 0xf3, 0x0f, 0x1e, 0xfa, 0xff, 0x25, 0x86, 0xf6,
    0x00, 0x00, 0x66, 0x0f, 0x1f, 0x44, 0x00, 0x00, 0xf3, 0x0f, 0x1e, 0xfa,
    0xff, 0x25, 0x7e, 0xf6, 0x00, 0x00, 0x66, 0x0f, 0x1f, 0x44, 0x00, 0x00,
    0xf3, 0x0f, 0x1e, 0xfa, 0xff, 0x25, 0x76, 0xf6, 0x00, 0x00, 0x66, 0x0f,
    0x1f, 0x44, 0x00, 0x00, 0x48, 0x8d, 0x0d, 0x09, 0xcb, 0x00, 0x00, 0xba,
    0x57, 0x01, 0x00, 0x00, 0x48, 0x8d, 0x35, 0xf5, 0x96, 0x00, 0x00, 0x48,
    0x8d, 0x3d, 0x26, 0xa0, 0x00, 0x00, 0xe8, 0x41, 0xfc, 0xff, 0xff, 0x48,
    0x8d, 0x0d, 0xea, 0xca, 0x00, 0x00, 0xba, 0x5f, 0x01, 0x00, 0x00, 0x48,
    0x8d, 0x35, 0xd6, 0x96, 0x00, 0x00, 0x48, 0x8d, 0x3d, 0x4f, 0xa0, 0x00,
    0x00, 0xe8, 0x22, 0xfc, 0xff, 0xff, 0x48, 0x8d, 0x0d, 0xcb, 0xca, 0x00,
    0x00, 0xba, 0x57, 0x01, 0x00, 0x00, 0x48, 0x8d, 0x35, 0xb7, 0x96, 0x00,
    0x00, 0x48, 0x8d, 0x3d, 0xe8, 0x9f, 0x00, 0x00, 0xe8, 0x03, 0xfc, 0xff,
    0xff, 0x48, 0x8d, 0x0d, 0x8c, 0xca, 0x00, 0x00, 0xba, 0x4c, 0x01, 0x00,
    0x00, 0x48, 0x8d, 0x35, 0x98, 0x96, 0x00, 0x00, 0x48, 0x8d, 0x3d, 0xa4,
    0x96, 0x00, 0x00, 0xe8, 0xe4, 0xfb, 0xff, 0xff, 0x48, 0x8d, 0x0d, 0x8d,
    0xca, 0x00, 0x00, 0xba, 0x5f, 0x01, 0x00, 0x00, 0x48, 0x8d, 0x35, 0x79,
    0x96, 0x00, 0x00, 0x48, 0x8d, 0x3d, 0xf2, 0x9f, 0x00, 0x00, 0xe8, 0xc5,
    0xfb, 0xff, 0xff, 0x50, 0x58, 0x48, 0x8d, 0x0d, 0xec, 0xc9, 0x00, 0x00,
    0xba, 0xfe, 0x03, 0x00, 0x00, 0x48, 0x8d, 0x35, 0x58, 0x96, 0x00, 0x00,
    0x48, 0x8d, 0x3d, 0x74, 0x96, 0x00, 0x00, 0x50, 0xe8, 0xa3, 0xfb, 0xff,
    0xff, 0x50, 0x58, 0x48, 0x8d, 0x0d, 0xaa, 0xc9, 0x00, 0x00, 0xba, 0xbd,
    0x00, 0x00, 0x00, 0x48, 0x8d, 0x35, 0x36, 0x96, 0x00, 0x00, 0x48, 0x8d,
    0x3d, 0xd7, 0x9f, 0x00, 0x00, 0x50, 0xe8, 0x81, 0xfb, 0xff, 0xff, 0x50,
    0xe8, 0xd8, 0xff, 0xff, 0xff, 0x50, 0x58, 0x48, 0x8d, 0x0d, 0x62, 0xc9,
    0x00, 0x00, 0xba, 0x06, 0x03, 0x00, 0x00, 0x48, 0x8d, 0x35, 0x0e, 0x96,
    0x00, 0x00, 0x48, 0x8d, 0x3d, 0xf7, 0x9f, 0x00, 0x00, 0x50, 0xe8, 0x59,
    0xfb, 0xff, 0xff, 0x50, 0x58, 0x48, 0x8d, 0x0d, 0x20, 0xc9, 0x00, 0x00,
    0xba, 0x0f, 0x03, 0x00, 0x00, 0x48, 0x8d, 0x35, 0xec, 0x95, 0x00, 0x00,
    0x48, 0x8d, 0x3d, 0xd5, 0x9f, 0x00, 0x00, 0x50, 0xe8, 0x37, 0xfb, 0xff,
    0xff, 0x50, 0x58, 0x48, 0x8d, 0x0d, 0x7e, 0xc9, 0x00, 0x00, 0xba, 0xf5,
    0x02, 0x00, 0x00, 0x48, 0x8d, 0x35, 0xca, 0x95, 0x00, 0x00, 0x48, 0x8d,
    0x3d, 0x03, 0xa0, 0x00, 0x00, 0x50, 0xe8, 0x15, 0xfb, 0xff, 0xff, 0x50,
    0xe8, 0xd8, 0xff, 0xff, 0xff, 0x48, 0x8d, 0x0d, 0x88, 0xc9, 0x00, 0x00,
    0xba, 0x10, 0x02, 0x00, 0x00, 0x48, 0x8d, 0x35, 0xa4, 0x95, 0x00, 0x00,
    0x48, 0x8d, 0x3d, 0xc6, 0x95, 0x00, 0x00, 0xe8, 0xf0, 0xfa, 0xff, 0xff,
    0xe8, 0xb4, 0xff, 0xff, 0xff, 0xe8, 0x8d, 0xff, 0xff, 0xff, 0xe8, 0x66,
    0xff, 0xff, 0xff, 0xe8, 0xa5, 0xff, 0xff, 0xff, 0xe8, 0x7e, 0xff, 0xff,
    0xff, 0x48, 0x8d, 0x3d, 0xb1, 0x95, 0x00, 0x00, 0xe8, 0x1b, 0xfe, 0xff,
    0xff, 0x83, 0xc8, 0xff, 0xe9, 0xad, 0x34, 0x00, 0x00, 0x48, 0x8d, 0x3d,
    0x04, 0xa0, 0x00, 0x00, 0xe8, 0x07, 0xfe, 0xff, 0xff, 0xeb, 0xea, 0x31,
    0xd2, 0x44, 0x89, 0xd8, 0x83, 0xe0, 0x07, 0x41, 0x0f, 0xa3, 0xc0, 0x41,
    0x0f, 0x92, 0xc1, 0x83, 0xc2, 0x01, 0x39, 0xd7, 0x0f, 0x8e, 0x7e, 0x01,
    0x00, 0x00, 0x42, 0x8d, 0x04, 0x1a, 0x41, 0x89, 0xc0, 0x41, 0x89, 0xc6,
    0x41, 0xc1, 0xf8, 0x03, 0x41, 0x83, 0xe6, 0x07, 0x41, 0x83, 0xc0, 0x01,
    0x4d, 0x63, 0xc0, 0x46, 0x0f, 0xb6, 0x04, 0x03, 0x45, 0x0f, 0xa3, 0xf0,
    0x41, 0x0f, 0x92, 0xc6, 0x45, 0x38, 0xce, 0x0f, 0x84, 0x4f, 0x01, 0x00,
    0x00, 0x41, 0x39, 0xd5, 0x7f, 0xb6, 0xe9, 0xc1, 0x61, 0x00, 0x00, 0x48,
    0x8d, 0x0d, 0xfa, 0xc7, 0x00, 0x00, 0xba, 0x1b, 0x01, 0x00, 0x00, 0x48,
    0x8d, 0x35, 0xf6, 0x94, 0x00, 0x00, 0x48, 0x8d, 0x3d, 0xbf, 0xa0, 0x00,
    0x00, 0xe8, 0x42, 0xfa, 0xff, 0xff, 0x48, 0x8d, 0x0d, 0x4b, 0xc7, 0x00,
    0x00, 0xba, 0xc7, 0x02, 0x00, 0x00, 0x48, 0x8d, 0x35, 0xd7, 0x94, 0x00,
    0x00, 0x48, 0x8d, 0x3d, 0x78, 0xa0, 0x00, 0x00, 0xe8, 0x23, 0xfa, 0xff,
    0xff, 0x48, 0x8d, 0x0d, 0x2c, 0xc7, 0x00, 0x00, 0xba, 0xc5, 0x02, 0x00,
    0x00, 0x48, 0x8d, 0x35, 0xb8, 0x94, 0x00, 0x00, 0x48, 0x8d, 0x3d, 0xb4,
    0x95, 0x00, 0x00, 0xe8, 0x04, 0xfa, 0xff, 0xff, 0x48, 0x8d, 0x0d, 0x9d,
    0xc7, 0x00, 0x00, 0xba, 0xf9, 0x00, 0x00, 0x00, 0x48, 0x8d, 0x35, 0x99,
    0x94, 0x00, 0x00, 0x48, 0x8d, 0x3d, 0x49, 0x95, 0x00, 0x00, 0xe8, 0xe5,
    0xf9, 0xff, 0xff, 0x48, 0x8d, 0x0d, 0xce, 0xc6, 0x00, 0x00, 0xba, 0xd0,
    0x02, 0x00, 0x00, 0x48, 0x8d, 0x35, 0x7a, 0x94, 0x00, 0x00, 0x48, 0x8d,
    0x3d, 0x66, 0x95, 0x00, 0x00, 0xe8, 0xc6, 0xf9, 0xff, 0xff, 0xe8, 0x8a,
    0xfe, 0xff, 0xff, 0x48, 0x8d, 0x0d, 0x5a, 0xc7, 0x00, 0x00, 0xba, 0xf5,
    0x00, 0x00, 0x00, 0x48, 0x8d, 0x35, 0x56, 0x94, 0x00, 0x00, 0x48, 0x8d,
    0x3d, 0xef, 0x94, 0x00, 0x00, 0xe8, 0xa2, 0xf9, 0xff, 0xff, 0xe8, 0xfa,
    0xfd, 0xff, 0xff, 0xe8, 0x3f, 0xfe, 0xff, 0xff, 0x48, 0x8d, 0x0d, 0xc1,
    0xc6, 0x00, 0x00, 0xba, 0x6a, 0x01, 0x00, 0x00, 0x48, 0x8d, 0x35, 0x2d,
    0x94, 0x00, 0x00, 0x48, 0x8d, 0x3d, 0x8e, 0x9f, 0x00, 0x00, 0xe8, 0x79,
    0xf9, 0xff, 0xff, 0x48, 0x8d, 0x0d, 0x12, 0xc7, 0x00, 0x00, 0xba, 0xff,
    0x00, 0x00, 0x00, 0x48, 0x8d, 0x35, 0x0e, 0x94, 0x00, 0x00, 0x48, 0x8d,
    0x3d, 0xd9, 0x94, 0x00, 0x00, 0xe8, 0x5a, 0xf9, 0xff, 0xff, 0x48, 0x8d,
    0x0d, 0xf3, 0xc6, 0x00, 0x00, 0xba, 0xd1, 0x00, 0x00, 0x00, 0x48, 0x8d,
    0x35, 0xef, 0x93, 0x00, 0x00, 0x48, 0x8d, 0x3d, 0x53, 0x94, 0x00, 0x00,
    0xe8, 0x3b, 0xf9, 0xff, 0xff, 0x48, 0x8d, 0x0d, 0x54, 0xc6, 0x00, 0x00,
    0xba, 0x59, 0x02, 0x00, 0x00, 0x48, 0x8d, 0x35, 0xd0, 0x93, 0x00, 0x00,
    0x48, 0x8d, 0x3d, 0xab, 0x94, 0x00, 0x00, 0xe8, 0x1c, 0xf9, 0xff, 0xff,
    0xe8, 0x9c, 0xfd, 0xff, 0xff, 0x48, 0x8d, 0x0d, 0xa0, 0xc6, 0x00, 0x00,
    0xba, 0xe7, 0x03, 0x00, 0x00, 0x48, 0x8d, 0x35, 0xac, 0x93, 0x00, 0x00,
    0x48, 0x8d, 0x3d, 0x29, 0x94, 0x00, 0x00, 0xe8, 0xf8, 0xf8, 0xff, 0xff,
    0xe8, 0x2e, 0xfd, 0xff, 0xff, 0x48, 0x8d, 0x0d, 0x7c, 0xc6, 0x00, 0x00,
    0xba, 0xe5, 0x03, 0x00, 0x00, 0x48, 0x8d, 0x35, 0x88, 0x93, 0x00, 0x00,
    0x48, 0x8d, 0x3d, 0xb9, 0x9e, 0x00, 0x00, 0xe8, 0xd4, 0xf8, 0xff, 0xff,
    0x48, 0x8d, 0x0d, 0x5d, 0xc6, 0x00, 0x00, 0xba, 0xe4, 0x03, 0x00, 0x00,
    0x48, 0x8d, 0x35, 0x69, 0x93, 0x00, 0x00, 0x48, 0x8d, 0x3d, 0x72, 0x9e,
    0x00, 0x00, 0xe8, 0xb5, 0xf8, 0xff, 0xff, 0x31, 0xc0, 0x41, 0x39, 0xc6,
    0x0f, 0x8e, 0xb3, 0x00, 0x00, 0x00, 0xe8, 0x2a, 0xfd, 0xff, 0xff, 0x48,
    0x8d, 0x0d, 0x2e, 0xc9, 0x00, 0x00, 0xba, 0x8d, 0x03, 0x00, 0x00, 0x48,
    0x8d, 0x35, 0x3a, 0x93, 0x00, 0x00, 0x48, 0x8d, 0x3d, 0x7f, 0x94, 0x00,
    0x00, 0xe8, 0x86, 0xf8, 0xff, 0xff, 0xe8, 0xde, 0xfc, 0xff, 0xff, 0x49,
    0x6b, 0xc4, 0x0a, 0xb9, 0x03, 0x00, 0x00, 0x00, 0x48, 0x83, 0xc0, 0x02,
    0x48, 0x99, 0x48, 0xf7, 0xf9, 0x48, 0x8d, 0x94, 0x24, 0x60, 0x13, 0x00,
    0x00, 0x48, 0x89, 0xd7, 0x83, 0xc0, 0x07, 0x48, 0x63, 0xc8, 0x89, 0xf0,
    0x48, 0xc1, 0xe9, 0x03, 0x89, 0xc9, 0xf3, 0xaa, 0x48, 0x8d, 0x0d, 0xdd,
    0xc8, 0x00, 0x00, 0xba, 0x98, 0x03, 0x00, 0x00, 0x48, 0x8d, 0x35, 0xe9,
    0x92, 0x00, 0x00, 0x48, 0x8d, 0x3d, 0x43, 0x94, 0x00, 0x00, 0xe8, 0x35,
    0xf8, 0xff, 0xff, 0x48, 0x8d, 0x0d, 0x9e, 0xc8, 0x00, 0x00, 0xba, 0xaf,
    0x03, 0x00, 0x00, 0x48, 0x8d, 0x35, 0xca, 0x92, 0x00, 0x00, 0x48, 0x8d,
    0x3d, 0x3f, 0x94, 0x00, 0x00, 0xe8, 0x16, 0xf8, 0xff, 0xff, 0x48, 0x8d,
    0x0d, 0x7f, 0xc8, 0x00, 0x00, 0xba, 0xba, 0x03, 0x00, 0x00, 0x48, 0x8d,
    0x35, 0xab, 0x92, 0x00, 0x00, 0x48, 0x8d, 0x3d, 0x05, 0x94, 0x00, 0x00,
    0xe8, 0xf7, 0xf7, 0xff, 0xff, 0xc6, 0x04, 0x03, 0x00, 0x48, 0x83, 0xc0,
    0x01, 0x41, 0x39, 0xc5, 0x0f, 0x8f, 0x33, 0xff, 0xff, 0xff, 0xe9, 0x7d,
    0x6e, 0x00, 0x00, 0x48, 0x8d, 0x3d, 0x3c, 0x95, 0x00, 0x00, 0xe8, 0x25,
    0xfb, 0xff, 0xff, 0xe9, 0x56, 0x7e, 0x00, 0x00, 0x48, 0x8d, 0x3d, 0x19,
    0xa0, 0x00, 0x00, 0xe8, 0x14, 0xfb, 0xff, 0xff, 0xe9, 0x45, 0x7e, 0x00,
    0x00, 0x48, 0x8d, 0x3d, 0x36, 0x95, 0x00, 0x00, 0xe8, 0x03, 0xfb, 0xff,
    0xff, 0xe9, 0x1a, 0x7f, 0x00, 0x00, 0x48, 0x8d, 0x3d, 0x33, 0x94, 0x00,
    0x00, 0x41, 0x83, 0xcc, 0xff, 0x83, 0xcb, 0xff, 0x41, 0x83, 0xcd, 0xff,
    0xe8, 0xe7, 0xfa, 0xff, 0xff, 0xe9, 0x00, 0x7f, 0x00, 0x00, 0x48, 0x8d,
    0x3d, 0xb2, 0x94, 0x00, 0x00, 0xe8, 0xd6, 0xfa, 0xff, 0xff, 0x48, 0xc7,
    0x84, 0x24, 0x10, 0x01, 0x00, 0x00, 0xff, 0xff, 0xff, 0xff, 0xe9, 0x45,
    0x86, 0x00, 0x00, 0x48, 0x8d, 0x3d, 0xd0, 0x94, 0x00, 0x00, 0xe8, 0xb9,
    0xfa, 0xff, 0xff, 0xe9, 0xa1, 0x82, 0x00, 0x00, 0x48, 0x8d, 0x3d, 0x74,
    0x94, 0x00, 0x00, 0xe8, 0xa8, 0xfa, 0xff, 0xff, 0xe9, 0x23, 0x86, 0x00,
    0x00, 0x48, 0x8d, 0x3d, 0x4f, 0x94, 0x00, 0x00, 0xe8, 0x97, 0xfa, 0xff,
    0xff, 0xe9, 0x12, 0x86, 0x00, 0x00, 0x48, 0x8d, 0x3d, 0x0c, 0x94, 0x00,
    0x00, 0x83, 0xcb, 0xff, 0xe8, 0x83, 0xfa, 0xff, 0xff, 0xe9, 0x9c, 0x7e,
    0x00, 0x00, 0x48, 0x8d, 0x3d, 0x9f, 0x9e, 0x00, 0x00, 0xe8, 0x72, 0xfa,
    0xff, 0xff, 0x8b, 0xbc, 0x24, 0x90, 0x00, 0x00, 0x00, 0xe8, 0xb6, 0xf6,
    0xff, 0xff, 0xc7, 0x84, 0x24, 0x90, 0x00, 0x00, 0x00, 0xff, 0xff, 0xff,
    0xff, 0xe9, 0xd6, 0x85, 0x00, 0x00, 0x48, 0x8d, 0x3d, 0xe8, 0x93, 0x00,
    0x00, 0xe8, 0x4a, 0xfa, 0xff, 0xff, 0xe9, 0xc5, 0x85, 0x00, 0x00, 0x48,
    0x8d, 0x3d, 0x92, 0x93, 0x00, 0x00, 0x41, 0xbd, 0x02, 0x00, 0x00, 0x00,
    0xe8, 0x33, 0xfa, 0xff, 0xff, 0xe9, 0x15, 0x78, 0x00, 0x00, 0x66, 0x2e,
    0x0f, 0x1f, 0x84, 0x00, 0x00, 0x00, 0x00, 0x00, 0x0f, 0x1f, 0x40, 0x00,
    0xf3, 0x0f, 0x1e, 0xfa, 0x41, 0x57, 0x41, 0x56, 0x41, 0x55, 0x41, 0x54,
    0x49, 0x89, 0xf4, 0x55, 0x53, 0x48, 0x83, 0xec, 0x28, 0x83, 0xff, 0x01,
    0x0f, 0x8e, 0x22, 0x02, 0x00, 0x00, 0xc7, 0x44, 0x24, 0x1c, 0x00, 0x00,
    0x00, 0x00, 0x41, 0x89, 0xff, 0xbd, 0x01, 0x00, 0x00, 0x00, 0x4c, 0x8d,
    0x2d, 0xaa, 0x94, 0x00, 0x00, 0x48, 0xc7, 0x44, 0x24, 0x10, 0x00, 0x00,
    0x00, 0x00, 0xc7, 0x44, 0x24, 0x18, 0x00, 0x00, 0x00, 0x00, 0xc7, 0x44,
    0x24, 0x0c, 0x00, 0x00, 0x00, 0x00, 0xc7, 0x44, 0x24, 0x08, 0x00, 0x00,
    0x00, 0x00, 0xe9, 0x8d, 0x00, 0x00, 0x00, 0x0f, 0x1f, 0x44, 0x00, 0x00,
    0x48, 0x8d, 0x35, 0x89, 0x94, 0x00, 0x00, 0x48, 0x89, 0xdf, 0xe8, 0x71,
    0xf8, 0xff, 0xff, 0x85, 0xc0, 0x0f, 0x84, 0x99, 0x01, 0x00, 0x00, 0x48,
    0x8d, 0x35, 0x7b, 0x94, 0x00, 0x00, 0x48, 0x89, 0xdf, 0xe8, 0x5a, 0xf8,
    0xff, 0xff, 0x85, 0xc0, 0x0f, 0x84, 0x92, 0x01, 0x00, 0x00, 0x48, 0x8d,
    0x35, 0x6e, 0x94, 0x00, 0x00, 0x48, 0x89, 0xdf, 0xe8, 0x43, 0xf8, 0xff,
    0xff, 0x85, 0xc0, 0x0f, 0x84, 0x8b, 0x01, 0x00, 0x00, 0x48, 0x8d, 0x35,
    0x61, 0x94, 0x00, 0x00, 0x48, 0x89, 0xdf, 0xe8, 0x2c, 0xf8, 0xff, 0xff,
    0x85, 0xc0, 0x0f, 0x85, 0xeb, 0x01, 0x00, 0x00, 0x83, 0xc5, 0x01, 0x44,
    0x39, 0xfd, 0x0f, 0x8d, 0xdf, 0x01, 0x00, 0x00, 0x4b, 0x8b, 0x44, 0x34,
    0x08, 0x48, 0x89, 0x44, 0x24, 0x10, 0x66, 0x66, 0x2e, 0x0f, 0x1f, 0x84,
    0x00, 0x00, 0x00, 0x00, 0x00, 0x0f, 0x1f, 0x00, 0x83, 0xc5, 0x01, 0x41,
    0x39, 0xef, 0x7e, 0x5e, 0x48, 0x63, 0xc5, 0x4c, 0x89, 0xee, 0x49, 0x8b,
    0x1c, 0xc4, 0x4c, 0x8d, 0x34, 0xc5, 0x00, 0x00, 0x00, 0x00, 0x48, 0x89,
    0xdf, 0xe8, 0xde, 0xf7, 0xff, 0xff, 0x85, 0xc0, 0x0f, 0x84, 0x36, 0x01,
    0x00, 0x00, 0x80, 0x3b, 0x2d, 0x75, 0x10, 0x80, 0x7b, 0x01, 0x68, 0x75,
    0x0a, 0x80, 0x7b, 0x02, 0x00, 0x0f, 0x84, 0x21, 0x01, 0x00, 0x00, 0x48,
    0x8d, 0x35, 0xc0, 0x93, 0x00, 0x00, 0x48, 0x89, 0xdf, 0xe8, 0xb2, 0xf7,
    0xff, 0xff, 0x85, 0xc0, 0x0f, 0x85, 0x2a, 0xff, 0xff, 0xff, 0x83, 0xc5,
    0x01, 0xc7, 0x44, 0x24, 0x08, 0x01, 0x00, 0x00, 0x00, 0x41, 0x39, 0xef,
    0x7f, 0xa2, 0x48, 0x83, 0x7c, 0x24, 0x10, 0x00, 0x75, 0x1c, 0x83, 0x7c,
    0x24, 0x08, 0x00, 0x75, 0x15, 0x8b, 0x44, 0x24, 0x0c, 0x0b, 0x44, 0x24,
    0x18, 0x0f, 0x84, 0xdd, 0x00, 0x00, 0x00, 0x31, 0xc0, 0x48, 0x89, 0x44,
    0x24, 0x10, 0xe8, 0xb1, 0xf7, 0xff, 0xff, 0x85, 0xc0, 0x0f, 0x85, 0x06,
    0x01, 0x00, 0x00, 0x83, 0x7c, 0x24, 0x1c, 0x00, 0x0f, 0x85, 0xec, 0x00,
    0x00, 0x00, 0x48, 0x83, 0x7c, 0x24, 0x10, 0x00, 0x0f, 0x85, 0xcc, 0x00,
    0x00, 0x00, 0x83, 0x7c, 0x24, 0x0c, 0x00, 0x74, 0x66, 0xe8, 0x36, 0xf8,
    0xff, 0xff, 0x85, 0xc0, 0x0f, 0x88, 0x3e, 0x01, 0x00, 0x00, 0x0f, 0x85,
    0xf8, 0x00, 0x00, 0x00, 0xe8, 0xa3, 0xf4, 0xff, 0xff, 0x85, 0xc0, 0x0f,
    0x88, 0x2b, 0x01, 0x00, 0x00, 0xbe, 0x02, 0x00, 0x00, 0x00, 0x48, 0x8d,
    0x3d, 0x53, 0x93, 0x00, 0x00, 0x31, 0xc0, 0xe8, 0x28, 0xf6, 0xff, 0xff,
    0x89, 0xc3, 0x85, 0xc0, 0x78, 0x2d, 0x31, 0xf6, 0x89, 0xc7, 0xe8, 0x29,
    0xf4, 0xff, 0xff, 0xbe, 0x01, 0x00, 0x00, 0x00, 0x89, 0xdf, 0xe8, 0x1d,
    0xf4, 0xff, 0xff, 0xbe, 0x02, 0x00, 0x00, 0x00, 0x89, 0xdf, 0xe8, 0x11,
    0xf4, 0xff, 0xff, 0x83, 0xfb, 0x02, 0x7e, 0x07, 0x89, 0xdf, 0xe8, 0x75,
    0xf4, 0xff, 0xff, 0x8b, 0x7c, 0x24, 0x18, 0xe8, 0xdc, 0x83, 0x00, 0x00,
    0x85, 0xc0, 0x0f, 0x95, 0xc0, 0x0f, 0xb6, 0xc0, 0xeb, 0x3d, 0x66, 0x90,
    0xc7, 0x44, 0x24, 0x0c, 0x01, 0x00, 0x00, 0x00, 0xe9, 0xc3, 0xfe, 0xff,
    0xff, 0x0f, 0x1f, 0x00, 0xc7, 0x44, 0x24, 0x18, 0x01, 0x00, 0x00, 0x00,
    0xe9, 0xb3, 0xfe, 0xff, 0xff, 0x0f, 0x1f, 0x00, 0xc7, 0x44, 0x24, 0x1c,
    0x01, 0x00, 0x00, 0x00, 0xe9, 0xa3, 0xfe, 0xff, 0xff, 0x0f, 0x1f, 0x00,
    0x49, 0x8b, 0x3c, 0x24, 0xe8, 0xe7, 0x63, 0x00, 0x00, 0x31, 0xc0, 0x48,
    0x83, 0xc4, 0x28, 0x5b, 0x5d, 0x41, 0x5c, 0x41, 0x5d, 0x41, 0x5e, 0x41,
    0x5f, 0xc3, 0x48, 0x8b, 0x7c, 0x24, 0x10, 0xe8, 0xcc, 0x74, 0x00, 0x00,
    0x85, 0xc0, 0x0f, 0x95, 0xc0, 0x0f, 0xb6, 0xc0, 0xeb, 0xdd, 0xc7, 0x05,
    0xd4, 0xee, 0x00, 0x00, 0x01, 0x00, 0x00, 0x00, 0xe9, 0x05, 0xff, 0xff,
    0xff, 0xbf, 0x21, 0x00, 0x00, 0x00, 0xe8, 0x69, 0x63, 0x00, 0x00, 0x48,
    0x89, 0xc7, 0x48, 0x8b, 0x05, 0x77, 0xee, 0x00, 0x00, 0x48, 0x8b, 0x30,
    0xe8, 0x87, 0xf5, 0xff, 0xff, 0xb8, 0x01, 0x00, 0x00, 0x00, 0xeb, 0xab,
    0x31, 0xff, 0xe8, 0x79, 0xf4, 0xff, 0xff, 0xbf, 0x20, 0x00, 0x00, 0x00,
    0xe8, 0x3f, 0x63, 0x00, 0x00, 0x48, 0x89, 0xd9, 0xbe, 0x02, 0x00, 0x00,
    0x00, 0x48, 0x89, 0xc2, 0x48, 0x8b, 0x05, 0x45, 0xee, 0x00, 0x00, 0x48,
    0x8b, 0x38, 0x31, 0xc0, 0xe8, 0xd3, 0xf3, 0xff, 0xff, 0x49, 0x8b, 0x3c,
    0x24, 0xe8, 0x5a, 0x63, 0x00, 0x00, 0xb8, 0x02, 0x00, 0x00, 0x00, 0xe9,
    0x6b, 0xff, 0xff, 0xff, 0xbf, 0x22, 0x00, 0x00, 0x00, 0xe8, 0x06, 0x63,
    0x00, 0x00, 0x48, 0x89, 0xc7, 0xe8, 0x2e, 0xf7, 0xff, 0xff, 0xeb, 0xa5,
    0x66, 0x2e, 0x0f, 0x1f, 0x84, 0x00, 0x00, 0x00, 0x00, 0x00, 0x66, 0x90,
    0xf3, 0x0f, 0x1e, 0xfa, 0x31, 0xed, 0x49, 0x89, 0xd1, 0x5e, 0x48, 0x89,
    0xe2, 0x48, 0x83, 0xe4, 0xf0, 0x50, 0x54, 0x45, 0x31, 0xc0, 0x31, 0xc9,
    0x48, 0x8d, 0x3d, 0xe1, 0xfc, 0xff, 0xff, 0xff, 0x15, 0xeb, 0xed, 0x00,
    0x00, 0xf4, 0x66, 0x2e, 0x0f, 0x1f, 0x84, 0x00, 0x00, 0x00, 0x00, 0x00,
    0x48, 0x8d, 0x3d, 0x09, 0xee, 0x00, 0x00, 0x48, 0x8d, 0x05, 0x02, 0xee,
    0x00, 0x00, 0x48, 0x39, 0xf8, 0x74, 0x15, 0x48, 0x8b, 0x05, 0xa6, 0xed,
    0x00, 0x00, 0x48, 0x85, 0xc0, 0x74, 0x09, 0xff, 0xe0, 0x0f, 0x1f, 0x80,
    0x00, 0x00, 0x00, 0x00, 0xc3, 0x0f, 0x1f, 0x80, 0x00, 0x00, 0x00, 0x00,
    0x48, 0x8d, 0x3d, 0xd9, 0xed, 0x00, 0x00, 0x48, 0x8d, 0x35, 0xd2, 0xed,
    0x00, 0x00, 0x48, 0x29, 0xfe, 0x48, 0x89, 0xf0, 0x48, 0xc1, 0xee, 0x3f,
    0x48, 0xc1, 0xf8, 0x03, 0x48, 0x01, 0xc6, 0x48, 0xd1, 0xfe, 0x74, 0x14,
    0x48, 0x8b, 0x05, 0x6d, 0xed, 0x00, 0x00, 0x48, 0x85, 0xc0, 0x74, 0x08,
    0xff, 0xe0, 0x66, 0x0f, 0x1f, 0x44, 0x00, 0x00, 0xc3, 0x0f, 0x1f, 0x80,
    0x00, 0x00, 0x00, 0x00, 0xf3, 0x0f, 0x1e, 0xfa, 0x80, 0x3d, 0x95, 0xed,
    0x00, 0x00, 0x00, 0x75, 0x2b, 0x55, 0x48, 0x83, 0x3d, 0x4a, 0xed, 0x00,
    0x00, 0x00, 0x48, 0x89, 0xe5, 0x74, 0x0c, 0x48, 0x8b, 0x3d, 0x76, 0xed,
    0x00, 0x00, 0xe8, 0x19, 0xf2, 0xff, 0xff, 0xe8, 0x64, 0xff, 0xff, 0xff,
    0xc6, 0x05, 0x6d, 0xed, 0x00, 0x00, 0x01, 0x5d, 0xc3, 0x0f, 0x1f, 0x00,
    0xc3, 0x0f, 0x1f, 0x80, 0x00, 0x00, 0x00, 0x00, 0xf3, 0x0f, 0x1e, 0xfa,
    0xe9, 0x77, 0xff, 0xff, 0xff, 0x0f, 0x1f, 0x80, 0x00, 0x00, 0x00, 0x00,
    0x41, 0x57, 0x89, 0xd0, 0x41, 0x56, 0x41, 0x55, 0x41, 0x54, 0x55, 0x31,
    0xed, 0x85, 0xf6, 0x0f, 0x49, 0xee, 0x85, 0xd2, 0xba, 0x00, 0x00, 0x00,
    0x00, 0x53, 0x0f, 0x49, 0xd0, 0x01, 0xce, 0x8b, 0x4f, 0x08, 0x39, 0xce,
    0x0f, 0x4f, 0xf1, 0x41, 0x01, 0xc0, 0x8b, 0x47, 0x0c, 0x41, 0x39, 0xc0,
    0x44, 0x0f, 0x4f, 0xc0, 0x39, 0xf5, 0x0f, 0x8d, 0xd2, 0x00, 0x00, 0x00,
    0x41, 0x39, 0xd0, 0x0f, 0x8e, 0xc9, 0x00, 0x00, 0x00, 0x8b, 0x5f, 0x10,
    0x89, 0xf0, 0x4c, 0x8b, 0x17, 0x89, 0xd7, 0x29, 0xe8, 0x89, 0x6c, 0x24,
    0xf4, 0x66, 0x41, 0x0f, 0x6e, 0xc9, 0x4c, 0x63, 0xe5, 0xc1, 0xeb, 0x02,
    0x41, 0x89, 0xc3, 0x44, 0x8d, 0x68, 0xff, 0x41, 0x89, 0xc6, 0x0f, 0xaf,
    0xfb, 0x83, 0xe0, 0xfc, 0x41, 0xc1, 0xeb, 0x02, 0x41, 0x83, 0xe6, 0x03,
    0x01, 0xe8, 0x49, 0xc1, 0xe3, 0x04, 0x66, 0x0f, 0x70, 0xc1, 0x00, 0x89,
    0xc5, 0x66, 0x66, 0x2e, 0x0f, 0x1f, 0x84, 0x00, 0x00, 0x00, 0x00, 0x00,
    0x89, 0xf9, 0x41, 0x83, 0xfd, 0x02, 0x0f, 0x86, 0x9c, 0x00, 0x00, 0x00,
    0x49, 0x8d, 0x04, 0x0c, 0x49, 0x8d, 0x04, 0x82, 0x4d, 0x8d, 0x3c, 0x03,
    0x41, 0xf6, 0xc3, 0x10, 0x74, 0x12, 0x0f, 0x11, 0x00, 0x48, 0x83, 0xc0,
    0x10, 0x49, 0x39, 0xc7, 0x74, 0x16, 0x66, 0x0f, 0x1f, 0x44, 0x00, 0x00,
    0x0f, 0x11, 0x00, 0x48, 0x83, 0xc0, 0x20, 0x0f, 0x11, 0x40, 0xf0, 0x49,
    0x39, 0xc7, 0x75, 0xf0, 0x45, 0x85, 0xf6, 0x74, 0x4b, 0x89, 0xe8, 0x4c,
    0x63, 0xf8, 0x49, 0x01, 0xcf, 0x47, 0x89, 0x0c, 0xba, 0x44, 0x8d, 0x78,
    0x01, 0x44, 0x39, 0xfe, 0x7e, 0x1a, 0x4d, 0x63, 0xff, 0x83, 0xc0, 0x02,
    0x49, 0x01, 0xcf, 0x47, 0x89, 0x0c, 0xba, 0x39, 0xc6, 0x7e, 0x09, 0x48,
    0x98, 0x48, 0x01, 0xc8, 0x45, 0x89, 0x0c, 0x82, 0x83, 0xc2, 0x01, 0x01,
    0xdf, 0x41, 0x39, 0xd0, 0x7f, 0x82, 0x5b, 0x5d, 0x41, 0x5c, 0x41, 0x5d,
    0x41, 0x5e, 0x41, 0x5f, 0xc3, 0x0f, 0x1f, 0x80, 0x00, 0x00, 0x00, 0x00,
    0x83, 0xc2, 0x01, 0x01, 0xdf, 0x41, 0x39, 0xd0, 0x7e, 0xe4, 0x89, 0xf9,
    0xe9, 0x6b, 0xff, 0xff, 0xff, 0x0f, 0x1f, 0x80, 0x00, 0x00, 0x00, 0x00,
    0x8b, 0x44, 0x24, 0xf4, 0xeb, 0x99, 0x66, 0x90, 0x48, 0x8b, 0x0f, 0x48,
    0x89, 0xfa, 0x31, 0xc0, 0x0f, 0xb6, 0x31, 0x40, 0x84, 0xf6, 0x74, 0x36,
    0x78, 0x0e, 0x48, 0x83, 0xc1, 0x01, 0x40, 0x0f, 0xb6, 0xc6, 0x48, 0x89,
    0x0f, 0xc3, 0x66, 0x90, 0x89, 0xf0, 0x83, 0xe0, 0xe0, 0x3c, 0xc0, 0x75,
    0x27, 0x0f, 0xb6, 0x79, 0x01, 0x89, 0xf8, 0x83, 0xe0, 0xc0, 0x3c, 0x80,
    0x0f, 0x84, 0xd6, 0x00, 0x00, 0x00, 0x48, 0x83, 0xc1, 0x01, 0xb8, 0xff,
    0xff, 0xff, 0xff, 0x48, 0x89, 0x0a, 0xc3, 0x66, 0x0f, 0x1f, 0x84, 0x00,
    0x00, 0x00, 0x00, 0x00, 0x89, 0xf0, 0x83, 0xe0, 0xf0, 0x3c, 0xe0, 0x74,
    0x67, 0x89, 0xf0, 0x83, 0xe0, 0xf8, 0x3c, 0xf0, 0x75, 0xd8, 0x0f, 0xb6,
    0x79, 0x01, 0x89, 0xf8, 0x83, 0xe0, 0xc0, 0x3c, 0x80, 0x75, 0xcb, 0x0f,
    0xb6, 0x41, 0x02, 0x41, 0x89, 0xc0, 0x41, 0x83, 0xe0, 0xc0, 0x41, 0x80,
    0xf8, 0x80, 0x75, 0xba, 0x44, 0x0f, 0xb6, 0x41, 0x03, 0x45, 0x89, 0xc1,
    0x41, 0x83, 0xe1, 0xc0, 0x41, 0x80, 0xf9, 0x80, 0x75, 0xa8, 0xc1, 0xe6,
    0x12, 0xc1, 0xe7, 0x0c, 0x41, 0x83, 0xe0, 0x3f, 0x48, 0x83, 0xc1, 0x04,
    0x81, 0xe6, 0x00, 0x00, 0x1c, 0x00, 0x81, 0xe7, 0x00, 0xf0, 0x03, 0x00,
    0xc1, 0xe0, 0x06, 0x48, 0x89, 0x0a, 0x09, 0xfe, 0x25, 0xc0, 0x0f, 0x00,
    0x00, 0x44, 0x09, 0xc6, 0x09, 0xf0, 0xc3, 0x90, 0x0f, 0xb6, 0x79, 0x01,
    0x89, 0xf8, 0x83, 0xe0, 0xc0, 0x3c, 0x80, 0x0f, 0x85, 0x69, 0xff, 0xff,
    0xff, 0x44, 0x0f, 0xb6, 0x41, 0x02, 0x44, 0x89, 0xc0, 0x83, 0xe0, 0xc0,
    0x3c, 0x80, 0x0f, 0x85, 0x56, 0xff, 0xff, 0xff, 0x89, 0xf0, 0xc1, 0xe7,
    0x06, 0x41, 0x83, 0xe0, 0x3f, 0x48, 0x83, 0xc1, 0x03, 0xc1, 0xe0, 0x0c,
    0x81, 0xe7, 0xc0, 0x0f, 0x00, 0x00, 0x48, 0x89, 0x0a, 0x25, 0x00, 0xf0,
    0x00, 0x00, 0x09, 0xf8, 0x44, 0x09, 0xc0, 0xc3, 0x0f, 0x1f, 0x84, 0x00,
    0x00, 0x00, 0x00, 0x00, 0x89, 0xf0, 0x83, 0xe7, 0x3f, 0x48, 0x83, 0xc1,
    0x02, 0xc1, 0xe0, 0x06, 0x48, 0x89, 0x0a, 0x25, 0xc0, 0x07, 0x00, 0x00,
    0x09, 0xf8, 0xc3, 0x66, 0x0f, 0x1f, 0x84, 0x00, 0x00, 0x00, 0x00, 0x00,
    0x41, 0x89, 0xf8, 0x45, 0x31, 0xc9, 0x48, 0x89, 0xf7, 0x41, 0x83, 0xf8,
    0x01, 0x74, 0x62, 0x44, 0x89, 0xc0, 0x44, 0x89, 0xc1, 0x48, 0x69, 0xc0,
    0x25, 0x49, 0x92, 0x24, 0x48, 0xc1, 0xe8, 0x20, 0x29, 0xc1, 0xd1, 0xe9,
    0x01, 0xc1, 0xc1, 0xe9, 0x02, 0x44, 0x8d, 0x49, 0x02, 0x83, 0xc1, 0x01,
    0x43, 0x8d, 0x04, 0x49, 0x8d, 0x34, 0x8d, 0x00, 0x00, 0x00, 0x00, 0x42,
    0x8d, 0x44, 0xc0, 0x05, 0x99, 0xf7, 0xfe, 0x48, 0x63, 0xd1, 0x42, 0x8d,
    0x34, 0x85, 0x0a, 0x00, 0x00, 0x00, 0x48, 0x01, 0xfa, 0x01, 0xc0, 0x66,
    0x66, 0x2e, 0x0f, 0x1f, 0x84, 0x00, 0x00, 0x00, 0x00, 0x00, 0x66, 0x90,
    0x40, 0x88, 0x32, 0x48, 0x83, 0xea, 0x01, 0x29, 0xc6, 0x48, 0x39, 0xfa,
    0x75, 0xf2, 0xc6, 0x02, 0x06, 0x44, 0x89, 0xc8, 0xc3, 0x66, 0x66, 0x2e,
    0x0f, 0x1f, 0x84, 0x00, 0x00, 0x00, 0x00, 0x00, 0x8d, 0x47, 0xff, 0x48,
    0x83, 0xec, 0x08, 0x83, 0xf8, 0x27, 0x0f, 0x87, 0x80, 0xf3, 0xff, 0xff,
    0x8d, 0x47, 0x08, 0x0f, 0xaf, 0xc7, 0x83, 0xc0, 0x04, 0xc1, 0xe0, 0x04,
    0x83, 0xff, 0x01, 0x74, 0x4a, 0x89, 0xfe, 0x89, 0xfa, 0x48, 0x69, 0xf6,
    0x25, 0x49, 0x92, 0x24, 0x48, 0xc1, 0xee, 0x20, 0x29, 0xf2, 0xd1, 0xea,
    0x01, 0xf2, 0xc1, 0xea, 0x02, 0x83, 0xc2, 0x02, 0x8d, 0x34, 0x92, 0x8d,
    0x74, 0xb6, 0xf6, 0x0f, 0xaf, 0xd6, 0x83, 0xea, 0x37, 0x29, 0xd0, 0x83,
    0xff, 0x06, 0x8d, 0x50, 0xdc, 0x0f, 0x4f, 0xc2, 0x8d, 0x90, 0x30, 0xff,
    0xff, 0xff, 0x81, 0xfa, 0x00, 0x73, 0x00, 0x00, 0x0f, 0x87, 0x49, 0xf3,
    0xff, 0xff, 0x48, 0x83, 0xc4, 0x08, 0xc3, 0xb8, 0xd0, 0x00, 0x00, 0x00,
    0xeb, 0xf4, 0x66, 0x66, 0x2e, 0x0f, 0x1f, 0x84, 0x00, 0x00, 0x00, 0x00,
    0x00, 0x0f, 0x1f, 0x00, 0x48, 0x83, 0xec, 0x08, 0x83, 0xfe, 0x03, 0x0f,
    0x87, 0x60, 0xf3, 0xff, 0xff, 0x8d, 0x47, 0xff, 0x89, 0xfa, 0x83, 0xf8,
    0x27, 0x0f, 0x87, 0x33, 0xf3, 0xff, 0xff, 0x8d, 0x47, 0x08, 0x0f, 0xaf,
    0xc7, 0x83, 0xc0, 0x04, 0xc1, 0xe0, 0x04, 0x83, 0xff, 0x01, 0x0f, 0x84,
    0x80, 0x00, 0x00, 0x00, 0x89, 0xff, 0x89, 0xd1, 0x48, 0x69, 0xff, 0x25,
    0x49, 0x92, 0x24, 0x48, 0xc1, 0xef, 0x20, 0x29, 0xf9, 0xd1, 0xe9, 0x01,
    0xf9, 0xc1, 0xe9, 0x02, 0x83, 0xc1, 0x02, 0x8d, 0x3c, 0x89, 0x8d, 0x7c,
    0xbf, 0xf6, 0x0f, 0xaf, 0xcf, 0x83, 0xe9, 0x37, 0x29, 0xc8, 0x83, 0xfa,
    0x06, 0x8d, 0x48, 0xdc, 0x0f, 0x4f, 0xc1, 0x8d, 0x88, 0x30, 0xff, 0xff,
    0xff, 0x81, 0xf9, 0x00, 0x73, 0x00, 0x00, 0x0f, 0x87, 0x17, 0xf3, 0xff,
    0xff, 0xc1, 0xf8, 0x03, 0x48, 0x63, 0xce, 0x48, 0x63, 0xd2, 0x48, 0x8d,
    0x34, 0x89, 0x48, 0x8d, 0x3c, 0xf1, 0x48, 0x8d, 0x0d, 0x83, 0xbe, 0x00,
    0x00, 0x48, 0x8d, 0x35, 0xbc, 0xbd, 0x00, 0x00, 0x48, 0x01, 0xf9, 0x48,
    0x01, 0xfe, 0x0f, 0xbe, 0x0c, 0x11, 0x0f, 0xbe, 0x14, 0x16, 0x48, 0x83,
    0xc4, 0x08, 0x0f, 0xaf, 0xd1, 0x29, 0xd0, 0xc3, 0x0f, 0x1f, 0x40, 0x00,
    0xb8, 0x1a, 0x00, 0x00, 0x00, 0xeb, 0xc1, 0x66, 0x0f, 0x1f, 0x84, 0x00,
    0x00, 0x00, 0x00, 0x00, 0x89, 0xf0, 0x83, 0xfe, 0x10, 0x0f, 0x87, 0x24,
    0xf3, 0xff, 0xff, 0x48, 0x89, 0xd6, 0x41, 0x89, 0xf8, 0x48, 0x89, 0xca,
    0x89, 0xc1, 0x49, 0xd3, 0xe8, 0x4d, 0x85, 0xc0, 0x0f, 0x85, 0x0d, 0xf3,
    0xff, 0xff, 0x8d, 0x48, 0xff, 0x85, 0xc0, 0x0f, 0x84, 0x60, 0x03, 0x00,
    0x00, 0x44, 0x8b, 0x02, 0x41, 0x89, 0xf9, 0x41, 0xd3, 0xe9, 0x45, 0x89,
    0xc2, 0x44, 0x89, 0xc1, 0x41, 0x83, 0xe1, 0x01, 0x41, 0xc1, 0xfa, 0x03,
    0xf7, 0xd1, 0x83, 0xe1, 0x07, 0x4d, 0x63, 0xd2, 0x41, 0xd3, 0xe1, 0x46,
    0x08, 0x0c, 0x16, 0x44, 0x8b, 0x1a, 0x8d, 0x48, 0xfe, 0x45, 0x8d, 0x43,
    0x01, 0x44, 0x89, 0x02, 0x83, 0xf8, 0x01, 0x0f, 0x84, 0x24, 0x03, 0x00,
    0x00, 0x41, 0x89, 0xf9, 0x45, 0x89, 0xc2, 0x41, 0xd3, 0xe9, 0x44, 0x89,
    0xc1, 0x41, 0xc1, 0xfa, 0x03, 0xf7, 0xd1, 0x4d, 0x63, 0xd2, 0x41, 0x83,
    0xe1, 0x01, 0x83, 0xe1, 0x07, 0x41, 0xd3, 0xe1, 0x46, 0x08, 0x0c, 0x16,
    0x44, 0x8b, 0x1a, 0x8d, 0x48, 0xfd, 0x45, 0x8d, 0x43, 0x01, 0x44, 0x89,
    0x02, 0x83, 0xf8, 0x02, 0x0f, 0x84, 0xeb, 0x02, 0x00, 0x00, 0x41, 0x89,
    0xf9, 0x45, 0x89, 0xc2, 0x41, 0xd3, 0xe9, 0x44, 0x89, 0xc1, 0x41, 0xc1,
    0xfa, 0x03, 0xf7, 0xd1, 0x4d, 0x63, 0xd2, 0x41, 0x83, 0xe1, 0x01, 0x83,
    0xe1, 0x07, 0x41, 0xd3, 0xe1, 0x46, 0x08, 0x0c, 0x16, 0x44, 0x8b, 0x1a,
    0x8d, 0x48, 0xfc, 0x45, 0x8d, 0x43, 0x01, 0x44, 0x89, 0x02, 0x83, 0xf8,
    0x03, 0x0f, 0x84, 0xb2, 0x02, 0x00, 0x00, 0x41, 0x89, 0xf9, 0x45, 0x89,
    0xc2, 0x41, 0xd3, 0xe9, 0x44, 0x89, 0xc1, 0x41, 0xc1, 0xfa, 0x03, 0xf7,
    0xd1, 0x4d, 0x63, 0xd2, 0x41, 0x83, 0xe1, 0x01, 0x83, 0xe1, 0x07, 0x41,
    0xd3, 0xe1, 0x46, 0x08, 0x0c, 0x16, 0x44, 0x8b, 0x1a, 0x8d, 0x48, 0xfb,
    0x45, 0x8d, 0x43, 0x01, 0x44, 0x89, 0x02, 0x83, 0xf8, 0x04, 0x0f, 0x84,
    0x79, 0x02, 0x00, 0x00, 0x41, 0x89, 0xf9, 0x45, 0x89, 0xc2, 0x41, 0xd3,
    0xe9, 0x44, 0x89, 0xc1, 0x41, 0xc1, 0xfa, 0x03, 0xf7, 0xd1, 0x4d, 0x63,
    0xd2, 0x41, 0x83, 0xe1, 0x01, 0x83, 0xe1, 0x07, 0x41, 0xd3, 0xe1, 0x46,
    0x08, 0x0c, 0x16, 0x44, 0x8b, 0x1a, 0x8d, 0x48, 0xfa, 0x45, 0x8d, 0x43,
    0x01, 0x44, 0x89, 0x02, 0x83, 0xf8, 0x05, 0x0f, 0x84, 0x40, 0x02, 0x00,
    0x00, 0x41, 0x89, 0xf9, 0x45, 0x89, 0xc2, 0x41, 0xd3, 0xe9, 0x44, 0x89,
    0xc1, 0x41, 0xc1, 0xfa, 0x03, 0xf7, 0xd1, 0x4d, 0x63, 0xd2, 0x41, 0x83,
    0xe1, 0x01, 0x83, 0xe1, 0x07, 0x41, 0xd3, 0xe1, 0x46, 0x08, 0x0c, 0x16,
    0x44, 0x8b, 0x1a, 0x8d, 0x48, 0xf9, 0x45, 0x8d, 0x43, 0x01, 0x44, 0x89,
    0x02, 0x83, 0xf8, 0x06, 0x0f, 0x84, 0x07, 0x02, 0x00, 0x00, 0x41, 0x89,
    0xf9, 0x45, 0x89, 0xc2, 0x41, 0xd3, 0xe9, 0x44, 0x89, 0xc1, 0x41, 0xc1,
    0xfa, 0x03, 0xf7, 0xd1, 0x4d, 0x63, 0xd2, 0x41, 0x83, 0xe1, 0x01, 0x83,
    0xe1, 0x07, 0x41, 0xd3, 0xe1, 0x46, 0x08, 0x0c, 0x16, 0x44, 0x8b, 0x1a,
    0x8d, 0x48, 0xf8, 0x45, 0x8d, 0x43, 0x01, 0x44, 0x89, 0x02, 0x83, 0xf8,
    0x07, 0x0f, 0x84, 0xce, 0x01, 0x00, 0x00, 0x41, 0x89, 0xf9, 0x45, 0x89,
    0xc2, 0x41, 0xd3, 0xe9, 0x44, 0x89, 0xc1, 0x41, 0xc1, 0xfa, 0x03, 0xf7,
    0xd1, 0x4d, 0x63, 0xd2, 0x41, 0x83, 0xe1, 0x01, 0x83, 0xe1, 0x07, 0x41,
    0xd3, 0xe1, 0x46, 0x08, 0x0c, 0x16, 0x44, 0x8b, 0x1a, 0x8d, 0x48, 0xf7,
    0x45, 0x8d, 0x43, 0x01, 0x44, 0x89, 0x02, 0x83, 0xf8, 0x08, 0x0f, 0x84,
    0x95, 0x01, 0x00, 0x00, 0x41, 0x89, 0xf9, 0x45, 0x89, 0xc2, 0x41, 0xd3,
    0xe9, 0x44, 0x89, 0xc1, 0x41, 0xc1, 0xfa, 0x03, 0xf7, 0xd1, 0x4d, 0x63,
    0xd2, 0x41, 0x83, 0xe1, 0x01, 0x83, 0xe1, 0x07, 0x41, 0xd3, 0xe1, 0x46,
    0x08, 0x0c, 0x16, 0x44, 0x8b, 0x1a, 0x8d, 0x48, 0xf6, 0x45, 0x8d, 0x43,
    0x01, 0x44, 0x89, 0x02, 0x83, 0xf8, 0x09, 0x0f, 0x84, 0x5c, 0x01, 0x00,
    0x00, 0x41, 0x89, 0xf9, 0x45, 0x89, 0xc2, 0x41, 0xd3, 0xe9, 0x44, 0x89,
    0xc1, 0x41, 0xc1, 0xfa, 0x03, 0xf7, 0xd1, 0x4d, 0x63, 0xd2, 0x41, 0x83,
    0xe1, 0x01, 0x83, 0xe1, 0x07, 0x41, 0xd3, 0xe1, 0x46, 0x08, 0x0c, 0x16,
    0x44, 0x8b, 0x1a, 0x8d, 0x48, 0xf5, 0x45, 0x8d, 0x43, 0x01, 0x44, 0x89,
    0x02, 0x83, 0xf8, 0x0a, 0x0f, 0x84, 0x23, 0x01, 0x00, 0x00, 0x41, 0x89,
    0xf9, 0x45, 0x89, 0xc2, 0x41, 0xd3, 0xe9, 0x44, 0x89, 0xc1, 0x41, 0xc1,
    0xfa, 0x03, 0xf7, 0xd1, 0x4d, 0x63, 0xd2, 0x41, 0x83, 0xe1, 0x01, 0x83,
    0xe1, 0x07, 0x41, 0xd3, 0xe1, 0x46, 0x08, 0x0c, 0x16, 0x44, 0x8b, 0x1a,
    0x8d, 0x48, 0xf4, 0x45, 0x8d, 0x43, 0x01, 0x44, 0x89, 0x02, 0x83, 0xf8,
    0x0b, 0x0f, 0x84, 0xea, 0x00, 0x00, 0x00, 0x41, 0x89, 0xf9, 0x45, 0x89,
    0xc2, 0x41, 0xd3, 0xe9, 0x44, 0x89, 0xc1, 0x41, 0xc1, 0xfa, 0x03, 0xf7,
    0xd1, 0x4d, 0x63, 0xd2, 0x41, 0x83, 0xe1, 0x01, 0x83, 0xe1, 0x07, 0x41,
    0xd3, 0xe1, 0x46, 0x08, 0x0c, 0x16, 0x44, 0x8b, 0x1a, 0x8d, 0x48, 0xf3,
    0x45, 0x8d, 0x43, 0x01, 0x44, 0x89, 0x02, 0x83, 0xf8, 0x0c, 0x0f, 0x84,
    0xb1, 0x00, 0x00, 0x00, 0x41, 0x89, 0xf9, 0x45, 0x89, 0xc2, 0x41, 0xd3,
    0xe9, 0x44, 0x89, 0xc1, 0x41, 0xc1, 0xfa, 0x03, 0xf7, 0xd1, 0x4d, 0x63,
    0xd2, 0x41, 0x83, 0xe1, 0x01, 0x83, 0xe1, 0x07, 0x41, 0xd3, 0xe1, 0x46,
    0x08, 0x0c, 0x16, 0x44, 0x8b, 0x1a, 0x8d, 0x48, 0xf2, 0x45, 0x8d, 0x43,
    0x01, 0x44, 0x89, 0x02, 0x83, 0xf8, 0x0d, 0x74, 0x7c, 0x41, 0x89, 0xf9,
    0x45, 0x89, 0xc2, 0x41, 0xd3, 0xe9, 0x44, 0x89, 0xc1, 0x41, 0xc1, 0xfa,
    0x03, 0xf7, 0xd1, 0x4d, 0x63, 0xd2, 0x41, 0x83, 0xe1, 0x01, 0x83, 0xe1,
    0x07, 0x41, 0xd3, 0xe1, 0x46, 0x08, 0x0c, 0x16, 0x44, 0x8b, 0x1a, 0x8d,
    0x48, 0xf1, 0x45, 0x8d, 0x43, 0x01, 0x44, 0x89, 0x02, 0x83, 0xf8, 0x0e,
    0x74, 0x47, 0x41, 0x89, 0xf9, 0x45, 0x89, 0xc2, 0x41, 0xd3, 0xe9, 0x44,
    0x89, 0xc1, 0x41, 0xc1, 0xfa, 0x03, 0xf7, 0xd1, 0x4d, 0x63, 0xd2, 0x41,
    0x83, 0xe1, 0x01, 0x83, 0xe1, 0x07, 0x41, 0xd3, 0xe1, 0x46, 0x08, 0x0c,
    0x16, 0x8b, 0x0a, 0x83, 0xc1, 0x01, 0x89, 0x0a, 0x83, 0xf8, 0x0f, 0x74,
    0x18, 0x89, 0xc8, 0xf7, 0xd1, 0x83, 0xe7, 0x01, 0xc1, 0xf8, 0x03, 0x83,
    0xe1, 0x07, 0x48, 0x98, 0xd3, 0xe7, 0x40, 0x08, 0x3c, 0x06, 0x83, 0x02,
    0x01, 0xc3, 0x66, 0x90, 0x0f, 0xb6, 0x07, 0x8d, 0x50, 0xeb, 0x81, 0xfa,
    0x9c, 0x00, 0x00, 0x00, 0x0f, 0x87, 0xf9, 0xef, 0xff, 0xff, 0xc3, 0x66,
    0x66, 0x2e, 0x0f, 0x1f, 0x84, 0x00, 0x00, 0x00, 0x00, 0x00, 0x66, 0x90,
    0x41, 0x57, 0x48, 0x89, 0xd0, 0x48, 0x63, 0xff, 0x48, 0x8d, 0x15, 0x61,
    0xb9, 0x00, 0x00, 0x41, 0x56, 0x41, 0x55, 0x41, 0x54, 0x55, 0x53, 0x48,
    0x83, 0xec, 0x18, 0x8b, 0x14, 0xba, 0xc1, 0xe2, 0x03, 0x09, 0xf2, 0x89,
    0xd1, 0x8d, 0x34, 0x12, 0xc1, 0xf9, 0x09, 0x69, 0xc9, 0x37, 0x05, 0x00,
    0x00, 0x31, 0xf1, 0x8d, 0x34, 0x09, 0xc1, 0xf9, 0x09, 0x69, 0xc9, 0x37,
    0x05, 0x00, 0x00, 0x31, 0xce, 0x8d, 0x0c, 0x36, 0xc1, 0xfe, 0x09, 0x69,
    0xf6, 0x37, 0x05, 0x00, 0x00, 0x31, 0xf1, 0x8d, 0x34, 0x09, 0xc1, 0xf9,
    0x09, 0x69, 0xc9, 0x37, 0x05, 0x00, 0x00, 0x31, 0xce, 0x8d, 0x0c, 0x36,
    0xc1, 0xfe, 0x09, 0x69, 0xf6, 0x37, 0x05, 0x00, 0x00, 0x31, 0xf1, 0x8d,
    0x34, 0x09, 0xc1, 0xf9, 0x09, 0x69, 0xc9, 0x37, 0x05, 0x00, 0x00, 0x31,
    0xce, 0x8d, 0x0c, 0x36, 0xc1, 0xfe, 0x09, 0x69, 0xf6, 0x37, 0x05, 0x00,
    0x00, 0x31, 0xf1, 0x8d, 0x34, 0x09, 0xc1, 0xf9, 0x09, 0x69, 0xc9, 0x37,
    0x05, 0x00, 0x00, 0x31, 0xce, 0x8d, 0x0c, 0x36, 0xc1, 0xfe, 0x09, 0x69,
    0xf6, 0x37, 0x05, 0x00, 0x00, 0x31, 0xf1, 0x8d, 0x34, 0x09, 0xc1, 0xf9,
    0x09, 0x69, 0xc9, 0x37, 0x05, 0x00, 0x00, 0xc1, 0xe2, 0x0a, 0x31, 0xf1,
    0x09, 0xd1, 0x89, 0xca, 0x81, 0xf2, 0x12, 0x54, 0x00, 0x00, 0xc1, 0xe9,
    0x0f, 0x0f, 0x85, 0x2a, 0xef, 0xff, 0xff, 0x0f, 0xb6, 0x38, 0x41, 0x89,
    0xd1, 0x41, 0x83, 0xe1, 0x01, 0x8d, 0x77, 0xeb, 0x89, 0xf9, 0x81, 0xfe,
    0x9c, 0x00, 0x00, 0x00, 0x0f, 0x87, 0x33, 0xef, 0xff, 0xff, 0x0f, 0xb6,
    0x70, 0x02, 0x41, 0x89, 0xf0, 0x83, 0xce, 0x01, 0x41, 0x83, 0xe0, 0xfe,
    0x45, 0x84, 0xc9, 0x41, 0x0f, 0x44, 0xf0, 0xc1, 0xff, 0x03, 0x83, 0xe1,
    0x07, 0x41, 0x89, 0xd0, 0x83, 0xc7, 0x02, 0x41, 0xd1, 0xf8, 0x40, 0x88,
    0x70, 0x02, 0xbe, 0x01, 0x00, 0x00, 0x00, 0x48, 0x63, 0xff, 0x89, 0xf3,
    0x48, 0x01, 0xc7, 0xd3, 0xe3, 0x41, 0x89, 0xda, 0x89, 0xd9, 0x0a, 0x0f,
    0x41, 0xf7, 0xd2, 0x44, 0x22, 0x17, 0x41, 0x83, 0xe0, 0x01, 0x41, 0x0f,
    0x44, 0xca, 0x41, 0x89, 0xd2, 0x41, 0xc1, 0xfa, 0x02, 0x88, 0x0f, 0x0f,
    0xb6, 0x38, 0x41, 0x83, 0xe2, 0x01, 0x8d, 0x4f, 0xeb, 0x81, 0xf9, 0x9c,
    0x00, 0x00, 0x00, 0x0f, 0x87, 0xc8, 0xee, 0xff, 0xff, 0x8d, 0x0c, 0x3f,
    0xc1, 0xef, 0x02, 0x89, 0xf3, 0x41, 0x89, 0xd6, 0x83, 0xe1, 0x07, 0x83,
    0xc7, 0x02, 0xd3, 0xe3, 0x48, 0x63, 0xff, 0x48, 0x01, 0xc7, 0x41, 0x89,
    0xdb, 0x89, 0xd9, 0x41, 0xf7, 0xd3, 0x0a, 0x0f, 0x44, 0x22, 0x1f, 0x45,
    0x84, 0xd2, 0x41, 0x0f, 0x44, 0xcb, 0x41, 0xc1, 0xfe, 0x03, 0x41, 0x83,
    0xe6, 0x01, 0x88, 0x0f, 0x0f, 0xb6, 0x08, 0x8d, 0x79, 0xeb, 0x81, 0xff,
    0x9c, 0x00, 0x00, 0x00, 0x0f, 0x87, 0x7f, 0xee, 0xff, 0xff, 0x8d, 0x0c,
    0x49, 0x89, 0xf3, 0x41, 0x89, 0xd5, 0x89, 0xcf, 0x83, 0xe1, 0x07, 0xc1,
    0xff, 0x03, 0xd3, 0xe3, 0x83, 0xc7, 0x02, 0x41, 0x89, 0xdb, 0x89, 0xd9,
    0x48, 0x63, 0xff, 0x41, 0xf7, 0xd3, 0x48, 0x01, 0xc7, 0x44, 0x22, 0x1f,
    0x0a, 0x0f, 0x45, 0x84, 0xf6, 0x41, 0x0f, 0x44, 0xcb, 0x41, 0xc1, 0xfd,
    0x04, 0x41, 0x83, 0xe5, 0x01, 0x88, 0x0f, 0x0f, 0xb6, 0x38, 0x8d, 0x4f,
    0xeb, 0x81, 0xf9, 0x9c, 0x00, 0x00, 0x00, 0x0f, 0x87, 0x34, 0xee, 0xff,
    0xff, 0x8d, 0x0c, 0xbd, 0x00, 0x00, 0x00, 0x00, 0xd1, 0xef, 0x89, 0xf3,
    0x83, 0xe1, 0x07, 0x83, 0xc7, 0x02, 0xd3, 0xe3, 0x48, 0x63, 0xff, 0x48,
    0x01, 0xc7, 0x41, 0x89, 0xdb, 0x89, 0xd9, 0x89, 0xd3, 0x0a, 0x0f, 0x41,
    0xf7, 0xd3, 0x44, 0x22, 0x1f, 0x45, 0x84, 0xed, 0x41, 0x0f, 0x44, 0xcb,
    0xc1, 0xfb, 0x05, 0x83, 0xe3, 0x01, 0x88, 0x0f, 0x0f, 0xb6, 0x08, 0x8d,
    0x79, 0xeb, 0x81, 0xff, 0x9c, 0x00, 0x00, 0x00, 0x0f, 0x87, 0xeb, 0xed,
    0xff, 0xff, 0x8d, 0x0c, 0x89, 0x41, 0x89, 0xf3, 0x89, 0xcf, 0x83, 0xe1,
    0x07, 0xc1, 0xff, 0x03, 0x41, 0xd3, 0xe3, 0x83, 0xc7, 0x02, 0x44, 0x89,
    0xd9, 0x48, 0x63, 0xff, 0x48, 0x01, 0xc7, 0x44, 0x0f, 0xb6, 0x1f, 0x41,
    0x09, 0xcb, 0xf7, 0xd1, 0x22, 0x0f, 0x84, 0xdb, 0x41, 0x0f, 0x45, 0xcb,
    0x41, 0x89, 0xd3, 0x41, 0xc1, 0xfb, 0x06, 0x88, 0x0f, 0x0f, 0xb6, 0x38,
    0x41, 0x83, 0xe3, 0x01, 0x8d, 0x4f, 0xeb, 0x81, 0xf9, 0x9c, 0x00, 0x00,
    0x00, 0x0f, 0x87, 0x9e, 0xed, 0xff, 0xff, 0x8d, 0x0c, 0xfd, 0x00, 0x00,
    0x00, 0x00, 0x41, 0x89, 0xd4, 0x29, 0xf9, 0x89, 0xcf, 0x83, 0xe1, 0x07,
    0xc1, 0xff, 0x03, 0xd3, 0xe6, 0x83, 0xc7, 0x02, 0x48, 0x63, 0xff, 0x48,
    0x01, 0xc7, 0x0f, 0xb6, 0x0f, 0x09, 0xf1, 0xf7, 0xd6, 0x40, 0x22, 0x37,
    0x45, 0x84, 0xdb, 0x0f, 0x45, 0xf1, 0x41, 0xc0, 0xec, 0x07, 0x40, 0x88,
    0x37, 0x0f, 0xb6, 0x08, 0x8d, 0x71, 0xeb, 0x81, 0xfe, 0x9c, 0x00, 0x00,
    0x00, 0x0f, 0x87, 0x56, 0xed, 0xff, 0xff, 0x8d, 0x0c, 0xcd, 0x08, 0x00,
    0x00, 0x00, 0xc1, 0xf9, 0x03, 0x83, 0xc1, 0x01, 0x48, 0x63, 0xc9, 0x48,
    0x01, 0xc1, 0x0f, 0xb6, 0x31, 0x89, 0xf7, 0x83, 0xe6, 0xfe, 0x83, 0xcf,
    0x01, 0x45, 0x84, 0xe4, 0x0f, 0x45, 0xf7, 0x40, 0x88, 0x31, 0x89, 0xd1,
    0xc1, 0xf9, 0x08, 0x41, 0x89, 0xcf, 0x0f, 0xb6, 0x08, 0x41, 0x83, 0xe7,
    0x01, 0x8d, 0x71, 0xeb, 0x44, 0x88, 0x7c, 0x24, 0x0a, 0x81, 0xfe, 0x9c,
    0x00, 0x00, 0x00, 0x0f, 0x87, 0x0c, 0xed, 0xff, 0xff, 0x83, 0xc1, 0x01,
    0x48, 0x63, 0xc9, 0x48, 0x01, 0xc1, 0x0f, 0xb6, 0x31, 0x89, 0xf7, 0x83,
    0xe6, 0x7f, 0x83, 0xcf, 0x80, 0x45, 0x84, 0xff, 0x0f, 0x45, 0xf7, 0x40,
    0x88, 0x31, 0x89, 0xd1, 0xc1, 0xf9, 0x09, 0x41, 0x89, 0xcf, 0x0f, 0xb6,
    0x08, 0x41, 0x83, 0xe7, 0x01, 0x8d, 0x71, 0xeb, 0x44, 0x88, 0x7c, 0x24,
    0x0b, 0x81, 0xfe, 0x9c, 0x00, 0x00, 0x00, 0x0f, 0x87, 0xcc, 0xec, 0xff,
    0xff, 0x83, 0xc1, 0x01, 0x48, 0x63, 0xc9, 0x48, 0x01, 0xc1, 0x0f, 0xb6,
    0x31, 0x89, 0xf7, 0x83, 0xce, 0x20, 0x83, 0xe7, 0xdf, 0x45, 0x84, 0xff,
    0x0f, 0x44, 0xf7, 0x40, 0x88, 0x31, 0x89, 0xd1, 0xc1, 0xf9, 0x0a, 0x41,
    0x89, 0xcf, 0x0f, 0xb6, 0x08, 0x41, 0x83, 0xe7, 0x01, 0x8d, 0x71, 0xeb,
    0x44, 0x88, 0x7c, 0x24, 0x0c, 0x81, 0xfe, 0x9c, 0x00, 0x00, 0x00, 0x0f,
    0x87, 0x8c, 0xec, 0xff, 0xff, 0x83, 0xc1, 0x01, 0x48, 0x63, 0xc9, 0x48,
    0x01, 0xc1, 0x0f, 0xb6, 0x31, 0x89, 0xf7, 0x83, 0xce, 0x10, 0x83, 0xe7,
    0xef, 0x45, 0x84, 0xff, 0x0f, 0x44, 0xf7, 0x40, 0x88, 0x31, 0x89, 0xd1,
    0xc1, 0xf9, 0x0b, 0x41, 0x89, 0xcf, 0x0f, 0xb6, 0x08, 0x41, 0x83, 0xe7,
    0x01, 0x8d, 0x71, 0xeb, 0x44, 0x88, 0x7c, 0x24, 0x0d, 0x81, 0xfe, 0x9c,
    0x00, 0x00, 0x00, 0x0f, 0x87, 0x4c, 0xec, 0xff, 0xff, 0x83, 0xc1, 0x01,
    0x48, 0x63, 0xc9, 0x48, 0x01, 0xc1, 0x0f, 0xb6, 0x31, 0x89, 0xf7, 0x83,
    0xce, 0x08, 0x83, 0xe7, 0xf7, 0x45, 0x84, 0xff, 0x0f, 0x44, 0xf7, 0x40,
    0x88, 0x31, 0x89, 0xd1, 0xc1, 0xf9, 0x0c, 0x41, 0x89, 0xcf, 0x0f, 0xb6,
    0x08, 0x41, 0x83, 0xe7, 0x01, 0x8d, 0x71, 0xeb, 0x44, 0x88, 0x7c, 0x24,
    0x0e, 0x81, 0xfe, 0x9c, 0x00, 0x00, 0x00, 0x0f, 0x87, 0x0c, 0xec, 0xff,
    0xff, 0x83, 0xc1, 0x01, 0x48, 0x63, 0xc9, 0x48, 0x01, 0xc1, 0x0f, 0xb6,
    0x31, 0x89, 0xf7, 0x83, 0xce, 0x04, 0x83, 0xe7, 0xfb, 0x45, 0x84, 0xff,
    0x0f, 0x44, 0xf7, 0x40, 0x88, 0x31, 0x89, 0xd1, 0xc1, 0xf9, 0x0d, 0x41,
    0x89, 0xcf, 0x0f, 0xb6, 0x08, 0x41, 0x83, 0xe7, 0x01, 0x8d, 0x71, 0xeb,
    0x44, 0x88, 0x7c, 0x24, 0x0f, 0x81, 0xfe, 0x9c, 0x00, 0x00, 0x00, 0x0f,
    0x87, 0xcc, 0xeb, 0xff, 0xff, 0x83, 0xc1, 0x01, 0x48, 0x63, 0xc9, 0x48,
    0x01, 0xc1, 0x0f, 0xb6, 0x31, 0x89, 0xf7, 0x83, 0xce, 0x02, 0x83, 0xe7,
    0xfd, 0x45, 0x84, 0xff, 0x0f, 0x44, 0xf7, 0xc1, 0xfa, 0x0e, 0x89, 0x54,
    0x24, 0x04, 0x89, 0xd7, 0x40, 0x88, 0x31, 0x0f, 0xb6, 0x10, 0x8d, 0x4a,
    0xeb, 0x81, 0xf9, 0x9c, 0x00, 0x00, 0x00, 0x0f, 0x87, 0x94, 0xeb, 0xff,
    0xff, 0x83, 0xc2, 0x01, 0x48, 0x63, 0xd2, 0x48, 0x01, 0xc2, 0x0f, 0xb6,
    0x0a, 0x89, 0xce, 0x83, 0xe1, 0xfe, 0x83, 0xce, 0x01, 0x85, 0xff, 0x0f,
    0x45, 0xce, 0x88, 0x0a, 0x0f, 0xb6, 0x10, 0x8d, 0x4a, 0xeb, 0x81, 0xf9,
    0x9c, 0x00, 0x00, 0x00, 0x0f, 0x87, 0x62, 0xeb, 0xff, 0xff, 0x8d, 0x6a,
    0xff, 0xbf, 0x01, 0x00, 0x00, 0x00, 0x8d, 0x4c, 0xd5, 0x00, 0x41, 0x89,
    0xff, 0x89, 0xce, 0x83, 0xe1, 0x07, 0xc1, 0xfe, 0x03, 0x41, 0xd3, 0xe7,
    0x83, 0xc6, 0x01, 0x44, 0x89, 0xf9, 0x41, 0xf7, 0xd7, 0x48, 0x63, 0xf6,
    0x48, 0x01, 0xc6, 0x44, 0x22, 0x3e, 0x0a, 0x0e, 0x45, 0x84, 0xc9, 0x41,
    0x0f, 0x44, 0xcf, 0x88, 0x0e, 0x0f, 0xb6, 0x08, 0x8d, 0x72, 0xfe, 0x44,
    0x8d, 0x49, 0xeb, 0x41, 0x81, 0xf9, 0x9c, 0x00, 0x00, 0x00, 0x0f, 0x87,
    0x19, 0xeb, 0xff, 0xff, 0x39, 0xce, 0x0f, 0x8d, 0x11, 0xeb, 0xff, 0xff,
    0x8d, 0x0c, 0xce, 0x41, 0x89, 0xc9, 0x83, 0xe1, 0x07, 0x41, 0xc1, 0xf9,
    0x03, 0xd3, 0xe7, 0x41, 0x83, 0xc1, 0x01, 0x89, 0xf9, 0x4d, 0x63, 0xc9,
    0xf7, 0xd1, 0x49, 0x01, 0xc1, 0x41, 0x22, 0x09, 0x41, 0x0a, 0x39, 0x45,
    0x84, 0xc0, 0x0f, 0x44, 0xf9, 0x41, 0x88, 0x39, 0x0f, 0xb6, 0x08, 0x44,
    0x8d, 0x4a, 0xfd, 0x8d, 0x79, 0xeb, 0x81, 0xff, 0x9c, 0x00, 0x00, 0x00,
    0x0f, 0x87, 0xcf, 0xea, 0xff, 0xff, 0x41, 0x39, 0xc9, 0x0f, 0x8d, 0xc6,
    0xea, 0xff, 0xff, 0x41, 0x8d, 0x0c, 0xc9, 0xbf, 0x01, 0x00, 0x00, 0x00,
    0x41, 0x89, 0xc8, 0x41, 0x89, 0xff, 0x83, 0xe1, 0x07, 0x41, 0xc1, 0xf8,
    0x03, 0x41, 0xd3, 0xe7, 0x41, 0x83, 0xc0, 0x01, 0x44, 0x89, 0xf9, 0x41,
    0xf7, 0xd7, 0x4d, 0x63, 0xc0, 0x49, 0x01, 0xc0, 0x45, 0x22, 0x38, 0x41,
    0x0a, 0x08, 0x45, 0x84, 0xd2, 0x41, 0x0f, 0x44, 0xcf, 0x44, 0x8d, 0x52,
    0xfc, 0x41, 0x88, 0x08, 0x0f, 0xb6, 0x08, 0x44, 0x8d, 0x41, 0xeb, 0x41,
    0x81, 0xf8, 0x9c, 0x00, 0x00, 0x00, 0x0f, 0x87, 0x75, 0xea, 0xff, 0xff,
    0x41, 0x39, 0xca, 0x0f, 0x8d, 0x6c, 0xea, 0xff, 0xff, 0x41, 0x8d, 0x0c,
    0xca, 0x41, 0x89, 0xff, 0x41, 0x89, 0xc8, 0x83, 0xe1, 0x07, 0x41, 0xc1,
    0xf8, 0x03, 0x41, 0xd3, 0xe7, 0x41, 0x83, 0xc0, 0x01, 0x44, 0x89, 0xf9,
    0x41, 0xf7, 0xd7, 0x4d, 0x63, 0xc0, 0x49, 0x01, 0xc0, 0x45, 0x22, 0x38,
    0x41, 0x0a, 0x08, 0x45, 0x84, 0xf6, 0x41, 0x0f, 0x44, 0xcf, 0x44, 0x8d,
    0x72, 0xfb, 0x41, 0x88, 0x08, 0x0f, 0xb6, 0x08, 0x44, 0x8d, 0x41, 0xeb,
    0x41, 0x81, 0xf8, 0x9c, 0x00, 0x00, 0x00, 0x0f, 0x87, 0x20, 0xea, 0xff,
    0xff, 0x41, 0x39, 0xce, 0x0f, 0x8d, 0x17, 0xea, 0xff, 0xff, 0x41, 0x8d,
    0x0c, 0xce, 0x41, 0x89, 0xff, 0x41, 0x89, 0xc8, 0x83, 0xe1, 0x07, 0x41,
    0xc1, 0xf8, 0x03, 0x41, 0xd3, 0xe7, 0x41, 0x83, 0xc0, 0x01, 0x44, 0x89,
    0xf9, 0x41, 0xf7, 0xd7, 0x4d, 0x63, 0xc0, 0x49, 0x01, 0xc0, 0x45, 0x22,
    0x38, 0x41, 0x0a, 0x08, 0x45, 0x84, 0xed, 0x41, 0x0f, 0x44, 0xcf, 0x44,
    0x8d, 0x7a, 0xfa, 0x41, 0x88, 0x08, 0x0f, 0xb6, 0x08, 0x44, 0x8d, 0x41,
    0xeb, 0x41, 0x81, 0xf8, 0x9c, 0x00, 0x00, 0x00, 0x0f, 0x87, 0xcb, 0xe9,
    0xff, 0xff, 0x41, 0x39, 0xcf, 0x0f, 0x8d, 0xc2, 0xe9, 0xff, 0xff, 0x41,
    0x8d, 0x0c, 0xcf, 0x41, 0x89, 0xfd, 0x41, 0x89, 0xc8, 0x83, 0xe1, 0x07,
    0x41, 0xc1, 0xf8, 0x03, 0x41, 0xd3, 0xe5, 0x41, 0x83, 0xc0, 0x01, 0x44,
    0x89, 0xe9, 0x4d, 0x63, 0xc0, 0xf7, 0xd1, 0x49, 0x01, 0xc0, 0x41, 0x22,
    0x08, 0x45, 0x0a, 0x28, 0x84, 0xdb, 0x44, 0x0f, 0x44, 0xe9, 0x45, 0x88,
    0x28, 0x0f, 0xb6, 0x08, 0x44, 0x8d, 0x42, 0xf9, 0x8d, 0x59, 0xeb, 0x81,
    0xfb, 0x9c, 0x00, 0x00, 0x00, 0x0f, 0x87, 0x7a, 0xe9, 0xff, 0xff, 0x41,
    0x39, 0xc8, 0x0f, 0x8d, 0x71, 0xe9, 0xff, 0xff, 0x41, 0x8d, 0x0c, 0xc8,
    0x89, 0xcb, 0x83, 0xe1, 0x07, 0xc1, 0xfb, 0x03, 0xd3, 0xe7, 0x83, 0xc3,
    0x01, 0x89, 0xf9, 0x48, 0x63, 0xdb, 0xf7, 0xd1, 0x48, 0x01, 0xc3, 0x22,
    0x0b, 0x40, 0x0a, 0x3b, 0x45, 0x84, 0xdb, 0x0f, 0x44, 0xf9, 0x83, 0xea,
    0x08, 0x40, 0x88, 0x3b, 0x0f, 0xb6, 0x08, 0x8d, 0x79, 0xeb, 0x81, 0xff,
    0x9c, 0x00, 0x00, 0x00, 0x0f, 0x87, 0x33, 0xe9, 0xff, 0xff, 0x39, 0xca,
    0x0f, 0x8d, 0x2b, 0xe9, 0xff, 0xff, 0x8d, 0x0c, 0xca, 0xbf, 0x01, 0x00,
    0x00, 0x00, 0x41, 0x89, 0xcb, 0x89, 0xfb, 0x83, 0xe1, 0x07, 0x41, 0xc1,
    0xfb, 0x03, 0xd3, 0xe3, 0x41, 0x83, 0xc3, 0x01, 0x89, 0xd9, 0x4d, 0x63,
    0xdb, 0x49, 0x01, 0xc3, 0x41, 0x0f, 0xb6, 0x1b, 0x09, 0xcb, 0xf7, 0xd1,
    0x41, 0x22, 0x0b, 0x45, 0x84, 0xe4, 0x0f, 0x45, 0xcb, 0x41, 0x88, 0x0b,
    0x0f, 0xb6, 0x08, 0x44, 0x8d, 0x59, 0xeb, 0x41, 0x81, 0xfb, 0x9c, 0x00,
    0x00, 0x00, 0x0f, 0x87, 0xe1, 0xe8, 0xff, 0xff, 0x44, 0x39, 0xc1, 0x0f,
    0x8e, 0xd8, 0xe8, 0xff, 0xff, 0x41, 0x0f, 0xaf, 0xc8, 0x89, 0xfb, 0x41,
    0x89, 0xc8, 0x83, 0xe1, 0x07, 0x41, 0xc1, 0xf8, 0x03, 0xd3, 0xe3, 0x41,
    0x83, 0xc0, 0x02, 0x41, 0x89, 0xdb, 0x89, 0xd9, 0x4d, 0x63, 0xc0, 0x41,
    0xf7, 0xd3, 0x49, 0x01, 0xc0, 0x45, 0x22, 0x18, 0x41, 0x0a, 0x08, 0x80,
    0x7c, 0x24, 0x0a, 0x00, 0x41, 0x0f, 0x44, 0xcb, 0x41, 0x88, 0x08, 0x0f,
    0xb6, 0x08, 0x44, 0x8d, 0x41, 0xeb, 0x41, 0x81, 0xf8, 0x9c, 0x00, 0x00,
    0x00, 0x0f, 0x87, 0x8e, 0xe8, 0xff, 0xff, 0x44, 0x39, 0xf9, 0x0f, 0x8e,
    0x85, 0xe8, 0xff, 0xff, 0x41, 0x0f, 0xaf, 0xcf, 0x89, 0xfb, 0x41, 0x89,
    0xc8, 0x83, 0xe1, 0x07, 0x41, 0xc1, 0xf8, 0x03, 0xd3, 0xe3, 0x41, 0x83,
    0xc0, 0x02, 0x41, 0x89, 0xdb, 0x89, 0xd9, 0x4d, 0x63, 0xc0, 0x41, 0xf7,
    0xd3, 0x49, 0x01, 0xc0, 0x45, 0x22, 0x18, 0x41, 0x0a, 0x08, 0x80, 0x7c,
    0x24, 0x0b, 0x00, 0x41, 0x0f, 0x44, 0xcb, 0x41, 0x88, 0x08, 0x0f, 0xb6,
    0x08, 0x44, 0x8d, 0x41, 0xeb, 0x41, 0x81, 0xf8, 0x9c, 0x00, 0x00, 0x00,
    0x0f, 0x87, 0x3b, 0xe8, 0xff, 0xff, 0x44, 0x39, 0xf1, 0x0f, 0x8e, 0x32,
    0xe8, 0xff, 0xff, 0x41, 0x0f, 0xaf, 0xce, 0x89, 0xfb, 0x41, 0x89, 0xc8,
    0x83, 0xe1, 0x07, 0x41, 0xc1, 0xf8, 0x03, 0xd3, 0xe3, 0x41, 0x83, 0xc0,
    0x02, 0x41, 0x89, 0xdb, 0x89, 0xd9, 0x4d, 0x63, 0xc0, 0x41, 0xf7, 0xd3,
    0x49, 0x01, 0xc0, 0x45, 0x22, 0x18, 0x41, 0x0a, 0x08, 0x80, 0x7c, 0x24,
    0x0c, 0x00, 0x41, 0x0f, 0x44, 0xcb, 0x41, 0x88, 0x08, 0x0f, 0xb6, 0x08,
    0x44, 0x8d, 0x41, 0xeb, 0x41, 0x81, 0xf8, 0x9c, 0x00, 0x00, 0x00, 0x0f,
    0x87, 0xe8, 0xe7, 0xff, 0xff, 0x44, 0x39, 0xd1, 0x0f, 0x8e, 0xdf, 0xe7,
    0xff, 0xff, 0x41, 0x0f, 0xaf, 0xca, 0x41, 0x89, 0xc8, 0x83, 0xe1, 0x07,
    0x41, 0xc1, 0xf8, 0x03, 0xd3, 0xe7, 0x41, 0x83, 0xc0, 0x02, 0x41, 0x89,
    0xfa, 0x4d, 0x63, 0xc0, 0x41, 0xf7, 0xd2, 0x49, 0x01, 0xc0, 0x41, 0x0f,
    0xb6, 0x08, 0x45, 0x22, 0x10, 0x09, 0xf9, 0x80, 0x7c, 0x24, 0x0d, 0x00,
    0x41, 0x0f, 0x44, 0xca, 0x41, 0x88, 0x08, 0x0f, 0xb6, 0x08, 0x8d, 0x79,
    0xeb, 0x81, 0xff, 0x9c, 0x00, 0x00, 0x00, 0x0f, 0x87, 0x98, 0xe7, 0xff,
    0xff, 0x44, 0x39, 0xc9, 0x0f, 0x8e, 0x8f, 0xe7, 0xff, 0xff, 0x41, 0x0f,
    0xaf, 0xc9, 0xbf, 0x01, 0x00, 0x00, 0x00, 0x89, 0xfb, 0x41, 0x89, 0xc8,
    0x83, 0xe1, 0x07, 0x41, 0xc1, 0xf8, 0x03, 0xd3, 0xe3, 0x41, 0x83, 0xc0,
    0x02, 0x41, 0x89, 0xd9, 0x89, 0xd9, 0x4d, 0x63, 0xc0, 0x41, 0xf7, 0xd1,
    0x49, 0x01, 0xc0, 0x45, 0x22, 0x08, 0x41, 0x0a, 0x08, 0x80, 0x7c, 0x24,
    0x0e, 0x00, 0x41, 0x0f, 0x44, 0xc9, 0x41, 0x88, 0x08, 0x0f, 0xb6, 0x08,
    0x44, 0x8d, 0x41, 0xeb, 0x41, 0x81, 0xf8, 0x9c, 0x00, 0x00, 0x00, 0x0f,
    0x87, 0x40, 0xe7, 0xff, 0xff, 0x39, 0xce, 0x0f, 0x8d, 0x38, 0xe7, 0xff,
    0xff, 0x0f, 0xaf, 0xf1, 0x89, 0xfb, 0x41, 0x89, 0xf0, 0x83, 0xe6, 0x07,
    0x41, 0xc1, 0xf8, 0x03, 0x89, 0xf1, 0x41, 0x83, 0xc0, 0x02, 0xd3, 0xe3,
    0x4d, 0x63, 0xc0, 0x89, 0xde, 0x89, 0xd9, 0x49, 0x01, 0xc0, 0xf7, 0xd6,
    0x41, 0x0a, 0x08, 0x41, 0x22, 0x30, 0x80, 0x7c, 0x24, 0x0f, 0x00, 0x0f,
    0x44, 0xce, 0x41, 0x88, 0x08, 0x0f, 0xb6, 0x08, 0x8d, 0x71, 0xeb, 0x81,
    0xfe, 0x9c, 0x00, 0x00, 0x00, 0x0f, 0x87, 0xf2, 0xe6, 0xff, 0xff, 0x39,
    0xe9, 0x0f, 0x8e, 0xea, 0xe6, 0xff, 0xff, 0x0f, 0xaf, 0xcd, 0x89, 0xfb,
    0x44, 0x8b, 0x4c, 0x24, 0x04, 0x89, 0xce, 0x83, 0xe1, 0x07, 0xc1, 0xfe,
    0x03, 0xd3, 0xe3, 0x83, 0xc6, 0x02, 0x89, 0xd9, 0x48, 0x63, 0xf6, 0xf7,
    0xd1, 0x48, 0x01, 0xc6, 0x44, 0x0f, 0xb6, 0x06, 0x22, 0x0e, 0x41, 0x09,
    0xd8, 0x45, 0x85, 0xc9, 0x41, 0x0f, 0x45, 0xc8, 0x88, 0x0e, 0x0f, 0xb6,
    0x08, 0x8d, 0x71, 0xeb, 0x81, 0xfe, 0x9c, 0x00, 0x00, 0x00, 0x0f, 0x87,
    0xa5, 0xe6, 0xff, 0xff, 0x39, 0xca, 0x0f, 0x8d, 0x9d, 0xe6, 0xff, 0xff,
    0x0f, 0xaf, 0xd1, 0x89, 0xd6, 0x83, 0xe2, 0x07, 0xc1, 0xfe, 0x03, 0x89,
    0xd1, 0x83, 0xc6, 0x02, 0xd3, 0xe7, 0x48, 0x63, 0xf6, 0x40, 0x08, 0x3c,
    0x30, 0x48, 0x83, 0xc4, 0x18, 0x5b, 0x5d, 0x41, 0x5c, 0x41, 0x5d, 0x41,
    0x5e, 0x41, 0x5f, 0xc3, 0x41, 0x57, 0x41, 0x56, 0x41, 0x55, 0x41, 0x54,
    0x55, 0x53, 0x48, 0x83, 0xec, 0x18, 0x44, 0x0f, 0xb6, 0x1e, 0x41, 0x8d,
    0x43, 0xeb, 0x3d, 0x9c, 0x00, 0x00, 0x00, 0x0f, 0x87, 0x5e, 0xe6, 0xff,
    0xff, 0x49, 0x89, 0xf8, 0x49, 0x89, 0xf2, 0x41, 0x89, 0xd1, 0x83, 0xfa,
    0x07, 0x0f, 0x84, 0x18, 0x07, 0x00, 0x00, 0x31, 0xd2, 0x45, 0x89, 0xcf,
    0x48, 0x8d, 0x2d, 0xa1, 0xad, 0x00, 0x00, 0x90, 0x41, 0x0f, 0xb6, 0x18,
    0x89, 0xd7, 0x31, 0xf6, 0x31, 0xc0, 0x4d, 0x89, 0xfe, 0x0f, 0xb6, 0xcb,
    0x44, 0x8d, 0x61, 0xeb, 0x41, 0x81, 0xfc, 0x9c, 0x00, 0x00, 0x00, 0x0f,
    0x87, 0x19, 0xe6, 0xff, 0xff, 0x39, 0xc1, 0x0f, 0x8e, 0x11, 0xe6, 0xff,
    0xff, 0x39, 0xd1, 0x0f, 0x8e, 0x09, 0xe6, 0xff, 0xff, 0x0f, 0xaf, 0xca,
    0x01, 0xc1, 0x41, 0x89, 0xcc, 0x83, 0xe1, 0x07, 0x41, 0xc1, 0xfc, 0x03,
    0x41, 0x83, 0xc4, 0x01, 0x4d, 0x63, 0xe4, 0x47, 0x0f, 0xb6, 0x24, 0x20,
    0x41, 0x0f, 0xa3, 0xcc, 0x0f, 0x82, 0xfa, 0x00, 0x00, 0x00, 0x41, 0x83,
    0xf9, 0x06, 0x0f, 0x87, 0xb6, 0x07, 0x00, 0x00, 0x4a, 0x63, 0x4c, 0xb5,
    0x00, 0x48, 0x01, 0xe9, 0x3e, 0xff, 0xe1, 0x0f, 0x1f, 0x44, 0x00, 0x00,
    0xbb, 0xab, 0xaa, 0xaa, 0xaa, 0x89, 0xf1, 0x48, 0x0f, 0xaf, 0xcb, 0x48,
    0xc1, 0xe9, 0x21, 0x8d, 0x1c, 0x49, 0x89, 0xf1, 0x29, 0xd9, 0x01, 0xf1,
    0xf7, 0xd1, 0x89, 0xcb, 0x41, 0x0f, 0xb6, 0x0a, 0x83, 0xe3, 0x01, 0x88,
    0x5c, 0x24, 0x08, 0x8d, 0x59, 0xeb, 0x81, 0xfb, 0x9c, 0x00, 0x00, 0x00,
    0x0f, 0x87, 0x7c, 0x08, 0x00, 0x00, 0x39, 0xc1, 0x0f, 0x8e, 0x8c, 0xe5,
    0xff, 0xff, 0x39, 0xca, 0x0f, 0x8d, 0x84, 0xe5, 0xff, 0xff, 0x0f, 0xaf,
    0xca, 0x41, 0xbd, 0x01, 0x00, 0x00, 0x00, 0x8d, 0x1c, 0x01, 0x89, 0xd9,
    0xc1, 0xfb, 0x03, 0x83, 0xc3, 0x01, 0x83, 0xe1, 0x07, 0x48, 0x63, 0xdb,
    0x41, 0xd3, 0xe5, 0x4c, 0x01, 0xd3, 0x44, 0x0f, 0xb6, 0x3b, 0x41, 0x0f,
    0xa3, 0xcf, 0x45, 0x89, 0xfc, 0x0f, 0x92, 0xc1, 0x38, 0x4c, 0x24, 0x08,
    0x0f, 0x85, 0xf2, 0x05, 0x00, 0x00, 0x41, 0xf7, 0xd5, 0x45, 0x21, 0xfd,
    0x44, 0x88, 0x2b, 0x83, 0xc0, 0x01, 0x01, 0xd6, 0x83, 0xc7, 0x01, 0x41,
    0x39, 0xc3, 0x74, 0x5d, 0x41, 0x0f, 0xb6, 0x08, 0x44, 0x8d, 0x61, 0xeb,
    0x89, 0xcb, 0x41, 0x81, 0xfc, 0x9c, 0x00, 0x00, 0x00, 0x0f, 0x87, 0x1f,
    0xe5, 0xff, 0xff, 0x39, 0xc8, 0x0f, 0x8d, 0x17, 0xe5, 0xff, 0xff, 0x39,
    0xca, 0x0f, 0x8d, 0x0f, 0xe5, 0xff, 0xff, 0x0f, 0xaf, 0xca, 0x01, 0xc1,
    0x41, 0x89, 0xcc, 0x83, 0xe1, 0x07, 0x41, 0xc1, 0xfc, 0x03, 0x41, 0x83,
    0xc4, 0x01, 0x4d, 0x63, 0xe4, 0x47, 0x0f, 0xb6, 0x24, 0x20, 0x41, 0x0f,
    0xa3, 0xcc, 0x0f, 0x83, 0x20, 0xff, 0xff, 0xff, 0x83, 0xc0, 0x01, 0x01,
    0xd6, 0x83, 0xc7, 0x01, 0x41, 0x39, 0xc3, 0x0f, 0x85, 0xac, 0xfe, 0xff,
    0xff, 0x4d, 0x89, 0xf7, 0x83, 0xc2, 0x01, 0x39, 0xc2, 0x0f, 0x85, 0x91,
    0xfe, 0xff, 0xff, 0x48, 0x83, 0xc4, 0x18, 0x5b, 0x5d, 0x41, 0x5c, 0x41,
    0x5d, 0x41, 0x5e, 0x41, 0x5f, 0xc3, 0x66, 0x90, 0xbb, 0xab, 0xaa, 0xaa,
    0xaa, 0x89, 0xf1, 0x48, 0x0f, 0xaf, 0xcb, 0x48, 0xc1, 0xe9, 0x21, 0x8d,
    0x1c, 0x49, 0x89, 0xf1, 0x29, 0xd9, 0x89, 0xf3, 0x83, 0xe3, 0x01, 0x01,
    0xd9, 0x41, 0x0f, 0xb6, 0x0a, 0x0f, 0x94, 0x44, 0x24, 0x08, 0x8d, 0x59,
    0xeb, 0x81, 0xfb, 0x9c, 0x00, 0x00, 0x00, 0x0f, 0x87, 0x81, 0x07, 0x00,
    0x00, 0x39, 0xc1, 0x0f, 0x8e, 0x7d, 0xe4, 0xff, 0xff, 0x39, 0xca, 0x0f,
    0x8d, 0x75, 0xe4, 0xff, 0xff, 0x0f, 0xaf, 0xca, 0x41, 0xbd, 0x01, 0x00,
    0x00, 0x00, 0x8d, 0x1c, 0x01, 0x89, 0xd9, 0xc1, 0xfb, 0x03, 0x83, 0xc3,
    0x01, 0x83, 0xe1, 0x07, 0x48, 0x63, 0xdb, 0x41, 0xd3, 0xe5, 0x4c, 0x01,
    0xd3, 0x44, 0x0f, 0xb6, 0x3b, 0x41, 0x0f, 0xa3, 0xcf, 0x45, 0x89, 0xfc,
    0x0f, 0x92, 0xc1, 0x38, 0x4c, 0x24, 0x08, 0x0f, 0x85, 0xf3, 0x04, 0x00,
    0x00, 0x41, 0xf7, 0xd5, 0x45, 0x21, 0xfd, 0x44, 0x88, 0x2b, 0x83, 0xc0,
    0x01, 0x01, 0xd6, 0x83, 0xc7, 0x01, 0x41, 0x39, 0xc3, 0x0f, 0x84, 0x4a,
    0xff, 0xff, 0xff, 0x41, 0x0f, 0xb6, 0x08, 0x44, 0x8d, 0x61, 0xeb, 0x89,
    0xcb, 0x41, 0x81, 0xfc, 0x9c, 0x00, 0x00, 0x00, 0x0f, 0x87, 0x0c, 0xe4,
    0xff, 0xff, 0x39, 0xc8, 0x0f, 0x8d, 0x04, 0xe4, 0xff, 0xff, 0x39, 0xca,
    0x0f, 0x8d, 0xfc, 0xe3, 0xff, 0xff, 0x0f, 0xaf, 0xca, 0x01, 0xc1, 0x41,
    0x89, 0xcc, 0x83, 0xe1, 0x07, 0x41, 0xc1, 0xfc, 0x03, 0x41, 0x83, 0xc4,
    0x01, 0x4d, 0x63, 0xe4, 0x47, 0x0f, 0xb6, 0x24, 0x20, 0x41, 0x0f, 0xa3,
    0xcc, 0x0f, 0x83, 0x1d, 0xff, 0xff, 0xff, 0x83, 0xc0, 0x01, 0x01, 0xd6,
    0x83, 0xc7, 0x01, 0x41, 0x39, 0xc3, 0x0f, 0x85, 0x99, 0xfd, 0xff, 0xff,
    0xe9, 0xe8, 0xfe, 0xff, 0xff, 0x0f, 0x1f, 0x80, 0x00, 0x00, 0x00, 0x00,
    0x69, 0xcf, 0xab, 0xaa, 0xaa, 0xaa, 0x81, 0xf9, 0x55, 0x55, 0x55, 0x55,
    0x41, 0x0f, 0xb6, 0x0a, 0x0f, 0x96, 0x44, 0x24, 0x08, 0x8d, 0x59, 0xeb,
    0x81, 0xfb, 0x9c, 0x00, 0x00, 0x00, 0x0f, 0x87, 0x97, 0x06, 0x00, 0x00,
    0x39, 0xc1, 0x0f, 0x8e, 0x8e, 0xe3, 0xff, 0xff, 0x39, 0xca, 0x0f, 0x8d,
    0x86, 0xe3, 0xff, 0xff, 0x0f, 0xaf, 0xca, 0x41, 0xbd, 0x01, 0x00, 0x00,
    0x00, 0x8d, 0x1c, 0x01, 0x89, 0xd9, 0xc1, 0xfb, 0x03, 0x83, 0xc3, 0x01,
    0x83, 0xe1, 0x07, 0x48, 0x63, 0xdb, 0x41, 0xd3, 0xe5, 0x4c, 0x01, 0xd3,
    0x44, 0x0f, 0xb6, 0x3b, 0x41, 0x0f, 0xa3, 0xcf, 0x45, 0x89, 0xfc, 0x0f,
    0x92, 0xc1, 0x38, 0x4c, 0x24, 0x08, 0x0f, 0x85, 0x14, 0x04, 0x00, 0x00,
    0x41, 0xf7, 0xd5, 0x45, 0x21, 0xfd, 0x44, 0x88, 0x2b, 0x83, 0xc0, 0x01,
    0x01, 0xd6, 0x83, 0xc7, 0x01, 0x41, 0x39, 0xc3, 0x0f, 0x84, 0x5b, 0xfe,
    0xff, 0xff, 0x41, 0x0f, 0xb6, 0x08, 0x44, 0x8d, 0x61, 0xeb, 0x89, 0xcb,
    0x41, 0x81, 0xfc, 0x9c, 0x00, 0x00, 0x00, 0x0f, 0x87, 0x1d, 0xe3, 0xff,
    0xff, 0x39, 0xc8, 0x0f, 0x8d, 0x15, 0xe3, 0xff, 0xff, 0x39, 0xca, 0x0f,
    0x8d, 0x0d, 0xe3, 0xff, 0xff, 0x0f, 0xaf, 0xca, 0x01, 0xc1, 0x41, 0x89,
    0xcc, 0x83, 0xe1, 0x07, 0x41, 0xc1, 0xfc, 0x03, 0x41, 0x83, 0xc4, 0x01,
    0x4d, 0x63, 0xe4, 0x47, 0x0f, 0xb6, 0x24, 0x20, 0x41, 0x0f, 0xa3, 0xcc,
    0x0f, 0x83, 0x2e, 0xff, 0xff, 0xff, 0x83, 0xc0, 0x01, 0x01, 0xd6, 0x83,
    0xc7, 0x01, 0x41, 0x39, 0xc3, 0x0f, 0x85, 0xaa, 0xfc, 0xff, 0xff, 0xe9,
    0xf9, 0xfd, 0xff, 0xff, 0x0f, 0x1f, 0x84, 0x00, 0x00, 0x00, 0x00, 0x00,
    0x69, 0xc8, 0xab, 0xaa, 0xaa, 0xaa, 0x81, 0xf9, 0x55, 0x55, 0x55, 0x55,
    0x41, 0x0f, 0xb6, 0x0a, 0x0f, 0x96, 0x44, 0x24, 0x08, 0x8d, 0x59, 0xeb,
    0x81, 0xfb, 0x9c, 0x00, 0x00, 0x00, 0x0f, 0x87, 0x9d, 0x05, 0x00, 0x00,
    0x39, 0xc1, 0x0f, 0x8e, 0x9e, 0xe2, 0xff, 0xff, 0x39, 0xca, 0x0f, 0x8d,
    0x96, 0xe2, 0xff, 0xff, 0x0f, 0xaf, 0xca, 0x41, 0xbd, 0x01, 0x00, 0x00,
    0x00, 0x8d, 0x1c, 0x01, 0x89, 0xd9, 0xc1, 0xfb, 0x03, 0x83, 0xc3, 0x01,
    0x83, 0xe1, 0x07, 0x48, 0x63, 0xdb, 0x41, 0xd3, 0xe5, 0x4c, 0x01, 0xd3,
    0x44, 0x0f, 0xb6, 0x3b, 0x41, 0x0f, 0xa3, 0xcf, 0x45, 0x89, 0xfc, 0x0f,
    0x92, 0xc1, 0x38, 0x4c, 0x24, 0x08, 0x0f, 0x85, 0xf4, 0x02, 0x00, 0x00,
    0x41, 0xf7, 0xd5, 0x45, 0x21, 0xfd, 0x44, 0x88, 0x2b, 0x83, 0xc0, 0x01,
    0x01, 0xd6, 0x83, 0xc7, 0x01, 0x41, 0x39, 0xc3, 0x0f, 0x84, 0x6b, 0xfd,
    0xff, 0xff, 0x41, 0x0f, 0xb6, 0x08, 0x44, 0x8d, 0x61, 0xeb, 0x89, 0xcb,
    0x41, 0x81, 0xfc, 0x9c, 0x00, 0x00, 0x00, 0x0f, 0x87, 0x2d, 0xe2, 0xff,
    0xff, 0x39, 0xc8, 0x0f, 0x8d, 0x25, 0xe2, 0xff, 0xff, 0x39, 0xca, 0x0f,
    0x8d, 0x1d, 0xe2, 0xff, 0xff, 0x0f, 0xaf, 0xca, 0x01, 0xc1, 0x41, 0x89,
    0xcc, 0x83, 0xe1, 0x07, 0x41, 0xc1, 0xfc, 0x03, 0x41, 0x83, 0xc4, 0x01,
    0x4d, 0x63, 0xe4, 0x47, 0x0f, 0xb6, 0x24, 0x20, 0x41, 0x0f, 0xa3, 0xcc,
    0x0f, 0x83, 0x2e, 0xff, 0xff, 0xff, 0x83, 0xc0, 0x01, 0x01, 0xd6, 0x83,
    0xc7, 0x01, 0x41, 0x39, 0xc3, 0x0f, 0x85, 0xba, 0xfb, 0xff, 0xff, 0xe9,
    0x09, 0xfd, 0xff, 0xff, 0x0f, 0x1f, 0x84, 0x00, 0x00, 0x00, 0x00, 0x00,
    0x89, 0xd3, 0x45, 0x89, 0xcf, 0xd1, 0xfb, 0x89, 0x5c, 0x24, 0x0c, 0xb9,
    0xab, 0xaa, 0xaa, 0xaa, 0x89, 0xc3, 0x48, 0x0f, 0xaf, 0xd9, 0x8b, 0x4c,
    0x24, 0x0c, 0x48, 0xc1, 0xeb, 0x21, 0x01, 0xcb, 0x41, 0x0f, 0xb6, 0x0a,
    0xf7, 0xd3, 0x44, 0x8d, 0x49, 0xeb, 0x83, 0xe3, 0x01, 0x41, 0x81, 0xf9,
    0x9c, 0x00, 0x00, 0x00, 0x0f, 0x87, 0x92, 0x04, 0x00, 0x00, 0x39, 0xc1,
    0x0f, 0x8e, 0x98, 0xe1, 0xff, 0xff, 0x39, 0xca, 0x0f, 0x8d, 0x90, 0xe1,
    0xff, 0xff, 0x0f, 0xaf, 0xca, 0x41, 0xbd, 0x01, 0x00, 0x00, 0x00, 0x44,
    0x8d, 0x0c, 0x01, 0x44, 0x89, 0xc9, 0x41, 0xc1, 0xf9, 0x03, 0x41, 0x83,
    0xc1, 0x01, 0x83, 0xe1, 0x07, 0x4d, 0x63, 0xc9, 0x41, 0xd3, 0xe5, 0x4d,
    0x01, 0xd1, 0x44, 0x89, 0x6c, 0x24, 0x08, 0x45, 0x0f, 0xb6, 0x21, 0x45,
    0x0f, 0xb6, 0xec, 0x41, 0x0f, 0xa3, 0xcd, 0x0f, 0x92, 0xc1, 0x38, 0xcb,
    0x0f, 0x85, 0x96, 0x01, 0x00, 0x00, 0x44, 0x0f, 0xb6, 0x6c, 0x24, 0x08,
    0x83, 0xc0, 0x01, 0x01, 0xd6, 0x83, 0xc7, 0x01, 0x41, 0xf7, 0xd5, 0x45,
    0x21, 0xe5, 0x45, 0x88, 0x29, 0x41, 0x39, 0xc3, 0x0f, 0x84, 0x8f, 0x01,
    0x00, 0x00, 0x41, 0x0f, 0xb6, 0x08, 0x44, 0x8d, 0x49, 0xeb, 0x89, 0xcb,
    0x41, 0x81, 0xf9, 0x9c, 0x00, 0x00, 0x00, 0x0f, 0x87, 0x19, 0xe1, 0xff,
    0xff, 0x39, 0xc8, 0x0f, 0x8d, 0x11, 0xe1, 0xff, 0xff, 0x39, 0xca, 0x0f,
    0x8d, 0x09, 0xe1, 0xff, 0xff, 0x0f, 0xaf, 0xca, 0x01, 0xc1, 0x41, 0x89,
    0xc9, 0x83, 0xe1, 0x07, 0x41, 0xc1, 0xf9, 0x03, 0x41, 0x83, 0xc1, 0x01,
    0x4d, 0x63, 0xc9, 0x47, 0x0f, 0xb6, 0x0c, 0x08, 0x41, 0x0f, 0xa3, 0xc9,
    0x0f, 0x83, 0x15, 0xff, 0xff, 0xff, 0x83, 0xc0, 0x01, 0x45, 0x89, 0xf9,
    0x01, 0xd6, 0x83, 0xc7, 0x01, 0x41, 0x39, 0xc3, 0x0f, 0x85, 0xa3, 0xfa,
    0xff, 0xff, 0xe9, 0xf2, 0xfb, 0xff, 0xff, 0x90, 0x41, 0x89, 0xd5, 0x4d,
    0x89, 0xf7, 0x45, 0x89, 0xce, 0x41, 0x83, 0xe5, 0x01, 0x41, 0x0f, 0xb6,
    0x0a, 0x44, 0x89, 0xeb, 0x83, 0xf3, 0x01, 0x44, 0x8d, 0x49, 0xeb, 0x88,
    0x5c, 0x24, 0x08, 0x41, 0x81, 0xf9, 0x9c, 0x00, 0x00, 0x00, 0x0f, 0x87,
    0x8b, 0x03, 0x00, 0x00, 0x39, 0xc1, 0x0f, 0x8e, 0x96, 0xe0, 0xff, 0xff,
    0x39, 0xca, 0x0f, 0x8d, 0x8e, 0xe0, 0xff, 0xff, 0x0f, 0xaf, 0xca, 0x41,
    0xbc, 0x01, 0x00, 0x00, 0x00, 0x44, 0x8d, 0x0c, 0x01, 0x44, 0x89, 0xc9,
    0x41, 0xc1, 0xf9, 0x03, 0x41, 0x83, 0xc1, 0x01, 0x83, 0xe1, 0x07, 0x4d,
    0x63, 0xc9, 0x41, 0xd3, 0xe4, 0x4d, 0x01, 0xd1, 0x44, 0x89, 0x64, 0x24,
    0x0c, 0x41, 0x0f, 0xb6, 0x19, 0x44, 0x0f, 0xb6, 0xe3, 0x41, 0x0f, 0xa3,
    0xcc, 0x0f, 0x92, 0xc1, 0x38, 0x4c, 0x24, 0x08, 0x0f, 0x85, 0xba, 0x00,
    0x00, 0x00, 0x44, 0x0f, 0xb6, 0x64, 0x24, 0x0c, 0x83, 0xc0, 0x01, 0x01,
    0xd6, 0x83, 0xc7, 0x01, 0x41, 0xf7, 0xd4, 0x41, 0x21, 0xdc, 0x45, 0x88,
    0x21, 0x41, 0x39, 0xc3, 0x0f, 0x84, 0xb2, 0x00, 0x00, 0x00, 0x41, 0x0f,
    0xb6, 0x08, 0x44, 0x8d, 0x49, 0xeb, 0x89, 0xcb, 0x41, 0x81, 0xf9, 0x9c,
    0x00, 0x00, 0x00, 0x0f, 0x87, 0x15, 0xe0, 0xff, 0xff, 0x39, 0xc8, 0x0f,
    0x8d, 0x0d, 0xe0, 0xff, 0xff, 0x39, 0xca, 0x0f, 0x8d, 0x05, 0xe0, 0xff,
    0xff, 0x0f, 0xaf, 0xca, 0x01, 0xc1, 0x41, 0x89, 0xc9, 0x83, 0xe1, 0x07,
    0x41, 0xc1, 0xf9, 0x03, 0x41, 0x83, 0xc1, 0x01, 0x4d, 0x63, 0xc9, 0x47,
    0x0f, 0xb6, 0x0c, 0x08, 0x41, 0x0f, 0xa3, 0xc9, 0x0f, 0x83, 0x23, 0xff,
    0xff, 0xff, 0x83, 0xc0, 0x01, 0x45, 0x89, 0xf1, 0x01, 0xd6, 0x4d, 0x89,
    0xfe, 0x83, 0xc7, 0x01, 0x41, 0x39, 0xc3, 0x0f, 0x85, 0x9c, 0xf9, 0xff,
    0xff, 0xe9, 0xeb, 0xfa, 0xff, 0xff, 0x66, 0x2e, 0x0f, 0x1f, 0x84, 0x00,
    0x00, 0x00, 0x00, 0x00, 0x44, 0x0a, 0x64, 0x24, 0x08, 0x83, 0xc0, 0x01,
    0x01, 0xd6, 0x83, 0xc7, 0x01, 0x45, 0x88, 0x21, 0x41, 0x39, 0xc3, 0x0f,
    0x85, 0x71, 0xfe, 0xff, 0xff, 0x45, 0x89, 0xf9, 0x4d, 0x89, 0xf7, 0xe9,
    0xc0, 0xfa, 0xff, 0xff, 0x0f, 0x1f, 0x40, 0x00, 0x0a, 0x5c, 0x24, 0x0c,
    0x83, 0xc0, 0x01, 0x01, 0xd6, 0x83, 0xc7, 0x01, 0x41, 0x88, 0x19, 0x41,
    0x39, 0xc3, 0x0f, 0x85, 0x4e, 0xff, 0xff, 0xff, 0x45, 0x89, 0xf1, 0xe9,
    0x9c, 0xfa, 0xff, 0xff, 0x0f, 0x1f, 0x84, 0x00, 0x00, 0x00, 0x00, 0x00,
    0x45, 0x09, 0xec, 0x44, 0x88, 0x23, 0xe9, 0x0a, 0xfd, 0xff, 0xff, 0x0f,
    0x1f, 0x44, 0x00, 0x00, 0x45, 0x09, 0xec, 0x44, 0x88, 0x23, 0xe9, 0x0c,
    0xfa, 0xff, 0xff, 0x0f, 0x1f, 0x44, 0x00, 0x00, 0x45, 0x09, 0xec, 0x44,
    0x88, 0x23, 0xe9, 0x0b, 0xfb, 0xff, 0xff, 0x0f, 0x1f, 0x44, 0x00, 0x00,
    0x45, 0x09, 0xec, 0x44, 0x88, 0x23, 0xe9, 0xea, 0xfb, 0xff, 0xff, 0x31,
    0xf6, 0xbb, 0xab, 0xaa, 0xaa, 0xaa, 0x41, 0xb9, 0x01, 0x00, 0x00, 0x00,
    0x0f, 0x1f, 0x84, 0x00, 0x00, 0x00, 0x00, 0x00, 0x31, 0xff, 0x31, 0xd2,
    0x66, 0x66, 0x2e, 0x0f, 0x1f, 0x84, 0x00, 0x00, 0x00, 0x00, 0x00, 0x90,
    0x41, 0x0f, 0xb6, 0x00, 0x8d, 0x48, 0xeb, 0x81, 0xf9, 0x9c, 0x00, 0x00,
    0x00, 0x0f, 0x87, 0xf7, 0xde, 0xff, 0xff, 0x39, 0xd0, 0x0f, 0x8e, 0xef,
    0xde, 0xff, 0xff, 0x39, 0xc6, 0x0f, 0x8d, 0xe7, 0xde, 0xff, 0xff, 0x0f,
    0xaf, 0xc6, 0x01, 0xd0, 0x89, 0xc1, 0x83, 0xe0, 0x07, 0xc1, 0xf9, 0x03,
    0x83, 0xc1, 0x01, 0x48, 0x63, 0xc9, 0x41, 0x0f, 0xb6, 0x0c, 0x08, 0x0f,
    0xa3, 0xc1, 0x72, 0x7d, 0x89, 0xf8, 0x89, 0xfd, 0x48, 0x0f, 0xaf, 0xc3,
    0x48, 0xc1, 0xe8, 0x21, 0x8d, 0x04, 0x40, 0x29, 0xc5, 0x8d, 0x04, 0x32,
    0x01, 0xc5, 0x41, 0x0f, 0xb6, 0x02, 0xf7, 0xd5, 0x8d, 0x48, 0xeb, 0x83,
    0xe5, 0x01, 0x81, 0xf9, 0x9c, 0x00, 0x00, 0x00, 0x0f, 0x87, 0x9c, 0xde,
    0xff, 0xff, 0x39, 0xd0, 0x0f, 0x8e, 0x94, 0xde, 0xff, 0xff, 0x39, 0xc6,
    0x0f, 0x8d, 0x8c, 0xde, 0xff, 0xff, 0x0f, 0xaf, 0xc6, 0x45, 0x89, 0xcd,
    0x01, 0xd0, 0x89, 0xc1, 0xc1, 0xf8, 0x03, 0x83, 0xc0, 0x01, 0x83, 0xe1,
    0x07, 0x48, 0x98, 0x41, 0xd3, 0xe5, 0x4c, 0x01, 0xd0, 0x44, 0x0f, 0xb6,
    0x30, 0x41, 0x0f, 0xa3, 0xce, 0x44, 0x89, 0xe9, 0x45, 0x89, 0xf4, 0xf7,
    0xd1, 0x41, 0x0f, 0x92, 0xc6, 0x44, 0x21, 0xe1, 0x45, 0x09, 0xec, 0x44,
    0x38, 0xf5, 0x44, 0x0f, 0x44, 0xe1, 0x44, 0x88, 0x20, 0x83, 0xc2, 0x01,
    0x01, 0xf7, 0x44, 0x39, 0xda, 0x0f, 0x85, 0x35, 0xff, 0xff, 0xff, 0x83,
    0xc6, 0x01, 0x44, 0x39, 0xde, 0x0f, 0x85, 0x19, 0xff, 0xff, 0xff, 0x48,
    0x83, 0xc4, 0x18, 0x5b, 0x5d, 0x41, 0x5c, 0x41, 0x5d, 0x41, 0x5e, 0x41,
    0x5f, 0xc3, 0x44, 0x89, 0x4c, 0x24, 0x08, 0x0f, 0x1f, 0x44, 0x00, 0x00,
    0x41, 0x0f, 0xb6, 0x0a, 0x89, 0xfb, 0x83, 0xe3, 0x01, 0x44, 0x8d, 0x49,
    0xeb, 0x83, 0xf3, 0x01, 0x41, 0x81, 0xf9, 0x9c, 0x00, 0x00, 0x00, 0x0f,
    0x87, 0xe0, 0x00, 0x00, 0x00, 0x39, 0xc1, 0x0f, 0x8e, 0xf5, 0xdd, 0xff,
    0xff, 0x39, 0xd1, 0x0f, 0x8e, 0xed, 0xdd, 0xff, 0xff, 0x0f, 0xaf, 0xca,
    0x41, 0xbd, 0x01, 0x00, 0x00, 0x00, 0x44, 0x8d, 0x0c, 0x01, 0x44, 0x89,
    0xc9, 0x41, 0xc1, 0xf9, 0x03, 0x41, 0x83, 0xc1, 0x01, 0x83, 0xe1, 0x07,
    0x4d, 0x63, 0xc9, 0x41, 0xd3, 0xe5, 0x4d, 0x01, 0xd1, 0x45, 0x0f, 0xb6,
    0x39, 0x41, 0x0f, 0xa3, 0xcf, 0x45, 0x89, 0xfc, 0x0f, 0x92, 0xc1, 0x38,
    0xcb, 0x75, 0x7d, 0x41, 0xf7, 0xd5, 0x83, 0xc0, 0x01, 0x01, 0xd6, 0x83,
    0xc7, 0x01, 0x45, 0x21, 0xfd, 0x45, 0x88, 0x29, 0x44, 0x39, 0xd8, 0x74,
    0x7a, 0x41, 0x0f, 0xb6, 0x08, 0x44, 0x8d, 0x49, 0xeb, 0x89, 0xcb, 0x41,
    0x81, 0xf9, 0x9c, 0x00, 0x00, 0x00, 0x0f, 0x87, 0x8a, 0xdd, 0xff, 0xff,
    0x39, 0xc8, 0x0f, 0x8d, 0x82, 0xdd, 0xff, 0xff, 0x39, 0xca, 0x0f, 0x8d,
    0x7a, 0xdd, 0xff, 0xff, 0x0f, 0xaf, 0xca, 0x01, 0xc1, 0x41, 0x89, 0xc9,
    0x83, 0xe1, 0x07, 0x41, 0xc1, 0xf9, 0x03, 0x41, 0x83, 0xc1, 0x01, 0x4d,
    0x63, 0xc9, 0x47, 0x0f, 0xb6, 0x0c, 0x08, 0x41, 0x0f, 0xa3, 0xc9, 0x0f,
    0x83, 0x3b, 0xff, 0xff, 0xff, 0x83, 0xc0, 0x01, 0x44, 0x8b, 0x4c, 0x24,
    0x08, 0x01, 0xd6, 0x83, 0xc7, 0x01, 0x41, 0x39, 0xc3, 0x0f, 0x85, 0x12,
    0xf7, 0xff, 0xff, 0xe9, 0x61, 0xf8, 0xff, 0xff, 0x45, 0x09, 0xec, 0x83,
    0xc0, 0x01, 0x01, 0xd6, 0x83, 0xc7, 0x01, 0x45, 0x88, 0x21, 0x41, 0x39,
    0xc3, 0x75, 0x86, 0x44, 0x8b, 0x4c, 0x24, 0x08, 0xe9, 0x44, 0xf8, 0xff,
    0xff, 0xe9, 0x18, 0xdd, 0xff, 0xff, 0xe9, 0x13, 0xdd, 0xff, 0xff, 0xe9,
    0x0e, 0xdd, 0xff, 0xff, 0xe9, 0x09, 0xdd, 0xff, 0xff, 0xe9, 0x04, 0xdd,
    0xff, 0xff, 0xe9, 0xff, 0xdc, 0xff, 0xff, 0xe9, 0xfa, 0xdc, 0xff, 0xff,
    0x41, 0x57, 0x41, 0x56, 0x41, 0x55, 0x44, 0x8d, 0x2c, 0xbd, 0x00, 0x00,
    0x00, 0x00, 0x41, 0x54, 0x45, 0x8d, 0x65, 0x11, 0x55, 0x44, 0x89, 0xe2,
    0x89, 0xfd, 0x53, 0x41, 0x0f, 0xaf, 0xd4, 0x48, 0x83, 0xec, 0x58, 0x83,
    0xc2, 0x07, 0x64, 0x48, 0x8b, 0x1c, 0x25, 0x28, 0x00, 0x00, 0x00, 0x48,
    0x89, 0x5c, 0x24, 0x48, 0x48, 0x89, 0xf3, 0xc1, 0xfa, 0x03, 0x31, 0xf6,
    0x83, 0xc2, 0x01, 0x48, 0x63, 0xd2, 0x48, 0x89, 0xdf, 0xe8, 0xf6, 0xd6,
    0xff, 0xff, 0x44, 0x88, 0x23, 0x44, 0x89, 0xe2, 0x31, 0xf6, 0xbf, 0x01,
    0x00, 0x00, 0x00, 0x0f, 0xb6, 0xc2, 0x8d, 0x50, 0xeb, 0x81, 0xfa, 0x9c,
    0x00, 0x00, 0x00, 0x0f, 0x87, 0x9b, 0xdc, 0xff, 0xff, 0x39, 0xf0, 0x0f,
    0x8e, 0x93, 0xdc, 0xff, 0xff, 0x0f, 0xaf, 0xc6, 0x89, 0xfa, 0x83, 0xc6,
    0x01, 0x8d, 0x48, 0x06, 0x89, 0xc8, 0x83, 0xe1, 0x07, 0xc1, 0xf8, 0x03,
    0xd3, 0xe2, 0x83, 0xc0, 0x01, 0x48, 0x98, 0x08, 0x14, 0x03, 0x0f, 0xb6,
    0x13, 0x0f, 0xb6, 0xc2, 0x41, 0x39, 0xf4, 0x7f, 0xbe, 0x31, 0xd2, 0xbe,
    0x01, 0x00, 0x00, 0x00, 0xeb, 0x09, 0x66, 0x0f, 0x1f, 0x44, 0x00, 0x00,
    0x0f, 0xb6, 0x03, 0x8d, 0x48, 0xeb, 0x81, 0xf9, 0x9c, 0x00, 0x00, 0x00,
    0x0f, 0x87, 0x4a, 0xdc, 0xff, 0xff, 0x39, 0xc2, 0x0f, 0x8d, 0x42, 0xdc,
    0xff, 0xff, 0x8d, 0x04, 0x40, 0x89, 0xf7, 0x8d, 0x0c, 0x42, 0x83, 0xc2,
    0x01, 0x89, 0xc8, 0x83, 0xe1, 0x07, 0xc1, 0xf8, 0x03, 0xd3, 0xe7, 0x83,
    0xc0, 0x01, 0x48, 0x98, 0x40, 0x08, 0x3c, 0x03, 0x41, 0x39, 0xd4, 0x7f,
    0xc3, 0x31, 0xc0, 0x0f, 0xb6, 0x0b, 0x8d, 0x51, 0xeb, 0x81, 0xfa, 0x9c,
    0x00, 0x00, 0x00, 0x0f, 0x87, 0x0b, 0xdc, 0xff, 0xff, 0x0f, 0xaf, 0xc8,
    0xba, 0x01, 0x00, 0x00, 0x00, 0x89, 0xd7, 0x89, 0xce, 0x83, 0xe1, 0x07,
    0xc1, 0xfe, 0x03, 0xd3, 0xe7, 0x83, 0xc6, 0x01, 0x48, 0x63, 0xf6, 0x40,
    0x08, 0x3c, 0x33, 0x0f, 0xb6, 0x0b, 0x8d, 0x71, 0xeb, 0x81, 0xfe, 0x9c,
    0x00, 0x00, 0x00, 0x0f, 0x87, 0xdb, 0xdb, 0xff, 0xff, 0x0f, 0xaf, 0xc8,
    0x89, 0xd7, 0x83, 0xc1, 0x01, 0x89, 0xce, 0x83, 0xe1, 0x07, 0xc1, 0xfe,
    0x03, 0xd3, 0xe7, 0x83, 0xc6, 0x01, 0x48, 0x63, 0xf6, 0x40, 0x08, 0x3c,
    0x33, 0x0f, 0xb6, 0x0b, 0x8d, 0x71, 0xeb, 0x81, 0xfe, 0x9c, 0x00, 0x00,
    0x00, 0x0f, 0x87, 0xad, 0xdb, 0xff, 0xff, 0x0f, 0xaf, 0xc8, 0x89, 0xd7,
    0x83, 0xc1, 0x02, 0x89, 0xce, 0x83, 0xe1, 0x07, 0xc1, 0xfe, 0x03, 0xd3,
    0xe7, 0x83, 0xc6, 0x01, 0x48, 0x63, 0xf6, 0x40, 0x08, 0x3c, 0x33, 0x0f,
    0xb6, 0x0b, 0x8d, 0x71, 0xeb, 0x81, 0xfe, 0x9c, 0x00, 0x00, 0x00, 0x0f,
    0x87, 0x7f, 0xdb, 0xff, 0xff, 0x0f, 0xaf, 0xc8, 0x89, 0xd7, 0x83, 0xc1,
    0x03, 0x89, 0xce, 0x83, 0xe1, 0x07, 0xc1, 0xfe, 0x03, 0xd3, 0xe7, 0x83,
    0xc6, 0x01, 0x48, 0x63, 0xf6, 0x40, 0x08, 0x3c, 0x33, 0x0f, 0xb6, 0x0b,
    0x8d, 0x71, 0xeb, 0x81, 0xfe, 0x9c, 0x00, 0x00, 0x00, 0x0f, 0x87, 0x51,
    0xdb, 0xff, 0xff, 0x0f, 0xaf, 0xc8, 0x89, 0xd7, 0x83, 0xc1, 0x04, 0x89,
    0xce, 0x83, 0xe1, 0x07, 0xc1, 0xfe, 0x03, 0xd3, 0xe7, 0x83, 0xc6, 0x01,
    0x48, 0x63, 0xf6, 0x40, 0x08, 0x3c, 0x33, 0x0f, 0xb6, 0x0b, 0x8d, 0x71,
    0xeb, 0x81, 0xfe, 0x9c, 0x00, 0x00, 0x00, 0x0f, 0x87, 0x23, 0xdb, 0xff,
    0xff, 0x0f, 0xaf, 0xc8, 0x89, 0xd7, 0x83, 0xc1, 0x05, 0x89, 0xce, 0x83,
    0xe1, 0x07, 0xc1, 0xfe, 0x03, 0xd3, 0xe7, 0x83, 0xc6, 0x01, 0x48, 0x63,
    0xf6, 0x40, 0x08, 0x3c, 0x33, 0x0f, 0xb6, 0x0b, 0x8d, 0x71, 0xeb, 0x81,
    0xfe, 0x9c, 0x00, 0x00, 0x00, 0x0f, 0x87, 0xf5, 0xda, 0xff, 0xff, 0x0f,
    0xaf, 0xc8, 0x89, 0xd7, 0x83, 0xc1, 0x06, 0x89, 0xce, 0x83, 0xe1, 0x07,
    0xc1, 0xfe, 0x03, 0xd3, 0xe7, 0x83, 0xc6, 0x01, 0x48, 0x63, 0xf6, 0x40,
    0x08, 0x3c, 0x33, 0x0f, 0xb6, 0x0b, 0x8d, 0x71, 0xeb, 0x81, 0xfe, 0x9c,
    0x00, 0x00, 0x00, 0x0f, 0x87, 0xc7, 0xda, 0xff, 0xff, 0x0f, 0xaf, 0xc8,
    0x89, 0xd7, 0x83, 0xc1, 0x07, 0x89, 0xce, 0x83, 0xe1, 0x07, 0xc1, 0xfe,
    0x03, 0xd3, 0xe7, 0x83, 0xc6, 0x01, 0x48, 0x63, 0xf6, 0x40, 0x08, 0x3c,
    0x33, 0x0f, 0xb6, 0x0b, 0x8d, 0x71, 0xeb, 0x81, 0xfe, 0x9c, 0x00, 0x00,
    0x00, 0x0f, 0x87, 0x99, 0xda, 0xff, 0xff, 0x0f, 0xaf, 0xc8, 0x83, 0xc0,
    0x01, 0x89, 0xce, 0x83, 0xe1, 0x07, 0xc1, 0xfe, 0x03, 0xd3, 0xe2, 0x83,
    0xc6, 0x02, 0x48, 0x63, 0xf6, 0x08, 0x14, 0x33, 0x83, 0xf8, 0x09, 0x0f,
    0x85, 0x5a, 0xfe, 0xff, 0xff, 0x89, 0x6c, 0x24, 0x0c, 0x41, 0x8d, 0x45,
    0x09, 0x31, 0xd2, 0xbe, 0x01, 0x00, 0x00, 0x00, 0x45, 0x8d, 0x75, 0x0a,
    0x45, 0x8d, 0x65, 0x0b, 0x45, 0x8d, 0x5d, 0x0c, 0x45, 0x8d, 0x55, 0x0d,
    0x45, 0x8d, 0x4d, 0x0e, 0x45, 0x8d, 0x45, 0x0f, 0x41, 0x8d, 0x7d, 0x10,
    0x0f, 0xb6, 0x0b, 0x44, 0x8d, 0x79, 0xeb, 0x41, 0x81, 0xff, 0x9c, 0x00,
    0x00, 0x00, 0x0f, 0x87, 0x38, 0xda, 0xff, 0xff, 0x39, 0xc8, 0x0f, 0x8d,
    0x30, 0xda, 0xff, 0xff, 0x0f, 0xaf, 0xca, 0x89, 0xf5, 0x01, 0xc1, 0x41,
    0x89, 0xcf, 0x83, 0xe1, 0x07, 0x41, 0xc1, 0xff, 0x03, 0xd3, 0xe5, 0x41,
    0x83, 0xc7, 0x01, 0x4d, 0x63, 0xff, 0x42, 0x08, 0x2c, 0x3b, 0x0f, 0xb6,
    0x0b, 0x44, 0x8d, 0x79, 0xeb, 0x41, 0x81, 0xff, 0x9c, 0x00, 0x00, 0x00,
    0x0f, 0x87, 0xfe, 0xd9, 0xff, 0xff, 0x41, 0x39, 0xce, 0x0f, 0x8d, 0xf5,
    0xd9, 0xff, 0xff, 0x0f, 0xaf, 0xca, 0x89, 0xf5, 0x44, 0x01, 0xf1, 0x41,
    0x89, 0xcf, 0x83, 0xe1, 0x07, 0x41, 0xc1, 0xff, 0x03, 0xd3, 0xe5, 0x41,
    0x83, 0xc7, 0x01, 0x4d, 0x63, 0xff, 0x42, 0x08, 0x2c, 0x3b, 0x0f, 0xb6,
    0x0b, 0x44, 0x8d, 0x79, 0xeb, 0x41, 0x81, 0xff, 0x9c, 0x00, 0x00, 0x00,
    0x0f, 0x87, 0xc2, 0xd9, 0xff, 0xff, 0x41, 0x39, 0xcc, 0x0f, 0x8d, 0xb9,
    0xd9, 0xff, 0xff, 0x0f, 0xaf, 0xca, 0x89, 0xf5, 0x44, 0x01, 0xe1, 0x41,
    0x89, 0xcf, 0x83, 0xe1, 0x07, 0x41, 0xc1, 0xff, 0x03, 0xd3, 0xe5, 0x41,
    0x83, 0xc7, 0x01, 0x4d, 0x63, 0xff, 0x42, 0x08, 0x2c, 0x3b, 0x0f, 0xb6,
    0x0b, 0x44, 0x8d, 0x79, 0xeb, 0x41, 0x81, 0xff, 0x9c, 0x00, 0x00, 0x00,
    0x0f, 0x87, 0x86, 0xd9, 0xff, 0xff, 0x41, 0x39, 0xcb, 0x0f, 0x8d, 0x7d,
    0xd9, 0xff, 0xff, 0x0f, 0xaf, 0xca, 0x89, 0xf5, 0x44, 0x01, 0xd9, 0x41,
    0x89, 0xcf, 0x83, 0xe1, 0x07, 0x41, 0xc1, 0xff, 0x03, 0xd3, 0xe5, 0x41,
    0x83, 0xc7, 0x01, 0x4d, 0x63, 0xff, 0x42, 0x08, 0x2c, 0x3b, 0x0f, 0xb6,
    0x0b, 0x44, 0x8d, 0x79, 0xeb, 0x41, 0x81, 0xff, 0x9c, 0x00, 0x00, 0x00,
    0x0f, 0x87, 0x4a, 0xd9, 0xff, 0xff, 0x41, 0x39, 0xca, 0x0f, 0x8d, 0x41,
    0xd9, 0xff, 0xff, 0x0f, 0xaf, 0xca, 0x89, 0xf5, 0x44, 0x01, 0xd1, 0x41,
    0x89, 0xcf, 0x83, 0xe1, 0x07, 0x41, 0xc1, 0xff, 0x03, 0xd3, 0xe5, 0x41,
    0x83, 0xc7, 0x01, 0x4d, 0x63, 0xff, 0x42, 0x08, 0x2c, 0x3b, 0x0f, 0xb6,
    0x0b, 0x44, 0x8d, 0x79, 0xeb, 0x41, 0x81, 0xff, 0x9c, 0x00, 0x00, 0x00,
    0x0f, 0x87, 0x0e, 0xd9, 0xff, 0xff, 0x41, 0x39, 0xc9, 0x0f, 0x8d, 0x05,
    0xd9, 0xff, 0xff, 0x0f, 0xaf, 0xca, 0x89, 0xf5, 0x44, 0x01, 0xc9, 0x41,
    0x89, 0xcf, 0x83, 0xe1, 0x07, 0x41, 0xc1, 0xff, 0x03, 0xd3, 0xe5, 0x41,
    0x83, 0xc7, 0x01, 0x4d, 0x63, 0xff, 0x42, 0x08, 0x2c, 0x3b, 0x0f, 0xb6,
    0x0b, 0x44, 0x8d, 0x79, 0xeb, 0x41, 0x81, 0xff, 0x9c, 0x00, 0x00, 0x00,
    0x0f, 0x87, 0xd2, 0xd8, 0xff, 0xff, 0x41, 0x39, 0xc8, 0x0f, 0x8d, 0xc9,
    0xd8, 0xff, 0xff, 0x0f, 0xaf, 0xca, 0x89, 0xf5, 0x44, 0x01, 0xc1, 0x41,
    0x89, 0xcf, 0x83, 0xe1, 0x07, 0x41, 0xc1, 0xff, 0x03, 0xd3, 0xe5, 0x41,
    0x83, 0xc7, 0x01, 0x4d, 0x63, 0xff, 0x42, 0x08, 0x2c, 0x3b, 0x0f, 0xb6,
    0x0b, 0x44, 0x8d, 0x79, 0xeb, 0x41, 0x81, 0xff, 0x9c, 0x00, 0x00, 0x00,
    0x0f, 0x87, 0x96, 0xd8, 0xff, 0xff, 0x39, 0xcf, 0x0f, 0x8d, 0x8e, 0xd8,
    0xff, 0xff, 0x0f, 0xaf, 0xca, 0x89, 0xf5, 0x83, 0xc2, 0x01, 0x01, 0xf9,
    0x41, 0x89, 0xcf, 0x83, 0xe1, 0x07, 0x41, 0xc1, 0xff, 0x03, 0xd3, 0xe5,
    0x41, 0x83, 0xc7, 0x01, 0x4d, 0x63, 0xff, 0x42, 0x08, 0x2c, 0x3b, 0x83,
    0xfa, 0x09, 0x0f, 0x85, 0x18, 0xfe, 0xff, 0xff, 0x8b, 0x6c, 0x24, 0x0c,
    0x41, 0x8d, 0x7d, 0x11, 0xbe, 0x01, 0x00, 0x00, 0x00, 0x0f, 0xb6, 0x13,
    0x8d, 0x4a, 0xeb, 0x81, 0xf9, 0x9c, 0x00, 0x00, 0x00, 0x0f, 0x87, 0x45,
    0xd8, 0xff, 0xff, 0x39, 0xd0, 0x0f, 0x8d, 0x3d, 0xd8, 0xff, 0xff, 0x0f,
    0xaf, 0xd0, 0x41, 0x89, 0xf6, 0x41, 0x89, 0xd0, 0x83, 0xe2, 0x07, 0x41,
    0xc1, 0xf8, 0x03, 0x89, 0xd1, 0x41, 0x83, 0xc0, 0x01, 0x41, 0xd3, 0xe6,
    0x4d, 0x63, 0xc0, 0x46, 0x08, 0x34, 0x03, 0x0f, 0xb6, 0x13, 0x8d, 0x4a,
    0xeb, 0x81, 0xf9, 0x9c, 0x00, 0x00, 0x00, 0x0f, 0x87, 0x0b, 0xd8, 0xff,
    0xff, 0x39, 0xd0, 0x0f, 0x8d, 0x03, 0xd8, 0xff, 0xff, 0x0f, 0xaf, 0xd0,
    0x41, 0x89, 0xf6, 0x8d, 0x4a, 0x01, 0x89, 0xca, 0x83, 0xe1, 0x07, 0xc1,
    0xfa, 0x03, 0x41, 0xd3, 0xe6, 0x83, 0xc2, 0x01, 0x48, 0x63, 0xd2, 0x44,
    0x08, 0x34, 0x13, 0x0f, 0xb6, 0x13, 0x8d, 0x4a, 0xeb, 0x81, 0xf9, 0x9c,
    0x00, 0x00, 0x00, 0x0f, 0x87, 0xd3, 0xd7, 0xff, 0xff, 0x39, 0xd0, 0x0f,
    0x8d, 0xcb, 0xd7, 0xff, 0xff, 0x0f, 0xaf, 0xd0, 0x41, 0x89, 0xf6, 0x8d,
    0x4a, 0x02, 0x89, 0xca, 0x83, 0xe1, 0x07, 0xc1, 0xfa, 0x03, 0x41, 0xd3,
    0xe6, 0x83, 0xc2, 0x01, 0x48, 0x63, 0xd2, 0x44, 0x08, 0x34, 0x13, 0x0f,
    0xb6, 0x13, 0x8d, 0x4a, 0xeb, 0x81, 0xf9, 0x9c, 0x00, 0x00, 0x00, 0x0f,
    0x87, 0x9b, 0xd7, 0xff, 0xff, 0x39, 0xd0, 0x0f, 0x8d, 0x93, 0xd7, 0xff,
    0xff, 0x0f, 0xaf, 0xd0, 0x41, 0x89, 0xf2, 0x8d, 0x4a, 0x03, 0x89, 0xca,
    0x83, 0xe1, 0x07, 0xc1, 0xfa, 0x03, 0x41, 0xd3, 0xe2, 0x83, 0xc2, 0x01,
    0x48, 0x63, 0xd2, 0x44, 0x08, 0x14, 0x13, 0x0f, 0xb6, 0x13, 0x8d, 0x4a,
    0xeb, 0x81, 0xf9, 0x9c, 0x00, 0x00, 0x00, 0x0f, 0x87, 0x63, 0xd7, 0xff,
    0xff, 0x39, 0xd0, 0x0f, 0x8d, 0x5b, 0xd7, 0xff, 0xff, 0x0f, 0xaf, 0xd0,
    0x41, 0x89, 0xf3, 0x8d, 0x4a, 0x04, 0x89, 0xca, 0x83, 0xe1, 0x07, 0xc1,
    0xfa, 0x03, 0x41, 0xd3, 0xe3, 0x83, 0xc2, 0x01, 0x48, 0x63, 0xd2, 0x44,
    0x08, 0x1c, 0x13, 0x0f, 0xb6, 0x13, 0x8d, 0x4a, 0xeb, 0x81, 0xf9, 0x9c,
    0x00, 0x00, 0x00, 0x0f, 0x87, 0x2b, 0xd7, 0xff, 0xff, 0x39, 0xd0, 0x0f,
    0x8d, 0x23, 0xd7, 0xff, 0xff, 0x0f, 0xaf, 0xd0, 0x41, 0x89, 0xf1, 0x8d,
    0x4a, 0x05, 0x89, 0xca, 0x83, 0xe1, 0x07, 0xc1, 0xfa, 0x03, 0x41, 0xd3,
    0xe1, 0x83, 0xc2, 0x01, 0x48, 0x63, 0xd2, 0x44, 0x08, 0x0c, 0x13, 0x0f,
    0xb6, 0x13, 0x8d, 0x4a, 0xeb, 0x81, 0xf9, 0x9c, 0x00, 0x00, 0x00, 0x0f,
    0x87, 0xf3, 0xd6, 0xff, 0xff, 0x39, 0xd0, 0x0f, 0x8d, 0xeb, 0xd6, 0xff,
    0xff, 0x0f, 0xaf, 0xd0, 0x41, 0x89, 0xf6, 0x8d, 0x4a, 0x06, 0x89, 0xca,
    0x83, 0xe1, 0x07, 0xc1, 0xfa, 0x03, 0x41, 0xd3, 0xe6, 0x83, 0xc2, 0x01,
    0x48, 0x63, 0xd2, 0x44, 0x08, 0x34, 0x13, 0x0f, 0xb6, 0x13, 0x8d, 0x4a,
    0xeb, 0x81, 0xf9, 0x9c, 0x00, 0x00, 0x00, 0x0f, 0x87, 0xbb, 0xd6, 0xff,
    0xff, 0x39, 0xd0, 0x0f, 0x8d, 0xb3, 0xd6, 0xff, 0xff, 0x0f, 0xaf, 0xd0,
    0x41, 0x89, 0xf2, 0x8d, 0x4a, 0x07, 0x89, 0xca, 0x83, 0xe1, 0x07, 0xc1,
    0xfa, 0x03, 0x41, 0xd3, 0xe2, 0x83, 0xc2, 0x01, 0x48, 0x63, 0xd2, 0x44,
    0x08, 0x14, 0x13, 0x0f, 0xb6, 0x13, 0x8d, 0x4a, 0xeb, 0x81, 0xf9, 0x9c,
    0x00, 0x00, 0x00, 0x0f, 0x87, 0x83, 0xd6, 0xff, 0xff, 0x39, 0xd0, 0x0f,
    0x8d, 0x7b, 0xd6, 0xff, 0xff, 0x0f, 0xaf, 0xd0, 0x41, 0x89, 0xf3, 0x83,
    0xc0, 0x01, 0x41, 0x89, 0xd0, 0x83, 0xe2, 0x07, 0x41, 0xc1, 0xf8, 0x03,
    0x89, 0xd1, 0x41, 0x83, 0xc0, 0x02, 0x41, 0xd3, 0xe3, 0x4d, 0x63, 0xc0,
    0x46, 0x08, 0x1c, 0x03, 0x39, 0xc7, 0x0f, 0x85, 0xf9, 0xfd, 0xff, 0xff,
    0x4c, 0x8d, 0x74, 0x24, 0x41, 0x89, 0xef, 0x4c, 0x89, 0xf6, 0x4c, 0x89,
    0x74, 0x24, 0x30, 0xe8, 0xa8, 0xe0, 0xff, 0xff, 0x85, 0xc0, 0x0f, 0x84,
    0x53, 0x02, 0x00, 0x00, 0x8d, 0x70, 0xff, 0x89, 0x44, 0x24, 0x3c, 0x31,
    0xd2, 0x4c, 0x89, 0x74, 0x24, 0x18, 0x89, 0x74, 0x24, 0x38, 0x48, 0x63,
    0xf0, 0x48, 0x89, 0x74, 0x24, 0x28, 0xbe, 0x01, 0x00, 0x00, 0x00, 0x8b,
    0x44, 0x24, 0x38, 0x89, 0xe9, 0x44, 0x89, 0xef, 0x39, 0xc2, 0x0f, 0x95,
    0x44, 0x24, 0x27, 0x45, 0x31, 0xe4, 0x89, 0xd0, 0x44, 0x09, 0xe0, 0x75,
    0x0b, 0x49, 0x83, 0xc4, 0x01, 0x89, 0xd0, 0x44, 0x09, 0xe0, 0x74, 0xf5,
    0x85, 0xd2, 0x74, 0x14, 0x45, 0x85, 0xe4, 0x75, 0x1a, 0x80, 0x7c, 0x24,
    0x27, 0x00, 0x75, 0x13, 0x49, 0x83, 0xc4, 0x01, 0x85, 0xd2, 0x75, 0xec,
    0x44, 0x39, 0x64, 0x24, 0x38, 0x0f, 0x84, 0x2d, 0x0a, 0x00, 0x00, 0x48,
    0x8b, 0x44, 0x24, 0x18, 0x89, 0x54, 0x24, 0x0c, 0x89, 0x7c, 0x24, 0x20,
    0x44, 0x0f, 0xb6, 0x00, 0x48, 0x8b, 0x44, 0x24, 0x30, 0x4c, 0x89, 0x64,
    0x24, 0x10, 0x45, 0x8d, 0x48, 0xfe, 0x46, 0x0f, 0xb6, 0x2c, 0x20, 0x41,
    0x8d, 0x68, 0xff, 0x41, 0x89, 0xcc, 0x45, 0x89, 0xce, 0x45, 0x8d, 0x58,
    0x01, 0x45, 0x8d, 0x50, 0x02, 0x41, 0xf7, 0xd6, 0x41, 0x8d, 0x45, 0xfe,
    0x41, 0xc1, 0xee, 0x1f, 0x45, 0x85, 0xc0, 0x41, 0x0f, 0x95, 0xc7, 0x41,
    0x83, 0xc5, 0x03, 0x66, 0x66, 0x2e, 0x0f, 0x1f, 0x84, 0x00, 0x00, 0x00,
    0x00, 0x00, 0x66, 0x90, 0x0f, 0xb6, 0x13, 0x8d, 0x4a, 0xeb, 0x81, 0xf9,
    0x9c, 0x00, 0x00, 0x00, 0x0f, 0x87, 0x62, 0xd5, 0xff, 0xff, 0x41, 0x39,
    0xd1, 0x0f, 0x8d, 0x59, 0xd5, 0xff, 0xff, 0x45, 0x84, 0xf6, 0x0f, 0x84,
    0x50, 0xd5, 0xff, 0xff, 0x39, 0xd0, 0x0f, 0x83, 0x48, 0xd5, 0xff, 0xff,
    0x0f, 0xaf, 0xd0, 0x89, 0xf7, 0x42, 0x8d, 0x0c, 0x0a, 0x89, 0xca, 0x83,
    0xe1, 0x07, 0xc1, 0xfa, 0x03, 0xd3, 0xe7, 0x83, 0xc2, 0x01, 0x48, 0x63,
    0xd2, 0x40, 0x08, 0x3c, 0x13, 0x0f, 0xb6, 0x13, 0x8d, 0x4a, 0xeb, 0x81,
    0xf9, 0x9c, 0x00, 0x00, 0x00, 0x0f, 0x87, 0x19, 0xd5, 0xff, 0xff, 0x39,
    0xd5, 0x0f, 0x8d, 0x11, 0xd5, 0xff, 0xff, 0x45, 0x84, 0xff, 0x0f, 0x84,
    0x08, 0xd5, 0xff, 0xff, 0x39, 0xd0, 0x0f, 0x8d, 0x00, 0xd5, 0xff, 0xff,
    0x0f, 0xaf, 0xd0, 0x89, 0xf7, 0x8d, 0x0c, 0x2a, 0x89, 0xca, 0x83, 0xe1,
    0x07, 0xc1, 0xfa, 0x03, 0xd3, 0xe7, 0x83, 0xc2, 0x01, 0x48, 0x63, 0xd2,
    0x40, 0x08, 0x3c, 0x13, 0x0f, 0xb6, 0x13, 0x8d, 0x4a, 0xeb, 0x81, 0xf9,
    0x9c, 0x00, 0x00, 0x00, 0x0f, 0x87, 0xd2, 0xd4, 0xff, 0xff, 0x41, 0x39,
    0xd0, 0x0f, 0x8d, 0xc9, 0xd4, 0xff, 0xff, 0x39, 0xd0, 0x0f, 0x8d, 0xc1,
    0xd4, 0xff, 0xff, 0x0f, 0xaf, 0xd0, 0x89, 0xf7, 0x42, 0x8d, 0x0c, 0x02,
    0x89, 0xca, 0x83, 0xe1, 0x07, 0xc1, 0xfa, 0x03, 0xd3, 0xe7, 0x83, 0xc2,
    0x01, 0x48, 0x63, 0xd2, 0x40, 0x08, 0x3c, 0x13, 0x0f, 0xb6, 0x13, 0x8d,
    0x4a, 0xeb, 0x81, 0xf9, 0x9c, 0x00, 0x00, 0x00, 0x0f, 0x87, 0x92, 0xd4,
    0xff, 0xff, 0x41, 0x39, 0xd3, 0x0f, 0x8d, 0x89, 0xd4, 0xff, 0xff, 0x39,
    0xd0, 0x0f, 0x8d, 0x81, 0xd4, 0xff, 0xff, 0x0f, 0xaf, 0xd0, 0x89, 0xf7,
    0x42, 0x8d, 0x0c, 0x1a, 0x89, 0xca, 0x83, 0xe1, 0x07, 0xc1, 0xfa, 0x03,
    0xd3, 0xe7, 0x83, 0xc2, 0x01, 0x48, 0x63, 0xd2, 0x40, 0x08, 0x3c, 0x13,
    0x0f, 0xb6, 0x13, 0x8d, 0x4a, 0xeb, 0x81, 0xf9, 0x9c, 0x00, 0x00, 0x00,
    0x0f, 0x87, 0x52, 0xd4, 0xff, 0xff, 0x41, 0x39, 0xd2, 0x0f, 0x8d, 0x49,
    0xd4, 0xff, 0xff, 0x39, 0xd0, 0x0f, 0x8d, 0x41, 0xd4, 0xff, 0xff, 0x0f,
    0xaf, 0xd0, 0x89, 0xf7, 0x83, 0xc0, 0x01, 0x42, 0x8d, 0x0c, 0x12, 0x89,
    0xca, 0x83, 0xe1, 0x07, 0xc1, 0xfa, 0x03, 0xd3, 0xe7, 0x83, 0xc2, 0x01,
    0x48, 0x63, 0xd2, 0x40, 0x08, 0x3c, 0x13, 0x41, 0x39, 0xc5, 0x0f, 0x85,
    0xa4, 0xfe, 0xff, 0xff, 0x44, 0x89, 0xe1, 0x4c, 0x8b, 0x64, 0x24, 0x10,
    0x8b, 0x54, 0x24, 0x0c, 0x8b, 0x7c, 0x24, 0x20, 0x49, 0x83, 0xc4, 0x01,
    0x4c, 0x39, 0x64, 0x24, 0x28, 0x0f, 0x85, 0xf7, 0xfd, 0xff, 0xff, 0x48,
    0x83, 0x44, 0x24, 0x18, 0x01, 0x89, 0xcd, 0x41, 0x89, 0xfd, 0x83, 0xc2,
    0x01, 0x39, 0x54, 0x24, 0x3c, 0x0f, 0x85, 0xcc, 0xfd, 0xff, 0xff, 0x83,
    0xfd, 0x06, 0x0f, 0x8e, 0x19, 0x08, 0x00, 0x00, 0x0f, 0xb6, 0x03, 0x41,
    0x8d, 0x55, 0x06, 0x8d, 0x48, 0xeb, 0x81, 0xf9, 0x9c, 0x00, 0x00, 0x00,
    0x0f, 0x87, 0xc2, 0xd3, 0xff, 0xff, 0x39, 0xc2, 0x0f, 0x8d, 0xba, 0xd3,
    0xff, 0xff, 0x89, 0xd0, 0x89, 0xd1, 0x41, 0xb8, 0x01, 0x00, 0x00, 0x00,
    0xc1, 0xf8, 0x03, 0x83, 0xe1, 0x07, 0x44, 0x89, 0xc6, 0x83, 0xc0, 0x01,
    0xd3, 0xe6, 0x48, 0x98, 0x40, 0x08, 0x34, 0x03, 0x0f, 0xb6, 0x0b, 0x41,
    0x8d, 0x45, 0x07, 0x8d, 0x71, 0xeb, 0x81, 0xfe, 0x9c, 0x00, 0x00, 0x00,
    0x0f, 0x87, 0x86, 0xd3, 0xff, 0xff, 0x39, 0xc1, 0x0f, 0x8e, 0x7e, 0xd3,
    0xff, 0xff, 0x89, 0xc6, 0x89, 0xc1, 0x44, 0x89, 0xc7, 0xc1, 0xfe, 0x03,
    0x83, 0xe1, 0x07, 0x83, 0xc6, 0x01, 0xd3, 0xe7, 0x48, 0x63, 0xf6, 0x40,
    0x08, 0x3c, 0x33, 0x0f, 0xb6, 0x0b, 0x41, 0x8d, 0x75, 0x08, 0x8d, 0x79,
    0xeb, 0x81, 0xff, 0x9c, 0x00, 0x00, 0x00, 0x0f, 0x87, 0x4f, 0xd3, 0xff,
    0xff, 0x39, 0xf1, 0x0f, 0x8e, 0x47, 0xd3, 0xff, 0xff, 0x44, 0x89, 0xef,
    0x89, 0xf1, 0x45, 0x89, 0xc1, 0xc1, 0xff, 0x03, 0x83, 0xe1, 0x07, 0x83,
    0xc7, 0x02, 0x41, 0xd3, 0xe1, 0x48, 0x63, 0xff, 0x44, 0x08, 0x0c, 0x3b,
    0x0f, 0xb6, 0x0b, 0x8d, 0x79, 0xeb, 0x81, 0xff, 0x9c, 0x00, 0x00, 0x00,
    0x0f, 0x87, 0x1a, 0xd3, 0xff, 0xff, 0x39, 0xca, 0x0f, 0x8d, 0x12, 0xd3,
    0xff, 0xff, 0x01, 0xd1, 0x89, 0xcf, 0x83, 0xe1, 0x07, 0xc1, 0xff, 0x03,
    0x41, 0xd3, 0xe0, 0x83, 0xc7, 0x01, 0x48, 0x63, 0xff, 0x44, 0x08, 0x04,
    0x3b, 0x0f, 0xb6, 0x0b, 0x8d, 0x79, 0xeb, 0x81, 0xff, 0x9c, 0x00, 0x00,
    0x00, 0x0f, 0x87, 0xe9, 0xd2, 0xff, 0xff, 0x39, 0xc1, 0x0f, 0x8e, 0xe1,
    0xd2, 0xff, 0xff, 0x01, 0xc1, 0xbf, 0x01, 0x00, 0x00, 0x00, 0x41, 0x89,
    0xc8, 0x41, 0x89, 0xf9, 0x83, 0xe1, 0x07, 0x41, 0xc1, 0xf8, 0x03, 0x41,
    0xd3, 0xe1, 0x41, 0x83, 0xc0, 0x01, 0x4d, 0x63, 0xc0, 0x46, 0x08, 0x0c,
    0x03, 0x0f, 0xb6, 0x0b, 0x44, 0x8d, 0x41, 0xeb, 0x41, 0x81, 0xf8, 0x9c,
    0x00, 0x00, 0x00, 0x0f, 0x87, 0xab, 0xd2, 0xff, 0xff, 0x39, 0xf1, 0x0f,
    0x8e, 0xa3, 0xd2, 0xff, 0xff, 0x01, 0xf1, 0x41, 0x89, 0xf9, 0x41, 0x89,
    0xc8, 0x83, 0xe1, 0x07, 0x41, 0xc1, 0xf8, 0x03, 0x41, 0xd3, 0xe1, 0x41,
    0x83, 0xc0, 0x01, 0x4d, 0x63, 0xc0, 0x46, 0x08, 0x0c, 0x03, 0x0f, 0xb6,
    0x0b, 0x44, 0x8d, 0x41, 0xeb, 0x41, 0x81, 0xf8, 0x9c, 0x00, 0x00, 0x00,
    0x0f, 0x87, 0x72, 0xd2, 0xff, 0xff, 0x39, 0xca, 0x0f, 0x8d, 0x6a, 0xd2,
    0xff, 0xff, 0x8d, 0x0c, 0x4a, 0x41, 0x89, 0xfa, 0x41, 0x89, 0xc8, 0x83,
    0xe1, 0x07, 0x41, 0xc1, 0xf8, 0x03, 0x41, 0xd3, 0xe2, 0x41, 0x83, 0xc0,
    0x01, 0x4d, 0x63, 0xc0, 0x46, 0x08, 0x14, 0x03, 0x0f, 0xb6, 0x0b, 0x44,
    0x8d, 0x41, 0xeb, 0x41, 0x81, 0xf8, 0x9c, 0x00, 0x00, 0x00, 0x0f, 0x87,
    0x38, 0xd2, 0xff, 0xff, 0x39, 0xc1, 0x0f, 0x8e, 0x30, 0xd2, 0xff, 0xff,
    0x8d, 0x0c, 0x48, 0x41, 0x89, 0xfb, 0x41, 0x89, 0xc8, 0x83, 0xe1, 0x07,
    0x41, 0xc1, 0xf8, 0x03, 0x41, 0xd3, 0xe3, 0x41, 0x83, 0xc0, 0x01, 0x4d,
    0x63, 0xc0, 0x46, 0x08, 0x1c, 0x03, 0x0f, 0xb6, 0x0b, 0x44, 0x8d, 0x41,
    0xeb, 0x41, 0x81, 0xf8, 0x9c, 0x00, 0x00, 0x00, 0x0f, 0x87, 0xfe, 0xd1,
    0xff, 0xff, 0x39, 0xf1, 0x0f, 0x8e, 0xf6, 0xd1, 0xff, 0xff, 0x8d, 0x0c,
    0x4e, 0x41, 0x89, 0xc8, 0x83, 0xe1, 0x07, 0x41, 0xc1, 0xf8, 0x03, 0xd3,
    0xe7, 0x41, 0x83, 0xc0, 0x01, 0x4d, 0x63, 0xc0, 0x42, 0x08, 0x3c, 0x03,
    0x0f, 0xb6, 0x0b, 0x8d, 0x79, 0xeb, 0x81, 0xff, 0x9c, 0x00, 0x00, 0x00,
    0x0f, 0x87, 0xca, 0xd1, 0xff, 0xff, 0x39, 0xca, 0x0f, 0x8d, 0xc2, 0xd1,
    0xff, 0xff, 0x8d, 0x0c, 0x49, 0xbf, 0x01, 0x00, 0x00, 0x00, 0x01, 0xd1,
    0x41, 0x89, 0xf9, 0x41, 0x89, 0xc8, 0x83, 0xe1, 0x07, 0x41, 0xc1, 0xf8,
    0x03, 0x41, 0xd3, 0xe1, 0x41, 0x83, 0xc0, 0x01, 0x4d, 0x63, 0xc0, 0x46,
    0x08, 0x0c, 0x03, 0x0f, 0xb6, 0x0b, 0x44, 0x8d, 0x41, 0xeb, 0x41, 0x81,
    0xf8, 0x9c, 0x00, 0x00, 0x00, 0x0f, 0x87, 0x89, 0xd1, 0xff, 0xff, 0x39,
    0xc1, 0x0f, 0x8e, 0x81, 0xd1, 0xff, 0xff, 0x8d, 0x0c, 0x49, 0x41, 0x89,
    0xfa, 0x01, 0xc1, 0x41, 0x89, 0xc8, 0x83, 0xe1, 0x07, 0x41, 0xc1, 0xf8,
    0x03, 0x41, 0xd3, 0xe2, 0x41, 0x83, 0xc0, 0x01, 0x4d, 0x63, 0xc0, 0x46,
    0x08, 0x14, 0x03, 0x0f, 0xb6, 0x0b, 0x44, 0x8d, 0x41, 0xeb, 0x41, 0x81,
    0xf8, 0x9c, 0x00, 0x00, 0x00, 0x0f, 0x87, 0x4d, 0xd1, 0xff, 0xff, 0x39,
    0xf1, 0x0f, 0x8e, 0x45, 0xd1, 0xff, 0xff, 0x8d, 0x0c, 0x49, 0x41, 0x89,
    0xfb, 0x01, 0xf1, 0x41, 0x89, 0xc8, 0x83, 0xe1, 0x07, 0x41, 0xc1, 0xf8,
    0x03, 0x41, 0xd3, 0xe3, 0x41, 0x83, 0xc0, 0x01, 0x4d, 0x63, 0xc0, 0x46,
    0x08, 0x1c, 0x03, 0x0f, 0xb6, 0x0b, 0x44, 0x8d, 0x41, 0xeb, 0x41, 0x81,
    0xf8, 0x9c, 0x00, 0x00, 0x00, 0x0f, 0x87, 0x11, 0xd1, 0xff, 0xff, 0x39,
    0xca, 0x0f, 0x8d, 0x09, 0xd1, 0xff, 0xff, 0x8d, 0x0c, 0x8a, 0x41, 0x89,
    0xf9, 0x41, 0x89, 0xc8, 0x83, 0xe1, 0x07, 0x41, 0xc1, 0xf8, 0x03, 0x41,
    0xd3, 0xe1, 0x41, 0x83, 0xc0, 0x01, 0x4d, 0x63, 0xc0, 0x46, 0x08, 0x0c,
    0x03, 0x0f, 0xb6, 0x0b, 0x44, 0x8d, 0x41, 0xeb, 0x41, 0x81, 0xf8, 0x9c,
    0x00, 0x00, 0x00, 0x0f, 0x87, 0xd7, 0xd0, 0xff, 0xff, 0x39, 0xc1, 0x0f,
    0x8e, 0xcf, 0xd0, 0xff, 0xff, 0x8d, 0x0c, 0x88, 0x41, 0x89, 0xc8, 0x83,
    0xe1, 0x07, 0x41, 0xc1, 0xf8, 0x03, 0xd3, 0xe7, 0x41, 0x83, 0xc0, 0x01,
    0x4d, 0x63, 0xc0, 0x42, 0x08, 0x3c, 0x03, 0x0f, 0xb6, 0x0b, 0x8d, 0x79,
    0xeb, 0x81, 0xff, 0x9c, 0x00, 0x00, 0x00, 0x0f, 0x87, 0xa3, 0xd0, 0xff,
    0xff, 0x39, 0xf1, 0x0f, 0x8e, 0x9b, 0xd0, 0xff, 0xff, 0x8d, 0x0c, 0x8e,
    0xbf, 0x01, 0x00, 0x00, 0x00, 0x41, 0x89, 0xc8, 0x41, 0x89, 0xfa, 0x83,
    0xe1, 0x07, 0x41, 0xc1, 0xf8, 0x03, 0x41, 0xd3, 0xe2, 0x41, 0x83, 0xc0,
    0x01, 0x4d, 0x63, 0xc0, 0x46, 0x08, 0x14, 0x03, 0x0f, 0xb6, 0x0b, 0x44,
    0x8d, 0x41, 0xeb, 0x41, 0x81, 0xf8, 0x9c, 0x00, 0x00, 0x00, 0x0f, 0x87,
    0x64, 0xd0, 0xff, 0xff, 0x39, 0xca, 0x0f, 0x8d, 0x5c, 0xd0, 0xff, 0xff,
    0x8d, 0x0c, 0x89, 0x41, 0x89, 0xfb, 0x01, 0xd1, 0x41, 0x89, 0xc8, 0x83,
    0xe1, 0x07, 0x41, 0xc1, 0xf8, 0x03, 0x41, 0xd3, 0xe3, 0x41, 0x83, 0xc0,
    0x01, 0x4d, 0x63, 0xc0, 0x46, 0x08, 0x1c, 0x03, 0x0f, 0xb6, 0x0b, 0x44,
    0x8d, 0x41, 0xeb, 0x41, 0x81, 0xf8, 0x9c, 0x00, 0x00, 0x00, 0x0f, 0x87,
    0x28, 0xd0, 0xff, 0xff, 0x39, 0xc1, 0x0f, 0x8e, 0x20, 0xd0, 0xff, 0xff,
    0x8d, 0x0c, 0x89, 0x41, 0x89, 0xf9, 0x01, 0xc1, 0x41, 0x89, 0xc8, 0x83,
    0xe1, 0x07, 0x41, 0xc1, 0xf8, 0x03, 0x41, 0xd3, 0xe1, 0x41, 0x83, 0xc0,
    0x01, 0x4d, 0x63, 0xc0, 0x46, 0x08, 0x0c, 0x03, 0x0f, 0xb6, 0x0b, 0x44,
    0x8d, 0x41, 0xeb, 0x41, 0x81, 0xf8, 0x9c, 0x00, 0x00, 0x00, 0x0f, 0x87,
    0xec, 0xcf, 0xff, 0xff, 0x39, 0xf1, 0x0f, 0x8e, 0xe4, 0xcf, 0xff, 0xff,
    0x8d, 0x0c, 0x89, 0x41, 0x89, 0xfe, 0x01, 0xf1, 0x41, 0x89, 0xc8, 0x83,
    0xe1, 0x07, 0x41, 0xc1, 0xf8, 0x03, 0x41, 0xd3, 0xe6, 0x41, 0x83, 0xc0,
    0x01, 0x4d, 0x63, 0xc0, 0x46, 0x08, 0x34, 0x03, 0x0f, 0xb6, 0x0b, 0x44,
    0x8d, 0x41, 0xeb, 0x41, 0x81, 0xf8, 0x9c, 0x00, 0x00, 0x00, 0x0f, 0x87,
    0xb0, 0xcf, 0xff, 0xff, 0x39, 0xca, 0x0f, 0x8d, 0xa8, 0xcf, 0xff, 0xff,
    0x0f, 0xaf, 0xca, 0x41, 0x89, 0xc8, 0x83, 0xe1, 0x07, 0x41, 0xc1, 0xf8,
    0x03, 0xd3, 0xe7, 0x41, 0x83, 0xc0, 0x01, 0x4d, 0x63, 0xc0, 0x42, 0x08,
    0x3c, 0x03, 0x0f, 0xb6, 0x0b, 0x8d, 0x79, 0xeb, 0x81, 0xff, 0x9c, 0x00,
    0x00, 0x00, 0x0f, 0x87, 0x7c, 0xcf, 0xff, 0xff, 0x39, 0xca, 0x0f, 0x8d,
    0x74, 0xcf, 0xff, 0xff, 0x0f, 0xaf, 0xca, 0x44, 0x8d, 0x41, 0x01, 0xc1,
    0xf9, 0x03, 0x8d, 0x79, 0x01, 0x44, 0x89, 0xc1, 0x41, 0xb8, 0x01, 0x00,
    0x00, 0x00, 0x48, 0x63, 0xff, 0x83, 0xe1, 0x07, 0x45, 0x89, 0xc2, 0x41,
    0xd3, 0xe2, 0x44, 0x08, 0x14, 0x3b, 0x0f, 0xb6, 0x0b, 0x8d, 0x79, 0xeb,
    0x81, 0xff, 0x9c, 0x00, 0x00, 0x00, 0x0f, 0x87, 0x3c, 0xcf, 0xff, 0xff,
    0x39, 0xca, 0x0f, 0x8d, 0x34, 0xcf, 0xff, 0xff, 0x0f, 0xaf, 0xca, 0x45,
    0x89, 0xc3, 0x83, 0xc1, 0x02, 0x89, 0xcf, 0x83, 0xe1, 0x07, 0xc1, 0xff,
    0x03, 0x41, 0xd3, 0xe3, 0x83, 0xc7, 0x01, 0x48, 0x63, 0xff, 0x44, 0x08,
    0x1c, 0x3b, 0x0f, 0xb6, 0x0b, 0x8d, 0x79, 0xeb, 0x81, 0xff, 0x9c, 0x00,
    0x00, 0x00, 0x0f, 0x87, 0x04, 0xcf, 0xff, 0xff, 0x39, 0xca, 0x0f, 0x8d,
    0xfc, 0xce, 0xff, 0xff, 0x0f, 0xaf, 0xca, 0x45, 0x89, 0xc1, 0x83, 0xc1,
    0x03, 0x89, 0xcf, 0x83, 0xe1, 0x07, 0xc1, 0xff, 0x03, 0x41, 0xd3, 0xe1,
    0x83, 0xc7, 0x01, 0x48, 0x63, 0xff, 0x44, 0x08, 0x0c, 0x3b, 0x0f, 0xb6,
    0x0b, 0x8d, 0x79, 0xeb, 0x81, 0xff, 0x9c, 0x00, 0x00, 0x00, 0x0f, 0x87,
    0xcc, 0xce, 0xff, 0xff, 0x39, 0xca, 0x0f, 0x8d, 0xc4, 0xce, 0xff, 0xff,
    0x0f, 0xaf, 0xca, 0x45, 0x89, 0xc6, 0x83, 0xc1, 0x04, 0x89, 0xcf, 0x83,
    0xe1, 0x07, 0xc1, 0xff, 0x03, 0x41, 0xd3, 0xe6, 0x83, 0xc7, 0x01, 0x48,
    0x63, 0xff, 0x44, 0x08, 0x34, 0x3b, 0x0f, 0xb6, 0x0b, 0x8d, 0x79, 0xeb,
    0x81, 0xff, 0x9c, 0x00, 0x00, 0x00, 0x0f, 0x87, 0x94, 0xce, 0xff, 0xff,
    0x39, 0xca, 0x0f, 0x8d, 0x8c, 0xce, 0xff, 0xff, 0x0f, 0xaf, 0xd1, 0x83,
    0xc2, 0x05, 0x89, 0xd7, 0x83, 0xe2, 0x07, 0xc1, 0xff, 0x03, 0x89, 0xd1,
    0x83, 0xc7, 0x01, 0x41, 0xd3, 0xe0, 0x48, 0x63, 0xff, 0x44, 0x08, 0x04,
    0x3b, 0x0f, 0xb6, 0x13, 0x8d, 0x4a, 0xeb, 0x81, 0xf9, 0x9c, 0x00, 0x00,
    0x00, 0x0f, 0x87, 0x5d, 0xce, 0xff, 0xff, 0x39, 0xd0, 0x0f, 0x8d, 0x55,
    0xce, 0xff, 0xff, 0x0f, 0xaf, 0xd0, 0xbf, 0x01, 0x00, 0x00, 0x00, 0x41,
    0x89, 0xfa, 0x41, 0x89, 0xd0, 0x83, 0xe2, 0x07, 0x41, 0xc1, 0xf8, 0x03,
    0x89, 0xd1, 0x41, 0x83, 0xc0, 0x01, 0x41, 0xd3, 0xe2, 0x4d, 0x63, 0xc0,
    0x46, 0x08, 0x14, 0x03, 0x0f, 0xb6, 0x13, 0x8d, 0x4a, 0xeb, 0x81, 0xf9,
    0x9c, 0x00, 0x00, 0x00, 0x0f, 0x87, 0x1e, 0xce, 0xff, 0xff, 0x39, 0xd0,
    0x0f, 0x8d, 0x16, 0xce, 0xff, 0xff, 0x0f, 0xaf, 0xd0, 0x41, 0x89, 0xfb,
    0x83, 0xc2, 0x01, 0x41, 0x89, 0xd0, 0x83, 0xe2, 0x07, 0x41, 0xc1, 0xf8,
    0x03, 0x89, 0xd1, 0x41, 0x83, 0xc0, 0x01, 0x41, 0xd3, 0xe3, 0x4d, 0x63,
    0xc0, 0x46, 0x08, 0x1c, 0x03, 0x0f, 0xb6, 0x13, 0x8d, 0x4a, 0xeb, 0x81,
    0xf9, 0x9c, 0x00, 0x00, 0x00, 0x0f, 0x87, 0xe1, 0xcd, 0xff, 0xff, 0x39,
    0xd0, 0x0f, 0x8d, 0xd9, 0xcd, 0xff, 0xff, 0x0f, 0xaf, 0xd0, 0x41, 0x89,
    0xf9, 0x83, 0xc2, 0x02, 0x41, 0x89, 0xd0, 0x83, 0xe2, 0x07, 0x41, 0xc1,
    0xf8, 0x03, 0x89, 0xd1, 0x41, 0x83, 0xc0, 0x01, 0x41, 0xd3, 0xe1, 0x4d,
    0x63, 0xc0, 0x46, 0x08, 0x0c, 0x03, 0x0f, 0xb6, 0x13, 0x8d, 0x4a, 0xeb,
    0x81, 0xf9, 0x9c, 0x00, 0x00, 0x00, 0x0f, 0x87, 0xa4, 0xcd, 0xff, 0xff,
    0x39, 0xd0, 0x0f, 0x8d, 0x9c, 0xcd, 0xff, 0xff, 0x0f, 0xaf, 0xd0, 0x41,
    0x89, 0xfe, 0x83, 0xc2, 0x03, 0x41, 0x89, 0xd0, 0x83, 0xe2, 0x07, 0x41,
    0xc1, 0xf8, 0x03, 0x89, 0xd1, 0x41, 0x83, 0xc0, 0x01, 0x41, 0xd3, 0xe6,
    0x4d, 0x63, 0xc0, 0x46, 0x08, 0x34, 0x03, 0x0f, 0xb6, 0x13, 0x8d, 0x4a,
    0xeb, 0x81, 0xf9, 0x9c, 0x00, 0x00, 0x00, 0x0f, 0x87, 0x67, 0xcd, 0xff,
    0xff, 0x39, 0xd0, 0x0f, 0x8d, 0x5f, 0xcd, 0xff, 0xff, 0x0f, 0xaf, 0xd0,
    0x83, 0xc2, 0x04, 0x41, 0x89, 0xd0, 0x83, 0xe2, 0x07, 0x41, 0xc1, 0xf8,
    0x03, 0x89, 0xd1, 0x41, 0x83, 0xc0, 0x01, 0xd3, 0xe7, 0x4d, 0x63, 0xc0,
    0x42, 0x08, 0x3c, 0x03, 0x0f, 0xb6, 0x13, 0x8d, 0x4a, 0xeb, 0x81, 0xf9,
    0x9c, 0x00, 0x00, 0x00, 0x0f, 0x87, 0x2e, 0xcd, 0xff, 0xff, 0x39, 0xd0,
    0x0f, 0x8d, 0x26, 0xcd, 0xff, 0xff, 0x0f, 0xaf, 0xc2, 0xba, 0x01, 0x00,
    0x00, 0x00, 0x41, 0x89, 0xd2, 0x83, 0xc0, 0x05, 0x89, 0xc7, 0x83, 0xe0,
    0x07, 0xc1, 0xff, 0x03, 0x89, 0xc1, 0x83, 0xc7, 0x01, 0x41, 0xd3, 0xe2,
    0x48, 0x63, 0xff, 0x44, 0x08, 0x14, 0x3b, 0x0f, 0xb6, 0x03, 0x8d, 0x48,
    0xeb, 0x81, 0xf9, 0x9c, 0x00, 0x00, 0x00, 0x0f, 0x87, 0xef, 0xcc, 0xff,
    0xff, 0x39, 0xf0, 0x0f, 0x8e, 0xe7, 0xcc, 0xff, 0xff, 0x0f, 0xaf, 0xc6,
    0x41, 0x89, 0xd3, 0x89, 0xc7, 0x83, 0xe0, 0x07, 0xc1, 0xff, 0x03, 0x89,
    0xc1, 0x83, 0xc7, 0x01, 0x41, 0xd3, 0xe3, 0x48, 0x63, 0xff, 0x44, 0x08,
    0x1c, 0x3b, 0x0f, 0xb6, 0x03, 0x8d, 0x48, 0xeb, 0x81, 0xf9, 0x9c, 0x00,
    0x00, 0x00, 0x0f, 0x87, 0xb8, 0xcc, 0xff, 0xff, 0x39, 0xf0, 0x0f, 0x8e,
    0xb0, 0xcc, 0xff, 0xff, 0x0f, 0xaf, 0xc6, 0x89, 0xd7, 0x8d, 0x48, 0x01,
    0xc1, 0xf8, 0x03, 0x83, 0xc0, 0x01, 0x83, 0xe1, 0x07, 0x48, 0x98, 0xd3,
    0xe7, 0x40, 0x08, 0x3c, 0x03, 0x0f, 0xb6, 0x03, 0x8d, 0x48, 0xeb, 0x81,
    0xf9, 0x9c, 0x00, 0x00, 0x00, 0x0f, 0x87, 0x85, 0xcc, 0xff, 0xff, 0x39,
    0xf0, 0x0f, 0x8e, 0x7d, 0xcc, 0xff, 0xff, 0x0f, 0xaf, 0xc6, 0x89, 0xd7,
    0x8d, 0x48, 0x02, 0xc1, 0xf8, 0x03, 0x83, 0xc0, 0x01, 0x83, 0xe1, 0x07,
    0x48, 0x98, 0xd3, 0xe7, 0x40, 0x08, 0x3c, 0x03, 0x0f, 0xb6, 0x03, 0x8d,
    0x48, 0xeb, 0x81, 0xf9, 0x9c, 0x00, 0x00, 0x00, 0x0f, 0x87, 0x52, 0xcc,
    0xff, 0xff, 0x39, 0xf0, 0x0f, 0x8e, 0x4a, 0xcc, 0xff, 0xff, 0x0f, 0xaf,
    0xc6, 0x8d, 0x48, 0x03, 0xc1, 0xf8, 0x03, 0x83, 0xc0, 0x01, 0x83, 0xe1,
    0x07, 0x48, 0x98, 0xd3, 0xe2, 0x08, 0x14, 0x03, 0x0f, 0xb6, 0x03, 0x8d,
    0x50, 0xeb, 0x81, 0xfa, 0x9c, 0x00, 0x00, 0x00, 0x0f, 0x87, 0x22, 0xcc,
    0xff, 0xff, 0x39, 0xf0, 0x0f, 0x8e, 0x1a, 0xcc, 0xff, 0xff, 0x0f, 0xaf,
    0xc6, 0xbf, 0x01, 0x00, 0x00, 0x00, 0x41, 0x89, 0xf9, 0x83, 0xc0, 0x04,
    0x89, 0xc2, 0x83, 0xe0, 0x07, 0xc1, 0xfa, 0x03, 0x89, 0xc1, 0x83, 0xc2,
    0x01, 0x41, 0xd3, 0xe1, 0x48, 0x63, 0xd2, 0x44, 0x08, 0x0c, 0x13, 0x0f,
    0xb6, 0x03, 0x8d, 0x50, 0xeb, 0x81, 0xfa, 0x9c, 0x00, 0x00, 0x00, 0x0f,
    0x87, 0xe3, 0xcb, 0xff, 0xff, 0x39, 0xf0, 0x0f, 0x8e, 0xdb, 0xcb, 0xff,
    0xff, 0x0f, 0xaf, 0xc6, 0x83, 0xc0, 0x05, 0x89, 0xc2, 0x83, 0xe0, 0x07,
    0xc1, 0xfa, 0x03, 0x89, 0xc1, 0x83, 0xc2, 0x01, 0xd3, 0xe7, 0x48, 0x63,
    0xd2, 0x40, 0x08, 0x3c, 0x13, 0x48, 0x8b, 0x44, 0x24, 0x48, 0x64, 0x48,
    0x2b, 0x04, 0x25, 0x28, 0x00, 0x00, 0x00, 0x75, 0x2c, 0x48, 0x83, 0xc4,
    0x58, 0x5b, 0x5d, 0x41, 0x5c, 0x41, 0x5d, 0x41, 0x5e, 0x41, 0x5f, 0xc3,
    0x49, 0x83, 0xc4, 0x01, 0x4c, 0x39, 0x64, 0x24, 0x28, 0x0f, 0x84, 0x98,
    0xf7, 0xff, 0xff, 0x45, 0x85, 0xe4, 0x0f, 0x84, 0x8d, 0xf5, 0xff, 0xff,
    0xe9, 0xab, 0xf5, 0xff, 0xff, 0xe8, 0x5a, 0xc8, 0xff, 0xff, 0x66, 0x2e,
    0x0f, 0x1f, 0x84, 0x00, 0x00, 0x00, 0x00, 0x00, 0x55, 0x89, 0xf2, 0x89,
    0xf5, 0x31, 0xc0, 0x53, 0xbe, 0x06, 0x56, 0x00, 0x00, 0x89, 0xfb, 0x48,
    0x83, 0xec, 0x08, 0xe8, 0xe8, 0xc5, 0xff, 0xff, 0x85, 0xc0, 0x0f, 0x88,
    0x59, 0xcb, 0xff, 0xff, 0x31, 0xc0, 0x89, 0xea, 0xbe, 0x07, 0x56, 0x00,
    0x00, 0x89, 0xdf, 0xe8, 0xd0, 0xc5, 0xff, 0xff, 0x85, 0xc0, 0x0f, 0x88,
    0x55, 0xcb, 0xff, 0xff, 0x31, 0xc0, 0x48, 0x83, 0xc4, 0x08, 0x5b, 0x5d,
    0xc3, 0x66, 0x66, 0x2e, 0x0f, 0x1f, 0x84, 0x00, 0x00, 0x00, 0x00, 0x00,
    0x0f, 0x1f, 0x40, 0x00, 0x53, 0x48, 0x83, 0xec, 0x10, 0x64, 0x48, 0x8b,
    0x04, 0x25, 0x28, 0x00, 0x00, 0x00, 0x48, 0x89, 0x44, 0x24, 0x08, 0x31,
    0xc0, 0x48, 0x85, 0xff, 0x74, 0x56, 0x48, 0x83, 0x3f, 0x00, 0x48, 0x89,
    0xfb, 0x74, 0x18, 0x31, 0xc0, 0x48, 0x8b, 0x54, 0x24, 0x08, 0x64, 0x48,
    0x2b, 0x14, 0x25, 0x28, 0x00, 0x00, 0x00, 0x75, 0x40, 0x48, 0x83, 0xc4,
    0x10, 0x5b, 0xc3, 0x48, 0x89, 0xe7, 0xe8, 0xfd, 0xc6, 0xff, 0xff, 0x85,
    0xc0, 0x75, 0x09, 0x48, 0x8b, 0x04, 0x24, 0x48, 0x89, 0x03, 0xeb, 0xd3,
    0x48, 0x8b, 0x05, 0xe1, 0xbf, 0x00, 0x00, 0xba, 0x18, 0x00, 0x00, 0x00,
    0xbe, 0x01, 0x00, 0x00, 0x00, 0x48, 0x8d, 0x3d, 0x92, 0x60, 0x00, 0x00,
    0x48, 0x8b, 0x08, 0xe8, 0xc0, 0xc8, 0xff, 0xff, 0x83, 0xc8, 0xff, 0xeb,
    0xb0, 0xe8, 0x86, 0xc7, 0xff, 0xff, 0x66, 0x0f, 0x1f, 0x44, 0x00, 0x00,
    0x48, 0x85, 0xff, 0x74, 0x3f, 0x48, 0x8b, 0x7f, 0x08, 0x48, 0x85, 0xff,
    0x74, 0x36, 0x53, 0x89, 0xf2, 0x89, 0xf3, 0x31, 0xf6, 0xe8, 0x26, 0xc5,
    0xff, 0xff, 0x85, 0xc0, 0x75, 0x02, 0x5b, 0xc3, 0x48, 0x8b, 0x05, 0x91,
    0xbf, 0x00, 0x00, 0x89, 0xd9, 0xbe, 0x02, 0x00, 0x00, 0x00, 0x48, 0x8d,
    0x15, 0xbb, 0x6a, 0x00, 0x00, 0x48, 0x8b, 0x38, 0x31, 0xc0, 0xe8, 0x11,
    0xc5, 0xff, 0xff, 0x83, 0xc8, 0xff, 0x5b, 0xc3, 0x83, 0xc8, 0xff, 0xc3,
    0x0f, 0x1f, 0x84, 0x00, 0x00, 0x00, 0x00, 0x00, 0x41, 0x57, 0x41, 0x56,
    0x41, 0x55, 0x41, 0x54, 0x55, 0x53, 0x48, 0x83, 0xec, 0x38, 0x89, 0x4c,
    0x24, 0x14, 0x4c, 0x89, 0x44, 0x24, 0x08, 0x44, 0x89, 0x4c, 0x24, 0x18,
    0x64, 0x48, 0x8b, 0x04, 0x25, 0x28, 0x00, 0x00, 0x00, 0x48, 0x89, 0x44,
    0x24, 0x28, 0x31, 0xc0, 0x48, 0x85, 0xff, 0x0f, 0x84, 0x6b, 0x01, 0x00,
    0x00, 0x49, 0x89, 0xfd, 0x48, 0x8b, 0x7f, 0x08, 0x48, 0x85, 0xff, 0x0f,
    0x84, 0x5b, 0x01, 0x00, 0x00, 0x4d, 0x85, 0xc0, 0x0f, 0x84, 0x52, 0x01,
    0x00, 0x00, 0x49, 0x89, 0xf6, 0x89, 0xd3, 0x31, 0xf6, 0x44, 0x89, 0xca,
    0xe8, 0x93, 0xc4, 0xff, 0xff, 0x89, 0xc5, 0x85, 0xc0, 0x0f, 0x85, 0x44,
    0x03, 0x00, 0x00, 0x49, 0x8b, 0x45, 0x08, 0xc7, 0x44, 0x24, 0x10, 0x00,
    0x00, 0x00, 0x00, 0x4c, 0x8d, 0x6c, 0x24, 0x20, 0x41, 0xbf, 0x01, 0x00,
    0x00, 0x00, 0x48, 0x89, 0x04, 0x24, 0x48, 0x8b, 0x44, 0x24, 0x08, 0x48,
    0x89, 0x44, 0x24, 0x20, 0x49, 0x89, 0xc4, 0x90, 0x41, 0x80, 0x3c, 0x24,
    0x00, 0x74, 0x59, 0x4c, 0x89, 0xef, 0xe8, 0xf1, 0xd2, 0xff, 0xff, 0x4c,
    0x8b, 0x64, 0x24, 0x20, 0x83, 0xf8, 0xff, 0x74, 0xe7, 0x48, 0x8b, 0x3c,
    0x24, 0x31, 0xd2, 0x89, 0xc6, 0xe8, 0x0a, 0xc7, 0xff, 0xff, 0x85, 0xc0,
    0x75, 0xd6, 0x48, 0x8b, 0x04, 0x24, 0x48, 0x8b, 0x80, 0x98, 0x00, 0x00,
    0x00, 0x45, 0x85, 0xff, 0x0f, 0x84, 0xfa, 0x00, 0x00, 0x00, 0x8b, 0xa8,
    0xc0, 0x00, 0x00, 0x00, 0x8b, 0x80, 0xc4, 0x00, 0x00, 0x00, 0x45, 0x31,
    0xff, 0x41, 0x80, 0x3c, 0x24, 0x00, 0x89, 0x44, 0x24, 0x10, 0x75, 0xaf,
    0x0f, 0x1f, 0x84, 0x00, 0x00, 0x00, 0x00, 0x00, 0x29, 0xeb, 0x8b, 0x44,
    0x24, 0x14, 0x4c, 0x8d, 0x7c, 0x24, 0x20, 0x41, 0x89, 0xdc, 0x8b, 0x5c,
    0x24, 0x10, 0x01, 0xd8, 0x89, 0x44, 0x24, 0x1c, 0x48, 0x8b, 0x44, 0x24,
    0x08, 0x80, 0x38, 0x00, 0x48, 0x89, 0x44, 0x24, 0x20, 0x0f, 0x84, 0x85,
    0x00, 0x00, 0x00, 0x48, 0x8b, 0x2c, 0x24, 0x8b, 0x5c, 0x24, 0x18, 0xeb,
    0x4f, 0x0f, 0x1f, 0x00, 0x89, 0xc6, 0xba, 0x04, 0x00, 0x00, 0x00, 0x48,
    0x89, 0xef, 0xe8, 0x89, 0xc6, 0xff, 0xff, 0x85, 0xc0, 0x75, 0x4a, 0x48,
    0x8b, 0xb5, 0x98, 0x00, 0x00, 0x00, 0x44, 0x8b, 0x8e, 0x9c, 0x00, 0x00,
    0x00, 0x45, 0x85, 0xc9, 0x74, 0x0e, 0x8b, 0x86, 0x98, 0x00, 0x00, 0x00,
    0x85, 0xc0, 0x0f, 0x85, 0x94, 0x00, 0x00, 0x00, 0x48, 0x8b, 0x86, 0x80,
    0x00, 0x00, 0x00, 0x48, 0xc1, 0xf8, 0x06, 0x41, 0x01, 0xc4, 0x48, 0x8b,
    0x44, 0x24, 0x20, 0x80, 0x38, 0x00, 0x74, 0x2c, 0x4c, 0x89, 0xff, 0xe8,
    0x14, 0xd2, 0xff, 0xff, 0x85, 0xc0, 0x74, 0x20, 0x83, 0xf8, 0xff, 0x75,
    0xa3, 0x48, 0x8b, 0x44, 0x24, 0x20, 0x41, 0x01, 0xdc, 0x80, 0x38, 0x00,
    0x75, 0xe2, 0x66, 0x66, 0x2e, 0x0f, 0x1f, 0x84, 0x00, 0x00, 0x00, 0x00,
    0x00, 0x0f, 0x1f, 0x00, 0x48, 0x8b, 0x44, 0x24, 0x28, 0x64, 0x48, 0x2b,
    0x04, 0x25, 0x28, 0x00, 0x00, 0x00, 0x0f, 0x85, 0x36, 0x02, 0x00, 0x00,
    0x48, 0x83, 0xc4, 0x38, 0x5b, 0x5d, 0x41, 0x5c, 0x41, 0x5d, 0x41, 0x5e,
    0x41, 0x5f, 0xc3, 0x0f, 0x1f, 0x44, 0x00, 0x00, 0x8b, 0x90, 0xc0, 0x00,
    0x00, 0x00, 0x8b, 0x80, 0xc4, 0x00, 0x00, 0x00, 0x39, 0xd5, 0x0f, 0x4f,
    0xea, 0x8b, 0x54, 0x24, 0x10, 0x39, 0xc2, 0x0f, 0x4d, 0xc2, 0x89, 0x44,
    0x24, 0x10, 0xe9, 0xa5, 0xfe, 0xff, 0xff, 0x0f, 0x1f, 0x44, 0x00, 0x00,
    0x44, 0x8b, 0x9e, 0xc0, 0x00, 0x00, 0x00, 0x4c, 0x8b, 0x86, 0xa8, 0x00,
    0x00, 0x00, 0x31, 0xff, 0x44, 0x8b, 0x54, 0x24, 0x1c, 0x44, 0x2b, 0x96,
    0xc4, 0x00, 0x00, 0x00, 0x45, 0x01, 0xe3, 0x90, 0x44, 0x89, 0x1c, 0x24,
    0x44, 0x89, 0xda, 0x31, 0xc0, 0xeb, 0x44, 0x66, 0x66, 0x2e, 0x0f, 0x1f,
    0x84, 0x00, 0x00, 0x00, 0x00, 0x00, 0x66, 0x66, 0x2e, 0x0f, 0x1f, 0x84,
    0x00, 0x00, 0x00, 0x00, 0x00, 0x66, 0x66, 0x2e, 0x0f, 0x1f, 0x84, 0x00,
    0x00, 0x00, 0x00, 0x00, 0x66, 0x66, 0x2e, 0x0f, 0x1f, 0x84, 0x00, 0x00,
    0x00, 0x00, 0x00, 0x66, 0x0f, 0x1f, 0x84, 0x00, 0x00, 0x00, 0x00, 0x00,
    0x83, 0xc0, 0x01, 0x83, 0xc2, 0x01, 0x44, 0x39, 0xc8, 0x0f, 0x83, 0x11,
    0x01, 0x00, 0x00, 0x8b, 0x8e, 0xa0, 0x00, 0x00, 0x00, 0x0f, 0xaf, 0xcf,
    0x01, 0xc1, 0x89, 0xc9, 0x41, 0x0f, 0xb6, 0x0c, 0x08, 0x84, 0xc9, 0x74,
    0xdb, 0x45, 0x89, 0xd5, 0x41, 0x09, 0xd5, 0x78, 0xd3, 0x41, 0x3b, 0x56,
    0x08, 0x7d, 0xcd, 0x45, 0x3b, 0x56, 0x0c, 0x7d, 0xc7, 0x45, 0x8b, 0x4e,
    0x10, 0x4d, 0x63, 0xea, 0x41, 0xc1, 0xe9, 0x02, 0x4d, 0x0f, 0xaf, 0xcd,
    0x4c, 0x63, 0xea, 0x4d, 0x01, 0xe9, 0x4d, 0x8b, 0x2e, 0x4f, 0x8d, 0x5c,
    0x8d, 0x00, 0x4c, 0x89, 0x5c, 0x24, 0x08, 0x80, 0xf9, 0xff, 0x0f, 0x84,
    0xe4, 0x00, 0x00, 0x00, 0x45, 0x8b, 0x1b, 0x44, 0x0f, 0xb6, 0xe9, 0x41,
    0xb9, 0xff, 0x00, 0x00, 0x00, 0x83, 0xc0, 0x01, 0x45, 0x29, 0xe9, 0x83,
    0xc2, 0x01, 0x44, 0x89, 0xd9, 0x44, 0x89, 0x4c, 0x24, 0x10, 0xc1, 0xe9,
    0x10, 0x44, 0x89, 0x5c, 0x24, 0x14, 0x0f, 0xb6, 0xc9, 0x41, 0x0f, 0xaf,
    0xc9, 0x41, 0xb9, 0x81, 0x80, 0x80, 0x80, 0x49, 0x0f, 0xaf, 0xc9, 0x48,
    0xc1, 0xe9, 0x27, 0x44, 0x01, 0xe9, 0xc1, 0xe1, 0x10, 0x89, 0x4c, 0x24,
    0x18, 0x44, 0x89, 0xd9, 0x41, 0xbb, 0x81, 0x80, 0x80, 0x80, 0x0f, 0xb6,
    0xcd, 0x41, 0x89, 0xc9, 0x8b, 0x4c, 0x24, 0x10, 0x44, 0x0f, 0xaf, 0xc9,
    0x8b, 0x4c, 0x24, 0x18, 0x4d, 0x0f, 0xaf, 0xcb, 0x44, 0x8b, 0x5c, 0x24,
    0x10, 0x49, 0xc1, 0xe9, 0x27, 0x45, 0x01, 0xe9, 0x41, 0xc1, 0xe1, 0x08,
    0x44, 0x09, 0xc9, 0x44, 0x0f, 0xb6, 0x4c, 0x24, 0x14, 0x45, 0x0f, 0xaf,
    0xcb, 0x41, 0xbb, 0x81, 0x80, 0x80, 0x80, 0x4d, 0x0f, 0xaf, 0xcb, 0x4c,
    0x8b, 0x5c, 0x24, 0x08, 0x49, 0xc1, 0xe9, 0x27, 0x45, 0x01, 0xe9, 0x44,
    0x09, 0xc9, 0x41, 0x89, 0x0b, 0x44, 0x8b, 0x8e, 0x9c, 0x00, 0x00, 0x00,
    0x44, 0x39, 0xc8, 0x0f, 0x82, 0xfe, 0xfe, 0xff, 0xff, 0x66, 0x66, 0x2e,
    0x0f, 0x1f, 0x84, 0x00, 0x00, 0x00, 0x00, 0x00, 0x0f, 0x1f, 0x40, 0x00,
    0x44, 0x8b, 0x1c, 0x24, 0x83, 0xc7, 0x01, 0x3b, 0xbe, 0x98, 0x00, 0x00,
    0x00, 0x0f, 0x83, 0xd9, 0xfd, 0xff, 0xff, 0x41, 0x83, 0xc2, 0x01, 0x45,
    0x85, 0xc9, 0x0f, 0x85, 0x80, 0xfe, 0xff, 0xff, 0xe9, 0xc7, 0xfd, 0xff,
    0xff, 0x0f, 0x1f, 0x00, 0x41, 0xc7, 0x03, 0xff, 0xff, 0xff, 0xff, 0x44,
    0x8b, 0x8e, 0x9c, 0x00, 0x00, 0x00, 0xe9, 0xa5, 0xfe, 0xff, 0xff, 0x48,
    0x8b, 0x44, 0x24, 0x28, 0x64, 0x48, 0x2b, 0x04, 0x25, 0x28, 0x00, 0x00,
    0x00, 0x75, 0x2f, 0x48, 0x8b, 0x05, 0xa6, 0xbb, 0x00, 0x00, 0x8b, 0x4c,
    0x24, 0x18, 0xbe, 0x02, 0x00, 0x00, 0x00, 0x48, 0x8d, 0x15, 0xce, 0x66,
    0x00, 0x00, 0x48, 0x8b, 0x38, 0x48, 0x83, 0xc4, 0x38, 0x31, 0xc0, 0x5b,
    0x5d, 0x41, 0x5c, 0x41, 0x5d, 0x41, 0x5e, 0x41, 0x5f, 0xe9, 0x16, 0xc1,
    0xff, 0xff, 0xe8, 0x41, 0xc3, 0xff, 0xff, 0x90, 0x41, 0x54, 0x55, 0x53,
    0x48, 0x83, 0xec, 0x10, 0x64, 0x48, 0x8b, 0x04, 0x25, 0x28, 0x00, 0x00,
    0x00, 0x48, 0x89, 0x44, 0x24, 0x08, 0x31, 0xc0, 0x48, 0x85, 0xff, 0x74,
    0x6f, 0x48, 0x83, 0x3f, 0x00, 0x48, 0x89, 0xfb, 0x48, 0x89, 0xf5, 0x41,
    0x89, 0xd4, 0x74, 0x57, 0x48, 0x8b, 0x7b, 0x08, 0x48, 0x85, 0xff, 0x74,
    0x0b, 0xe8, 0x46, 0xc4, 0xff, 0xff, 0x31, 0xc0, 0x48, 0x89, 0x43, 0x08,
    0x48, 0x8b, 0x3b, 0x48, 0x89, 0xe1, 0x49, 0x63, 0xd4, 0x48, 0x89, 0xee,
    0xe8, 0x2f, 0xc3, 0xff, 0xff, 0x85, 0xc0, 0x75, 0x3c, 0x48, 0x8b, 0x04,
    0x24, 0xbe, 0x30, 0x00, 0x00, 0x00, 0x48, 0x89, 0xdf, 0x48, 0x89, 0x43,
    0x08, 0xe8, 0x56, 0xfb, 0xff, 0xff, 0x48, 0x8b, 0x54, 0x24, 0x08, 0x64,
    0x48, 0x2b, 0x14, 0x25, 0x28, 0x00, 0x00, 0x00, 0x75, 0x3c, 0x48, 0x83,
    0xc4, 0x10, 0x5b, 0x5d, 0x41, 0x5c, 0xc3, 0xe8, 0xb8, 0xfa, 0xff, 0xff,
    0x85, 0xc0, 0x74, 0xa0, 0x83, 0xc8, 0xff, 0xeb, 0xd9, 0x48, 0x8b, 0x05,
    0xe0, 0xba, 0x00, 0x00, 0x45, 0x89, 0xe0, 0x48, 0x89, 0xe9, 0x48, 0x8d,
    0x15, 0x2b, 0x66, 0x00, 0x00, 0xbe, 0x02, 0x00, 0x00, 0x00, 0x48, 0x8b,
    0x38, 0x31, 0xc0, 0xe8, 0x5c, 0xc0, 0xff, 0xff, 0xeb, 0xd6, 0xe8, 0x85,
    0xc2, 0xff, 0xff, 0x0f, 0x1f, 0x44, 0x00, 0x00, 0x41, 0x57, 0x41, 0x56,
    0x41, 0x55, 0x41, 0x54, 0x55, 0x53, 0x48, 0x81, 0xec, 0x58, 0x01, 0x00,
    0x00, 0x48, 0x89, 0x4c, 0x24, 0x60, 0x4c, 0x89, 0x44, 0x24, 0x58, 0x64,
    0x48, 0x8b, 0x04, 0x25, 0x28, 0x00, 0x00, 0x00, 0x48, 0x89, 0x84, 0x24,
    0x48, 0x01, 0x00, 0x00, 0x31, 0xc0, 0x48, 0x85, 0xff, 0x48, 0x89, 0xf0,
    0x0f, 0x95, 0xc1, 0x48, 0x83, 0xf0, 0x01, 0x83, 0xe0, 0x01, 0x08, 0xc1,
    0x88, 0x8c, 0x24, 0xc7, 0x00, 0x00, 0x00, 0x0f, 0x84, 0xd9, 0xc6, 0xff,
    0xff, 0x89, 0x14, 0x24, 0x48, 0x89, 0xfb, 0x48, 0x89, 0xf5, 0xb8, 0x01,
    0x00, 0x00, 0x00, 0x41, 0xb8, 0xf1, 0xf0, 0xf0, 0xf0, 0x4c, 0x8d, 0x15,
    0xe1, 0x8f, 0x00, 0x00, 0x4c, 0x8d, 0x35, 0x1a, 0x8f, 0x00, 0x00, 0x41,
    0xb9, 0x01, 0x00, 0x00, 0x00, 0x48, 0x8d, 0x3d, 0xa0, 0x8c, 0x00, 0x00,
    0x4c, 0x8d, 0x25, 0x4d, 0x8d, 0x00, 0x00, 0x66, 0x66, 0x2e, 0x0f, 0x1f,
    0x84, 0x00, 0x00, 0x00, 0x00, 0x00, 0x66, 0x90, 0x8d, 0x48, 0x08, 0x41,
    0x89, 0xc3, 0x89, 0xc2, 0xbe, 0x1a, 0x00, 0x00, 0x00, 0x0f, 0xaf, 0xc8,
    0x83, 0xc1, 0x04, 0xc1, 0xe1, 0x04, 0x41, 0x89, 0xcd, 0x48, 0x83, 0xf8,
    0x01, 0x74, 0x3f, 0x89, 0xc6, 0x89, 0xc1, 0x48, 0x69, 0xf6, 0x25, 0x49,
    0x92, 0x24, 0x48, 0xc1, 0xee, 0x20, 0x29, 0xf1, 0xd1, 0xe9, 0x01, 0xf1,
    0xc1, 0xe9, 0x02, 0x83, 0xc1, 0x02, 0x8d, 0x34, 0x89, 0x8d, 0x74, 0xb6,
    0xf6, 0x0f, 0xaf, 0xf1, 0x44, 0x89, 0xe9, 0x83, 0xee, 0x37, 0x29, 0xf1,
    0x89, 0xce, 0x83, 0xe9, 0x24, 0xc1, 0xfe, 0x03, 0xc1, 0xf9, 0x03, 0x48,
    0x83, 0xf8, 0x06, 0x0f, 0x47, 0xf1, 0x41, 0x8d, 0x4b, 0x07, 0x49, 0x0f,
    0xaf, 0xc8, 0x48, 0xc1, 0xe9, 0x24, 0x48, 0x85, 0xed, 0x0f, 0x84, 0xcb,
    0x1a, 0x00, 0x00, 0x4c, 0x63, 0x5b, 0x04, 0x4c, 0x63, 0x6b, 0x10, 0x41,
    0x81, 0xfb, 0xff, 0x7f, 0x00, 0x00, 0x0f, 0x87, 0x94, 0xc6, 0xff, 0xff,
    0x41, 0x81, 0xfd, 0xff, 0x7f, 0x00, 0x00, 0x0f, 0x87, 0x68, 0xc6, 0xff,
    0xff, 0x83, 0x3b, 0x08, 0x0f, 0x87, 0x5a, 0xc6, 0xff, 0xff, 0x44, 0x8b,
    0x3b, 0x4e, 0x63, 0x3c, 0xbf, 0x49, 0x01, 0xff, 0x3e, 0x41, 0xff, 0xe7,
    0x48, 0x63, 0xc9, 0x41, 0x8b, 0x0c, 0x8c, 0x83, 0xf9, 0x10, 0x0f, 0x87,
    0x1d, 0xc6, 0xff, 0xff, 0x4d, 0x89, 0xcf, 0x49, 0xd3, 0xe7, 0x4d, 0x39,
    0xdf, 0x0f, 0x8e, 0x66, 0x01, 0x00, 0x00, 0x83, 0xc1, 0x04, 0x48, 0x63,
    0xc9, 0x4c, 0x01, 0xe9, 0x48, 0x81, 0xf9, 0xff, 0x7f, 0x00, 0x00, 0x0f,
    0x8f, 0x50, 0x01, 0x00, 0x00, 0x46, 0x0f, 0xbe, 0x1c, 0x10, 0x46, 0x0f,
    0xbe, 0x3c, 0x30, 0x41, 0x89, 0xcd, 0x45, 0x0f, 0xaf, 0xdf, 0x44, 0x29,
    0xde, 0xc1, 0xe6, 0x03, 0x39, 0xce, 0x0f, 0x8c, 0x31, 0x01, 0x00, 0x00,
    0x89, 0x94, 0x24, 0xc0, 0x00, 0x00, 0x00, 0x8b, 0x14, 0x24, 0xc7, 0x84,
    0x24, 0x9c, 0x00, 0x00, 0x00, 0x01, 0x00, 0x00, 0x00, 0x84, 0xd2, 0x0f,
    0x85, 0x50, 0x1a, 0x00, 0x00, 0x44, 0x8b, 0x9c, 0x24, 0xc0, 0x00, 0x00,
    0x00, 0x48, 0x8b, 0x74, 0x24, 0x58, 0x45, 0x31, 0xe4, 0x45, 0x31, 0xf6,
    0x42, 0x8d, 0x04, 0x9d, 0x11, 0x00, 0x00, 0x00, 0x48, 0x8d, 0x7e, 0x08,
    0x4c, 0x89, 0x26, 0x0f, 0xaf, 0xc0, 0x48, 0x83, 0xe7, 0xf8, 0x83, 0xc0,
    0x07, 0xc1, 0xf8, 0x03, 0x8d, 0x50, 0x01, 0x4c, 0x89, 0x64, 0x16, 0xf8,
    0x48, 0x89, 0xd0, 0x48, 0x89, 0xf2, 0x48, 0x29, 0xfa, 0x8d, 0x0c, 0x10,
    0x31, 0xc0, 0xc1, 0xe9, 0x03, 0xf3, 0x48, 0xab, 0x44, 0x89, 0xb4, 0x24,
    0xdc, 0x00, 0x00, 0x00, 0x48, 0x85, 0xed, 0x0f, 0x84, 0x30, 0x1a, 0x00,
    0x00, 0x8b, 0x13, 0xf7, 0xc2, 0xf0, 0xff, 0xff, 0xff, 0x0f, 0x85, 0xc7,
    0xc4, 0xff, 0xff, 0xc7, 0x84, 0x24, 0xdc, 0x00, 0x00, 0x00, 0x04, 0x00,
    0x00, 0x00, 0x89, 0xd0, 0x89, 0xd1, 0xc1, 0xe8, 0x03, 0xc1, 0xe1, 0x04,
    0x83, 0xe1, 0x10, 0xc1, 0xe0, 0x07, 0x09, 0xc8, 0x89, 0xd1, 0x0a, 0x06,
    0xc1, 0xe2, 0x04, 0xc1, 0xe1, 0x04, 0x83, 0xe2, 0x20, 0x83, 0xe1, 0x40,
    0x09, 0xc8, 0xb9, 0xf1, 0xf0, 0xf0, 0xf0, 0x09, 0xd0, 0x41, 0x8d, 0x53,
    0x07, 0x48, 0x0f, 0xaf, 0xd1, 0x88, 0x06, 0x48, 0xc1, 0xea, 0x24, 0x83,
    0x3b, 0x08, 0x0f, 0x87, 0x24, 0xc5, 0xff, 0xff, 0x8b, 0x0b, 0x48, 0x8d,
    0x35, 0xd3, 0x8a, 0x00, 0x00, 0x48, 0x63, 0x0c, 0x8e, 0x48, 0x01, 0xf1,
    0x3e, 0xff, 0xe1, 0x48, 0x63, 0xc9, 0x4c, 0x8d, 0x3d, 0x5f, 0x8b, 0x00,
    0x00, 0x41, 0x8b, 0x0c, 0x8f, 0xe9, 0xb9, 0xfe, 0xff, 0xff, 0x48, 0x63,
    0xc9, 0x4c, 0x8d, 0x3d, 0x5c, 0x8b, 0x00, 0x00, 0x41, 0x8b, 0x0c, 0x8f,
    0xe9, 0xa6, 0xfe, 0xff, 0xff, 0x48, 0x63, 0xc9, 0x4c, 0x8d, 0x3d, 0x59,
    0x8b, 0x00, 0x00, 0x41, 0x8b, 0x0c, 0x8f, 0xe9, 0x93, 0xfe, 0xff, 0xff,
    0x41, 0xbf, 0x01, 0x00, 0x00, 0x00, 0x31, 0xc9, 0x4d, 0x39, 0xdf, 0x0f,
    0x8f, 0x9a, 0xfe, 0xff, 0xff, 0x48, 0x83, 0xc0, 0x01, 0x48, 0x83, 0xf8,
    0x0b, 0x0f, 0x85, 0xc1, 0xfd, 0xff, 0xff, 0x48, 0x8b, 0x44, 0x24, 0x58,
    0xc6, 0x84, 0x24, 0xc7, 0x00, 0x00, 0x00, 0x00, 0xc6, 0x00, 0x00, 0x48,
    0x8b, 0x84, 0x24, 0x48, 0x01, 0x00, 0x00, 0x64, 0x48, 0x2b, 0x04, 0x25,
    0x28, 0x00, 0x00, 0x00, 0x0f, 0x85, 0x77, 0x2a, 0x00, 0x00, 0x0f, 0xb6,
    0x84, 0x24, 0xc7, 0x00, 0x00, 0x00, 0x48, 0x81, 0xc4, 0x58, 0x01, 0x00,
    0x00, 0x5b, 0x5d, 0x41, 0x5c, 0x41, 0x5d, 0x41, 0x5e, 0x41, 0x5f, 0xc3,
    0x48, 0x63, 0xd2, 0x48, 0x8d, 0x0d, 0xb6, 0x8a, 0x00, 0x00, 0x8b, 0x14,
    0x91, 0x8b, 0x73, 0x04, 0x83, 0xfa, 0x10, 0x0f, 0x87, 0xb5, 0xc3, 0xff,
    0xff, 0x89, 0xf7, 0x89, 0xd1, 0x48, 0xd3, 0xef, 0x48, 0x85, 0xff, 0x0f,
    0x85, 0xa5, 0xc3, 0xff, 0xff, 0x8d, 0x4a, 0xff, 0x85, 0xd2, 0x0f, 0x84,
    0xcf, 0x05, 0x00, 0x00, 0x89, 0xf7, 0xd3, 0xef, 0x89, 0xf9, 0xc1, 0xe1,
    0x03, 0x83, 0xe1, 0x08, 0x09, 0xc8, 0x8d, 0x4a, 0xfe, 0x83, 0xfa, 0x01,
    0x0f, 0x84, 0xf5, 0x05, 0x00, 0x00, 0x89, 0xf7, 0xd3, 0xef, 0x89, 0xf9,
    0xc1, 0xe1, 0x02, 0x83, 0xe1, 0x04, 0x09, 0xc8, 0x8d, 0x4a, 0xfd, 0x83,
    0xfa, 0x02, 0x0f, 0x84, 0xdb, 0x05, 0x00, 0x00, 0x89, 0xf7, 0xd3, 0xef,
    0x89, 0xf9, 0x01, 0xc9, 0x83, 0xe1, 0x02, 0x09, 0xc8, 0x8d, 0x4a, 0xfc,
    0x83, 0xfa, 0x03, 0x0f, 0x84, 0xc2, 0x05, 0x00, 0x00, 0x89, 0xf7, 0xd3,
    0xef, 0x89, 0xf9, 0x48, 0x8b, 0x7c, 0x24, 0x58, 0x83, 0xe1, 0x01, 0x09,
    0xc8, 0x8d, 0x4a, 0xfb, 0x88, 0x07, 0x83, 0xfa, 0x04, 0x0f, 0x84, 0x31,
    0x01, 0x00, 0x00, 0x89, 0xf0, 0xd3, 0xe8, 0x8d, 0x4a, 0xfa, 0xc1, 0xe0,
    0x07, 0x0a, 0x47, 0x01, 0x83, 0xfa, 0x05, 0x0f, 0x84, 0x30, 0x18, 0x00,
    0x00, 0x89, 0xf7, 0xd3, 0xef, 0x89, 0xf9, 0xc1, 0xe1, 0x06, 0x83, 0xe1,
    0x40, 0x09, 0xc8, 0x8d, 0x4a, 0xf9, 0x83, 0xfa, 0x06, 0x0f, 0x84, 0x80,
    0x05, 0x00, 0x00, 0x89, 0xf7, 0xd3, 0xef, 0x89, 0xf9, 0xc1, 0xe1, 0x05,
    0x83, 0xe1, 0x20, 0x09, 0xc8, 0x8d, 0x4a, 0xf8, 0x83, 0xfa, 0x07, 0x0f,
    0x84, 0x66, 0x05, 0x00, 0x00, 0x89, 0xf7, 0xd3, 0xef, 0x89, 0xf9, 0xc1,
    0xe1, 0x04, 0x83, 0xe1, 0x10, 0x09, 0xc8, 0x8d, 0x4a, 0xf7, 0x83, 0xfa,
    0x08, 0x0f, 0x84, 0x4c, 0x05, 0x00, 0x00, 0x89, 0xf7, 0xd3, 0xef, 0x89,
    0xf9, 0xc1, 0xe1, 0x03, 0x83, 0xe1, 0x08, 0x09, 0xc8, 0x8d, 0x4a, 0xf6,
    0x83, 0xfa, 0x09, 0x0f, 0x84, 0x32, 0x05, 0x00, 0x00, 0x89, 0xf7, 0xd3,
    0xef, 0x89, 0xf9, 0xc1, 0xe1, 0x02, 0x83, 0xe1, 0x04, 0x09, 0xc8, 0x8d,
    0x4a, 0xf5, 0x83, 0xfa, 0x0a, 0x0f, 0x84, 0x18, 0x05, 0x00, 0x00, 0x89,
    0xf7, 0xd3, 0xef, 0x89, 0xf9, 0x01, 0xc9, 0x83, 0xe1, 0x02, 0x09, 0xc8,
    0x8d, 0x4a, 0xf4, 0x83, 0xfa, 0x0b, 0x0f, 0x84, 0xff, 0x04, 0x00, 0x00,
    0x89, 0xf7, 0xd3, 0xef, 0x89, 0xf9, 0x48, 0x8b, 0x7c, 0x24, 0x58, 0x83,
    0xe1, 0x01, 0x09, 0xc8, 0x8d, 0x4a, 0xf3, 0x88, 0x47, 0x01, 0x83, 0xfa,
    0x0c, 0x74, 0x65, 0x89, 0xf0, 0xd3, 0xe8, 0x8d, 0x4a, 0xf2, 0xc1, 0xe0,
    0x07, 0x0a, 0x47, 0x02, 0x83, 0xfa, 0x0d, 0x0f, 0x84, 0xbc, 0x17, 0x00,
    0x00, 0x89, 0xf7, 0xd3, 0xef, 0x89, 0xf9, 0xc1, 0xe1, 0x06, 0x83, 0xe1,
    0x40, 0x09, 0xc8, 0x8d, 0x4a, 0xf1, 0x83, 0xfa, 0x0e, 0x0f, 0x84, 0x95,
    0x17, 0x00, 0x00, 0x89, 0xf7, 0xd3, 0xef, 0x89, 0xf9, 0xc1, 0xe1, 0x05,
    0x83, 0xe1, 0x20, 0x09, 0xc1, 0x89, 0xf0, 0xc1, 0xe0, 0x04, 0x83, 0xe0,
    0x10, 0x09, 0xc8, 0x83, 0xfa, 0x0f, 0x0f, 0x45, 0xc8, 0x48, 0x8b, 0x44,
    0x24, 0x58, 0x88, 0x48, 0x02, 0x66, 0x66, 0x2e, 0x0f, 0x1f, 0x84, 0x00,
    0x00, 0x00, 0x00, 0x00, 0x0f, 0x1f, 0x40, 0x00, 0x83, 0xc2, 0x04, 0x89,
    0x94, 0x24, 0xdc, 0x00, 0x00, 0x00, 0x44, 0x8b, 0x53, 0x10, 0x45, 0x85,
    0xd2, 0x7e, 0x6f, 0x4c, 0x8b, 0x44, 0x24, 0x58, 0x31, 0xf6, 0x66, 0x66,
    0x2e, 0x0f, 0x1f, 0x84, 0x00, 0x00, 0x00, 0x00, 0x00, 0x66, 0x66, 0x2e,
    0x0f, 0x1f, 0x84, 0x00, 0x00, 0x00, 0x00, 0x00, 0x66, 0x66, 0x2e, 0x0f,
    0x1f, 0x84, 0x00, 0x00, 0x00, 0x00, 0x00, 0x0f, 0x1f, 0x44, 0x00, 0x00,
    0x89, 0xf0, 0x48, 0x8b, 0x4b, 0x08, 0x89, 0xd7, 0xc1, 0xf8, 0x03, 0xc1,
    0xff, 0x03, 0x48, 0x98, 0x48, 0x63, 0xff, 0x0f, 0xb6, 0x04, 0x01, 0x89,
    0xf1, 0x83, 0xc6, 0x01, 0xf7, 0xd1, 0x83, 0xe1, 0x07, 0xd3, 0xf8, 0x89,
    0xd1, 0x83, 0xc2, 0x01, 0xf7, 0xd1, 0x83, 0xe0, 0x01, 0x83, 0xe1, 0x07,
    0xd3, 0xe0, 0x41, 0x08, 0x04, 0x38, 0x3b, 0x73, 0x10, 0x7c, 0xc5, 0x89,
    0x94, 0x24, 0xdc, 0x00, 0x00, 0x00, 0x41, 0x39, 0xd5, 0x0f, 0x85, 0x54,
    0xc1, 0xff, 0xff, 0x8b, 0xb4, 0x24, 0x9c, 0x00, 0x00, 0x00, 0x8b, 0xbc,
    0x24, 0xc0, 0x00, 0x00, 0x00, 0xe8, 0x92, 0xcb, 0xff, 0xff, 0x8d, 0x1c,
    0xc5, 0x00, 0x00, 0x00, 0x00, 0x44, 0x39, 0xeb, 0x0f, 0x8c, 0xee, 0xc0,
    0xff, 0xff, 0x89, 0xde, 0xb8, 0x04, 0x00, 0x00, 0x00, 0x4c, 0x8b, 0x74,
    0x24, 0x58, 0x48, 0x8d, 0xac, 0x24, 0xdc, 0x00, 0x00, 0x00, 0x44, 0x29,
    0xee, 0x48, 0x89, 0xe9, 0x39, 0xc6, 0x4c, 0x89, 0xf2, 0x0f, 0x4f, 0xf0,
    0x31, 0xff, 0xe8, 0x19, 0xcc, 0xff, 0xff, 0x8b, 0x84, 0x24, 0xdc, 0x00,
    0x00, 0x00, 0xb9, 0x08, 0x00, 0x00, 0x00, 0x31, 0xff, 0x99, 0xf7, 0xf9,
    0x48, 0x89, 0xe9, 0xf7, 0xda, 0x89, 0xd6, 0x4c, 0x89, 0xf2, 0x83, 0xe6,
    0x07, 0xe8, 0xf6, 0xcb, 0xff, 0xff, 0x8b, 0xb4, 0x24, 0xdc, 0x00, 0x00,
    0x00, 0x40, 0xf6, 0xc6, 0x07, 0x0f, 0x85, 0x1c, 0xc1, 0xff, 0xff, 0x48,
    0x8b, 0x4c, 0x24, 0x58, 0x89, 0xf0, 0xba, 0xec, 0xff, 0xff, 0xff, 0x39,
    0xf3, 0x0f, 0x8e, 0xaf, 0x00, 0x00, 0x00, 0x90, 0x89, 0xc7, 0x41, 0x89,
    0xd0, 0xc1, 0xff, 0x03, 0x41, 0x83, 0xe0, 0x80, 0x48, 0x63, 0xff, 0x44,
    0x08, 0x04, 0x39, 0x8d, 0x78, 0x01, 0x41, 0x89, 0xd0, 0xc1, 0xff, 0x03,
    0x41, 0x83, 0xe0, 0x40, 0x48, 0x63, 0xff, 0x44, 0x08, 0x04, 0x39, 0x8d,
    0x78, 0x02, 0x41, 0x89, 0xd0, 0xc1, 0xff, 0x03, 0x41, 0x83, 0xe0, 0x20,
    0x48, 0x63, 0xff, 0x44, 0x08, 0x04, 0x39, 0x8d, 0x78, 0x03, 0x41, 0x89,
    0xd0, 0xc1, 0xff, 0x03, 0x41, 0x83, 0xe0, 0x10, 0x48, 0x63, 0xff, 0x44,
    0x08, 0x04, 0x39, 0x8d, 0x78, 0x04, 0x41, 0x89, 0xd0, 0xc1, 0xff, 0x03,
    0x41, 0x83, 0xe0, 0x08, 0x48, 0x63, 0xff, 0x44, 0x08, 0x04, 0x39, 0x8d,
    0x78, 0x05, 0x41, 0x89, 0xd0, 0xc1, 0xff, 0x03, 0x41, 0x83, 0xe0, 0x04,
    0x48, 0x63, 0xff, 0x44, 0x08, 0x04, 0x39, 0x8d, 0x78, 0x07, 0x41, 0x89,
    0xd0, 0x83, 0xc0, 0x08, 0xc1, 0xff, 0x03, 0x41, 0x83, 0xe0, 0x01, 0x83,
    0xf2, 0xfd, 0x48, 0x63, 0xff, 0x44, 0x08, 0x04, 0x39, 0x39, 0xc3, 0x0f,
    0x8f, 0x67, 0xff, 0xff, 0xff, 0x89, 0xd8, 0x29, 0xf0, 0x83, 0xe8, 0x01,
    0x83, 0xe0, 0xf8, 0x8d, 0x44, 0x06, 0x08, 0x89, 0x84, 0x24, 0xdc, 0x00,
    0x00, 0x00, 0x48, 0x63, 0x84, 0x24, 0x9c, 0x00, 0x00, 0x00, 0x44, 0x8b,
    0xb4, 0x24, 0xc0, 0x00, 0x00, 0x00, 0x48, 0x8d, 0x15, 0x9b, 0x88, 0x00,
    0x00, 0x49, 0x89, 0xc5, 0x48, 0x6b, 0xc0, 0x29, 0x49, 0x63, 0xde, 0x48,
    0x89, 0xdf, 0x48, 0x89, 0x9c, 0x24, 0xc8, 0x00, 0x00, 0x00, 0x48, 0x01,
    0xc2, 0x44, 0x0f, 0xbe, 0x04, 0x1a, 0x48, 0x8d, 0x15, 0x37, 0x89, 0x00,
    0x00, 0x48, 0x01, 0xd0, 0x44, 0x0f, 0xbe, 0x3c, 0x18, 0x44, 0x88, 0x84,
    0x24, 0xab, 0x00, 0x00, 0x00, 0x44, 0x89, 0x04, 0x24, 0x44, 0x89, 0x7c,
    0x24, 0x0c, 0xe8, 0x89, 0xc9, 0xff, 0xff, 0x44, 0x89, 0xee, 0x44, 0x89,
    0xf7, 0x89, 0xc3, 0xe8, 0xfc, 0xc9, 0xff, 0xff, 0x44, 0x8b, 0x04, 0x24,
    0x89, 0xc6, 0x89, 0xd8, 0xc1, 0xf8, 0x03, 0x44, 0x89, 0xc3, 0x99, 0x41,
    0xf7, 0xf8, 0x44, 0x29, 0xf8, 0x29, 0xd3, 0x89, 0xc2, 0x41, 0x8d, 0x47,
    0xff, 0x89, 0x1c, 0x24, 0x89, 0x44, 0x24, 0x48, 0x83, 0xf8, 0x1d, 0x0f,
    0x87, 0xa7, 0xbf, 0xff, 0xff, 0x4d, 0x0f, 0xbe, 0xff, 0x31, 0xc0, 0x45,
    0x31, 0xc9, 0x44, 0x89, 0x44, 0x24, 0x10, 0x4c, 0x8d, 0xb4, 0x24, 0x20,
    0x01, 0x00, 0x00, 0x44, 0x89, 0xf9, 0x4d, 0x8d, 0x67, 0xff, 0x89, 0x74,
    0x24, 0x18, 0x4c, 0x89, 0xf7, 0x44, 0x89, 0x4c, 0x24, 0x4c, 0x41, 0xbd,
    0x01, 0x00, 0x00, 0x00, 0x48, 0x89, 0x8c, 0x24, 0xb8, 0x00, 0x00, 0x00,
    0xf3, 0xaa, 0x8b, 0x44, 0x24, 0x48, 0x89, 0x54, 0x24, 0x20, 0x4c, 0x89,
    0x64, 0x24, 0x30, 0x48, 0x89, 0x44, 0x24, 0x38, 0x48, 0x8d, 0xac, 0x04,
    0x21, 0x01, 0x00, 0x00, 0x42, 0xc6, 0x84, 0x3c, 0x1f, 0x01, 0x00, 0x00,
    0x01, 0x4c, 0x89, 0x7c, 0x24, 0x28, 0x4d, 0x89, 0xf7, 0x66, 0x66, 0x2e,
    0x0f, 0x1f, 0x84, 0x00, 0x00, 0x00, 0x00, 0x00, 0x41, 0x0f, 0xb6, 0xf5,
    0x44, 0x89, 0xeb, 0x0f, 0xb6, 0x84, 0x24, 0x20, 0x01, 0x00, 0x00, 0x4c,
    0x89, 0xf9, 0x41, 0x89, 0xf3, 0x41, 0x89, 0xf2, 0x41, 0x89, 0xf1, 0x41,
    0x89, 0xf0, 0x89, 0xf7, 0x41, 0x89, 0xf4, 0x41, 0xc1, 0xfb, 0x06, 0x83,
    0xe3, 0x01, 0x41, 0xc1, 0xfa, 0x05, 0x41, 0xc1, 0xf9, 0x04, 0x41, 0x83,
    0xe3, 0x01, 0xf7, 0xdb, 0x41, 0xc1, 0xf8, 0x03, 0xc1, 0xff, 0x02, 0x41,
    0x83, 0xe2, 0x01, 0x41, 0x83, 0xe1, 0x01, 0xd1, 0xfe, 0x41, 0xc1, 0xfc,
    0x07, 0x41, 0x83, 0xe0, 0x01, 0x83, 0xe7, 0x01, 0x83, 0xe6, 0x01, 0x41,
    0xf7, 0xdc, 0x41, 0xf7, 0xdb, 0x41, 0xf7, 0xda, 0x41, 0xf7, 0xd9, 0x41,
    0xf7, 0xd8, 0xf7, 0xdf, 0xf7, 0xde, 0xeb, 0x0c, 0x0f, 0x1f, 0x40, 0x00,
    0x0f, 0xb6, 0x01, 0x31, 0xc2, 0x88, 0x51, 0xff, 0x41, 0x89, 0xc6, 0x45,
    0x21, 0xe6, 0x44, 0x89, 0xf2, 0x45, 0x01, 0xf6, 0xc0, 0xfa, 0x07, 0x83,
    0xe2, 0x1d, 0x44, 0x31, 0xf2, 0x41, 0x89, 0xc6, 0x45, 0x21, 0xde, 0x44,
    0x31, 0xf2, 0x41, 0x89, 0xd6, 0x01, 0xd2, 0x41, 0xc0, 0xfe, 0x07, 0x41,
    0x83, 0xe6, 0x1d, 0x41, 0x31, 0xd6, 0x89, 0xc2, 0x44, 0x21, 0xd2, 0x44,
    0x31, 0xf2, 0x41, 0x89, 0xd6, 0x01, 0xd2, 0x41, 0xc0, 0xfe, 0x07, 0x41,
    0x83, 0xe6, 0x1d, 0x44, 0x31, 0xf2, 0x41, 0x89, 0xc6, 0x45, 0x21, 0xce,
    0x41, 0x31, 0xd6, 0x44, 0x89, 0xf2, 0x45, 0x01, 0xf6, 0xc0, 0xfa, 0x07,
    0x83, 0xe2, 0x1d, 0x41, 0x31, 0xd6, 0x89, 0xc2, 0x44, 0x21, 0xc2, 0x44,
    0x31, 0xf2, 0x41, 0x89, 0xd6, 0x01, 0xd2, 0x41, 0xc0, 0xfe, 0x07, 0x41,
    0x83, 0xe6, 0x1d, 0x44, 0x31, 0xf2, 0x41, 0x89, 0xc6, 0x41, 0x21, 0xfe,
    0x41, 0x31, 0xd6, 0x44, 0x89, 0xf2, 0xc0, 0xfa, 0x07, 0x83, 0xe2, 0x1d,
    0x45, 0x01, 0xf6, 0x48, 0x83, 0xc1, 0x01, 0x41, 0x31, 0xd6, 0x89, 0xc2,
    0x21, 0xd8, 0x21, 0xf2, 0x44, 0x31, 0xf2, 0x41, 0x89, 0xd6, 0x01, 0xd2,
    0x41, 0xc0, 0xfe, 0x07, 0x41, 0x83, 0xe6, 0x1d, 0x44, 0x31, 0xf2, 0x31,
    0xc2, 0x88, 0x51, 0xff, 0x48, 0x39, 0xe9, 0x0f, 0x85, 0x3f, 0xff, 0xff,
    0xff, 0x44, 0x89, 0xe8, 0x45, 0x01, 0xed, 0xc0, 0xf8, 0x07, 0x83, 0xe0,
    0x1d, 0x41, 0x31, 0xc5, 0x8b, 0x44, 0x24, 0x4c, 0x83, 0xc0, 0x01, 0x39,
    0x44, 0x24, 0x0c, 0x74, 0x6f, 0x89, 0x44, 0x24, 0x4c, 0xe9, 0xaa, 0xfe,
    0xff, 0xff, 0x44, 0x8b, 0x5b, 0x04, 0x45, 0x85, 0xdb, 0x0f, 0x85, 0x04,
    0x25, 0x00, 0x00, 0xba, 0x04, 0x00, 0x00, 0x00, 0xe9, 0xcd, 0xfb, 0xff,
    0xff, 0x48, 0x63, 0xd2, 0x48, 0x8d, 0x0d, 0xb9, 0x84, 0x00, 0x00, 0x8b,
    0x14, 0x91, 0xe9, 0xee, 0xf9, 0xff, 0xff, 0x48, 0x63, 0xd2, 0x48, 0x8d,
    0x0d, 0xb7, 0x84, 0x00, 0x00, 0x8b, 0x14, 0x91, 0xe9, 0xdc, 0xf9, 0xff,
    0xff, 0x48, 0x63, 0xd2, 0x48, 0x8d, 0x0d, 0xb5, 0x84, 0x00, 0x00, 0x8b,
    0x14, 0x91, 0xe9, 0xca, 0xf9, 0xff, 0xff, 0x48, 0x8b, 0x74, 0x24, 0x58,
    0x88, 0x06, 0xe9, 0x81, 0xfb, 0xff, 0xff, 0x48, 0x8b, 0x74, 0x24, 0x58,
    0x88, 0x46, 0x01, 0xe9, 0x74, 0xfb, 0xff, 0xff, 0x44, 0x8b, 0x44, 0x24,
    0x10, 0x89, 0x84, 0x24, 0xac, 0x00, 0x00, 0x00, 0x4d, 0x89, 0xfe, 0x8b,
    0x74, 0x24, 0x18, 0x8b, 0x54, 0x24, 0x20, 0x4c, 0x8b, 0x64, 0x24, 0x30,
    0x48, 0x8b, 0x44, 0x24, 0x38, 0x4c, 0x8b, 0x7c, 0x24, 0x28, 0x45, 0x85,
    0xc0, 0x0f, 0x8e, 0xce, 0x09, 0x00, 0x00, 0x48, 0x8b, 0x5c, 0x24, 0x58,
    0x4c, 0x63, 0xce, 0x48, 0x83, 0xc0, 0x01, 0x45, 0x31, 0xed, 0x4c, 0x89,
    0x4c, 0x24, 0x40, 0x4d, 0x89, 0xcb, 0x45, 0x89, 0xea, 0x48, 0x89, 0x84,
    0x24, 0xa0, 0x00, 0x00, 0x00, 0x4a, 0x8d, 0x2c, 0x0b, 0x4d, 0x89, 0xf9,
    0x48, 0x8b, 0x44, 0x24, 0x60, 0x44, 0x8b, 0x3c, 0x24, 0x4c, 0x89, 0xa4,
    0x24, 0xb0, 0x00, 0x00, 0x00, 0x45, 0x89, 0xc4, 0x0f, 0x1f, 0x84, 0x00,
    0x00, 0x00, 0x00, 0x00, 0x31, 0xc9, 0x45, 0x39, 0xd7, 0x0f, 0x9e, 0xc1,
    0x01, 0xd1, 0x41, 0x83, 0xf9, 0x08, 0x0f, 0x83, 0x1d, 0x11, 0x00, 0x00,
    0x41, 0xf6, 0xc1, 0x04, 0x0f, 0x85, 0xdf, 0x11, 0x00, 0x00, 0x45, 0x85,
    0xc9, 0x74, 0x0e, 0xc6, 0x45, 0x00, 0x00, 0x41, 0xf6, 0xc1, 0x02, 0x0f,
    0x85, 0x44, 0x12, 0x00, 0x00, 0x85, 0xc9, 0x0f, 0x8e, 0xbc, 0x11, 0x00,
    0x00, 0x48, 0x63, 0x74, 0x24, 0x4c, 0x4c, 0x63, 0xe9, 0x44, 0x89, 0x7c,
    0x24, 0x68, 0x49, 0x89, 0xdf, 0x48, 0x89, 0x5c, 0x24, 0x78, 0x48, 0x89,
    0x74, 0x24, 0x28, 0x48, 0x8d, 0x75, 0x01, 0x48, 0x89, 0x74, 0x24, 0x30,
    0x48, 0x8b, 0xb4, 0x24, 0xb0, 0x00, 0x00, 0x00, 0x4c, 0x89, 0x5c, 0x24,
    0x50, 0x48, 0x01, 0xee, 0x44, 0x89, 0x64, 0x24, 0x70, 0x48, 0x89, 0x74,
    0x24, 0x38, 0x4a, 0x8d, 0x34, 0x2b, 0x8b, 0x9c, 0x24, 0xac, 0x00, 0x00,
    0x00, 0x48, 0x89, 0x74, 0x24, 0x20, 0x89, 0x54, 0x24, 0x74, 0x44, 0x89,
    0x94, 0x24, 0x98, 0x00, 0x00, 0x00, 0x4c, 0x89, 0x8c, 0x24, 0x80, 0x00,
    0x00, 0x00, 0x89, 0x5c, 0x24, 0x18, 0x48, 0x89, 0x84, 0x24, 0x88, 0x00,
    0x00, 0x00, 0x4c, 0x89, 0xac, 0x24, 0x90, 0x00, 0x00, 0x00, 0x66, 0x90,
    0x41, 0x0f, 0xb6, 0x3f, 0x48, 0x8b, 0x54, 0x24, 0x28, 0x40, 0x32, 0x7d,
    0x00, 0x48, 0x8b, 0x74, 0x24, 0x30, 0x41, 0x89, 0xfc, 0x48, 0x89, 0xef,
    0xe8, 0x63, 0xb7, 0xff, 0xff, 0x41, 0x0f, 0xb6, 0xf4, 0x48, 0x8b, 0x44,
    0x24, 0x38, 0x66, 0x0f, 0x6f, 0x1d, 0x82, 0x86, 0x00, 0x00, 0x89, 0xf2,
    0x41, 0x89, 0xf3, 0x41, 0x89, 0xf2, 0x41, 0x89, 0xf1, 0xc1, 0xfa, 0x02,
    0x41, 0x89, 0xf0, 0x41, 0xc1, 0xfb, 0x06, 0xc6, 0x00, 0x00, 0x89, 0xd7,
    0x89, 0xf0, 0x41, 0xc1, 0xfa, 0x05, 0x41, 0x83, 0xe3, 0x01, 0x41, 0xc1,
    0xf9, 0x04, 0x83, 0xe7, 0x01, 0x41, 0xc1, 0xf8, 0x03, 0x41, 0x83, 0xe2,
    0x01, 0xd1, 0xfe, 0x40, 0x88, 0x3c, 0x24, 0x44, 0x89, 0xe7, 0xc1, 0xf8,
    0x07, 0x41, 0x83, 0xe1, 0x01, 0x41, 0x83, 0xe0, 0x01, 0x83, 0xe6, 0x01,
    0x83, 0xe7, 0x01, 0x83, 0x7c, 0x24, 0x48, 0x0e, 0x88, 0x44, 0x24, 0x10,
    0x66, 0x0f, 0x6f, 0x15, 0x14, 0x86, 0x00, 0x00, 0x0f, 0x86, 0xe6, 0x0f,
    0x00, 0x00, 0x66, 0x0f, 0x6e, 0xc0, 0x83, 0x7c, 0x24, 0x0c, 0x10, 0x66,
    0x0f, 0x6f, 0xac, 0x24, 0x20, 0x01, 0x00, 0x00, 0x66, 0x0f, 0x60, 0xc0,
    0x66, 0x0f, 0x61, 0xc0, 0x66, 0x0f, 0x6f, 0xf5, 0x66, 0x0f, 0x70, 0xc0,
    0x00, 0x66, 0x0f, 0x60, 0xf5, 0x66, 0x0f, 0x68, 0xed, 0x66, 0x0f, 0x6f,
    0xc8, 0x66, 0x0f, 0x60, 0xc8, 0x66, 0x0f, 0x68, 0xc0, 0x66, 0x0f, 0xd5,
    0xce, 0x66, 0x0f, 0xd5, 0xc5, 0x66, 0x0f, 0xdb, 0xca, 0x66, 0x0f, 0xdb,
    0xc2, 0x66, 0x0f, 0x67, 0xc8, 0x66, 0x0f, 0x6f, 0xf9, 0x66, 0x0f, 0xfc,
    0xc9, 0x66, 0x0f, 0x71, 0xd7, 0x07, 0x66, 0x0f, 0xdb, 0xfb, 0x66, 0x0f,
    0x6f, 0xc7, 0x66, 0x0f, 0xfc, 0xc7, 0x66, 0x0f, 0xfc, 0xc0, 0x66, 0x0f,
    0xfc, 0xc0, 0x66, 0x0f, 0xf8, 0xc7, 0x66, 0x0f, 0xfc, 0xc0, 0x66, 0x0f,
    0x6f, 0xe0, 0x66, 0x0f, 0xfc, 0xe0, 0x66, 0x41, 0x0f, 0x6e, 0xc3, 0x66,
    0x0f, 0x60, 0xc0, 0x66, 0x0f, 0xfc, 0xe7, 0x66, 0x0f, 0x61, 0xc0, 0x66,
    0x0f, 0xef, 0xe1, 0x66, 0x0f, 0x70, 0xc0, 0x00, 0x66, 0x0f, 0x6f, 0xc8,
    0x66, 0x0f, 0x60, 0xc8, 0x66, 0x0f, 0x68, 0xc0, 0x66, 0x0f, 0xd5, 0xce,
    0x66, 0x0f, 0xd5, 0xc5, 0x66, 0x0f, 0xdb, 0xca, 0x66, 0x0f, 0xdb, 0xc2,
    0x66, 0x0f, 0x67, 0xc8, 0x66, 0x0f, 0xef, 0xe1, 0x66, 0x0f, 0x6f, 0xfc,
    0x66, 0x0f, 0xfc, 0xe4, 0x66, 0x0f, 0x71, 0xd7, 0x07, 0x66, 0x0f, 0xdb,
    0xfb, 0x66, 0x0f, 0x6f, 0xc7, 0x66, 0x0f, 0xfc, 0xc7, 0x66, 0x0f, 0xfc,
    0xc0, 0x66, 0x0f, 0xfc, 0xc0, 0x66, 0x0f, 0xf8, 0xc7, 0x66, 0x0f, 0xfc,
    0xc0, 0x66, 0x0f, 0x6f, 0xc8, 0x66, 0x0f, 0xfc, 0xc8, 0x66, 0x41, 0x0f,
    0x6e, 0xc2, 0x66, 0x0f, 0x60, 0xc0, 0x66, 0x0f, 0xfc, 0xcf, 0x66, 0x0f,
    0x61, 0xc0, 0x66, 0x0f, 0xef, 0xcc, 0x66, 0x0f, 0x70, 0xc0, 0x00, 0x66,
    0x0f, 0x6f, 0xe0, 0x66, 0x0f, 0x60, 0xe0, 0x66, 0x0f, 0x68, 0xc0, 0x66,
    0x0f, 0xd5, 0xe6, 0x66, 0x0f, 0xd5, 0xc5, 0x66, 0x0f, 0xdb, 0xe2, 0x66,
    0x0f, 0xdb, 0xc2, 0x66, 0x0f, 0x67, 0xe0, 0x66, 0x0f, 0xef, 0xcc, 0x66,
    0x0f, 0x6f, 0xf9, 0x66, 0x0f, 0xfc, 0xc9, 0x66, 0x0f, 0x71, 0xd7, 0x07,
    0x66, 0x0f, 0xdb, 0xfb, 0x66, 0x0f, 0x6f, 0xc7, 0x66, 0x0f, 0xfc, 0xc7,
    0x66, 0x0f, 0xfc, 0xc0, 0x66, 0x0f, 0xfc, 0xc0, 0x66, 0x0f, 0xf8, 0xc7,
    0x66, 0x0f, 0xfc, 0xc0, 0x66, 0x0f, 0x6f, 0xe0, 0x66, 0x0f, 0xfc, 0xe0,
    0x66, 0x41, 0x0f, 0x6e, 0xc1, 0x66, 0x0f, 0x60, 0xc0, 0x66, 0x0f, 0xfc,
    0xe7, 0x66, 0x0f, 0x61, 0xc0, 0x66, 0x0f, 0xef, 0xe1, 0x66, 0x0f, 0x70,
    0xc0, 0x00, 0x66, 0x0f, 0x6f, 0xc8, 0x66, 0x0f, 0x60, 0xc8, 0x66, 0x0f,
    0x68, 0xc0, 0x66, 0x0f, 0xd5, 0xce, 0x66, 0x0f, 0xd5, 0xc5, 0x66, 0x0f,
    0xdb, 0xca, 0x66, 0x0f, 0xdb, 0xc2, 0x66, 0x0f, 0x67, 0xc8, 0x66, 0x0f,
    0xef, 0xe1, 0x66, 0x0f, 0x6f, 0xfc, 0x66, 0x0f, 0xfc, 0xe4, 0x66, 0x0f,
    0x71, 0xd7, 0x07, 0x66, 0x0f, 0xdb, 0xfb, 0x66, 0x0f, 0x6f, 0xc7, 0x66,
    0x0f, 0xfc, 0xc7, 0x66, 0x0f, 0xfc, 0xc0, 0x66, 0x0f, 0xfc, 0xc0, 0x66,
    0x0f, 0xf8, 0xc7, 0x66, 0x0f, 0xfc, 0xc0, 0x66, 0x0f, 0x6f, 0xc8, 0x66,
    0x0f, 0xfc, 0xc8, 0x66, 0x41, 0x0f, 0x6e, 0xc0, 0x66, 0x0f, 0x60, 0xc0,
    0x66, 0x0f, 0xfc, 0xcf, 0x66, 0x0f, 0x61, 0xc0, 0x66, 0x0f, 0xef, 0xcc,
    0x66, 0x0f, 0x70, 0xc0, 0x00, 0x66, 0x0f, 0x6f, 0xe0, 0x66, 0x0f, 0x60,
    0xe0, 0x66, 0x0f, 0x68, 0xc0, 0x66, 0x0f, 0xd5, 0xe6, 0x66, 0x0f, 0xd5,
    0xc5, 0x66, 0x0f, 0xdb, 0xe2, 0x66, 0x0f, 0xdb, 0xc2, 0x66, 0x0f, 0x67,
    0xe0, 0x66, 0x0f, 0xef, 0xcc, 0x66, 0x0f, 0x6f, 0xf9, 0x66, 0x0f, 0xfc,
    0xc9, 0x66, 0x0f, 0x71, 0xd7, 0x07, 0x66, 0x0f, 0xdb, 0xfb, 0x66, 0x0f,
    0x6f, 0xc7, 0x66, 0x0f, 0xfc, 0xc7, 0x66, 0x0f, 0xfc, 0xc0, 0x66, 0x0f,
    0xfc, 0xc0, 0x66, 0x0f, 0xf8, 0xc7, 0x66, 0x0f, 0xfc, 0xc0, 0x66, 0x0f,
    0x6f, 0xe0, 0x66, 0x0f, 0xfc, 0xe0, 0x66, 0x0f, 0x6e, 0x04, 0x24, 0x66,
    0x0f, 0x60, 0xc0, 0x66, 0x0f, 0xfc, 0xe7, 0x66, 0x0f, 0x61, 0xc0, 0x66,
    0x0f, 0xef, 0xe1, 0x66, 0x0f, 0x70, 0xc0, 0x00, 0x66, 0x0f, 0x6f, 0xc8,
    0x66, 0x0f, 0x60, 0xc8, 0x66, 0x0f, 0x68, 0xc0, 0x66, 0x0f, 0xd5, 0xce,
    0x66, 0x0f, 0xd5, 0xc5, 0x66, 0x0f, 0xdb, 0xca, 0x66, 0x0f, 0xdb, 0xc2,
    0x66, 0x0f, 0x67, 0xc8, 0x66, 0x0f, 0xef, 0xe1, 0x66, 0x0f, 0x6f, 0xfc,
    0x66, 0x0f, 0xfc, 0xe4, 0x66, 0x0f, 0x71, 0xd7, 0x07, 0x66, 0x0f, 0xdb,
    0xfb, 0x66, 0x0f, 0x6f, 0xcf, 0x66, 0x0f, 0xfc, 0xcf, 0x66, 0x0f, 0xfc,
    0xc9, 0x66, 0x0f, 0xfc, 0xc9, 0x66, 0x0f, 0xf8, 0xcf, 0x66, 0x0f, 0xfc,
    0xc9, 0x66, 0x0f, 0xfc, 0xc9, 0x66, 0x0f, 0x6f, 0xc1, 0x66, 0x0f, 0x6e,
    0xce, 0x66, 0x0f, 0x60, 0xc9, 0x66, 0x0f, 0xfc, 0xc7, 0x66, 0x0f, 0x61,
    0xc9, 0x66, 0x0f, 0xef, 0xc4, 0x66, 0x0f, 0x70, 0xc9, 0x00, 0x66, 0x0f,
    0x6f, 0xe1, 0x66, 0x0f, 0x60, 0xe1, 0x66, 0x0f, 0x68, 0xc9, 0x66, 0x0f,
    0xd5, 0xe6, 0x66, 0x0f, 0xd5, 0xcd, 0x66, 0x0f, 0xdb, 0xe2, 0x66, 0x0f,
    0xdb, 0xca, 0x66, 0x0f, 0x67, 0xe1, 0x66, 0x0f, 0xef, 0xc4, 0x66, 0x0f,
    0x6f, 0xe0, 0x66, 0x0f, 0xfc, 0xc0, 0x66, 0x0f, 0x71, 0xd4, 0x07, 0x66,
    0x0f, 0xdb, 0xe3, 0x66, 0x0f, 0x6f, 0xcc, 0x66, 0x0f, 0xfc, 0xcc, 0x66,
    0x0f, 0xfc, 0xc9, 0x66, 0x0f, 0xfc, 0xc9, 0x66, 0x0f, 0xf8, 0xcc, 0x66,
    0x0f, 0xfc, 0xc9, 0x66, 0x0f, 0xfc, 0xc9, 0x66, 0x0f, 0xfc, 0xcc, 0x66,
    0x0f, 0xef, 0xc8, 0x66, 0x0f, 0x6e, 0xc7, 0x66, 0x0f, 0x60, 0xc0, 0x66,
    0x0f, 0x61, 0xc0, 0x66, 0x0f, 0x70, 0xc0, 0x00, 0x66, 0x0f, 0x6f, 0xe0,
    0x66, 0x0f, 0x60, 0xe0, 0x66, 0x0f, 0x68, 0xc0, 0x66, 0x0f, 0xd5, 0xe6,
    0x66, 0x0f, 0xd5, 0xc5, 0x66, 0x0f, 0xdb, 0xe2, 0x66, 0x0f, 0xdb, 0xc2,
    0x66, 0x0f, 0x67, 0xe0, 0xf3, 0x0f, 0x6f, 0x45, 0x00, 0x66, 0x0f, 0xef,
    0xc4, 0x66, 0x0f, 0xef, 0xc8, 0x0f, 0x11, 0x4d, 0x00, 0x0f, 0x84, 0xf7,
    0x03, 0x00, 0x00, 0xba, 0x10, 0x00, 0x00, 0x00, 0xb9, 0x10, 0x00, 0x00,
    0x00, 0x44, 0x8b, 0x6c, 0x24, 0x0c, 0x41, 0x29, 0xd5, 0x45, 0x8d, 0x65,
    0xff, 0x41, 0x83, 0xfc, 0x06, 0x0f, 0x86, 0xd9, 0x02, 0x00, 0x00, 0x0f,
    0xb6, 0xc0, 0x4c, 0x8b, 0x64, 0x24, 0x40, 0x48, 0x8b, 0x5c, 0x24, 0x58,
    0xf3, 0x0f, 0x7e, 0xa4, 0x14, 0x20, 0x01, 0x00, 0x00, 0x88, 0xc4, 0x66,
    0x0f, 0x6e, 0xe8, 0x41, 0x0f, 0xb6, 0xc3, 0x49, 0x01, 0xd4, 0xf2, 0x0f,
    0x70, 0xc5, 0x00, 0x66, 0x0f, 0x60, 0xe4, 0x88, 0xc4, 0x49, 0x01, 0xdc,
    0x66, 0x0f, 0x60, 0xc0, 0x66, 0x0f, 0x6e, 0xf8, 0x41, 0x0f, 0xb6, 0xc2,
    0x66, 0x0f, 0xd5, 0xc4, 0x88, 0xc4, 0x66, 0x0f, 0xdb, 0xc2, 0x66, 0x0f,
    0x67, 0xc0, 0x66, 0x0f, 0x6f, 0xe8, 0x66, 0x0f, 0x71, 0xd0, 0x07, 0x66,
    0x0f, 0xdb, 0xc3, 0x66, 0x0f, 0xfc, 0xed, 0x66, 0x0f, 0x6f, 0xf0, 0x66,
    0x0f, 0xfc, 0xf0, 0x66, 0x0f, 0xfc, 0xf6, 0x66, 0x0f, 0xfc, 0xf6, 0x66,
    0x0f, 0xf8, 0xf0, 0x66, 0x0f, 0xfc, 0xf6, 0x66, 0x0f, 0xfc, 0xf6, 0x66,
    0x0f, 0xfc, 0xf0, 0xf2, 0x0f, 0x70, 0xc7, 0x00, 0x66, 0x0f, 0x6e, 0xf8,
    0x41, 0x0f, 0xb6, 0xc1, 0x66, 0x0f, 0x60, 0xc0, 0x88, 0xc4, 0x66, 0x0f,
    0xd5, 0xc4, 0x66, 0x0f, 0xef, 0xee, 0x66, 0x0f, 0xdb, 0xc2, 0x66, 0x0f,
    0x67, 0xc0, 0x66, 0x0f, 0xef, 0xe8, 0x66, 0x0f, 0x6f, 0xf5, 0x66, 0x0f,
    0xfc, 0xed, 0x66, 0x0f, 0x71, 0xd6, 0x07, 0x66, 0x0f, 0xdb, 0xf3, 0x66,
    0x0f, 0x6f, 0xc6, 0x66, 0x0f, 0xfc, 0xc6, 0x66, 0x0f, 0xfc, 0xc0, 0x66,
    0x0f, 0xfc, 0xc0, 0x66, 0x0f, 0xf8, 0xc6, 0x66, 0x0f, 0xfc, 0xc0, 0x66,
    0x0f, 0xfc, 0xc0, 0x66, 0x0f, 0xfc, 0xc6, 0x66, 0x0f, 0xef, 0xe8, 0xf2,
    0x0f, 0x70, 0xc7, 0x00, 0x66, 0x0f, 0x60, 0xc0, 0x66, 0x0f, 0xd5, 0xc4,
    0x66, 0x0f, 0xdb, 0xc2, 0x66, 0x0f, 0x67, 0xc0, 0x66, 0x0f, 0xef, 0xe8,
    0x66, 0x0f, 0x6f, 0xcd, 0x66, 0x0f, 0x6f, 0xf1, 0x66, 0x0f, 0xfc, 0xcd,
    0x66, 0x0f, 0x6e, 0xe8, 0x41, 0x0f, 0xb6, 0xc0, 0x66, 0x0f, 0x71, 0xd6,
    0x07, 0x88, 0xc4, 0x66, 0x0f, 0xdb, 0xf3, 0x66, 0x0f, 0x6e, 0xf8, 0x0f,
    0xb6, 0x04, 0x24, 0x66, 0x0f, 0x6f, 0xc6, 0x66, 0x0f, 0xfc, 0xc6, 0x88,
    0xc4, 0x66, 0x0f, 0xfc, 0xc0, 0x66, 0x0f, 0xfc, 0xc0, 0x66, 0x0f, 0xf8,
    0xc6, 0x66, 0x0f, 0xfc, 0xc0, 0x66, 0x0f, 0xfc, 0xc0, 0x66, 0x0f, 0xfc,
    0xc6, 0x66, 0x0f, 0xef, 0xc8, 0xf2, 0x0f, 0x70, 0xc5, 0x00, 0x66, 0x0f,
    0x60, 0xc0, 0x66, 0x0f, 0x6f, 0xe9, 0x66, 0x0f, 0xd5, 0xc4, 0x66, 0x0f,
    0xdb, 0xc2, 0x66, 0x0f, 0x67, 0xc0, 0x66, 0x0f, 0xef, 0xe8, 0x66, 0x0f,
    0x6f, 0xf5, 0x66, 0x0f, 0xfc, 0xed, 0x66, 0x0f, 0x71, 0xd6, 0x07, 0x66,
    0x0f, 0xdb, 0xf3, 0x66, 0x0f, 0x6f, 0xc6, 0x66, 0x0f, 0xfc, 0xc6, 0x66,
    0x0f, 0xfc, 0xc0, 0x66, 0x0f, 0xfc, 0xc0, 0x66, 0x0f, 0xf8, 0xc6, 0x66,
    0x0f, 0xfc, 0xc0, 0x66, 0x0f, 0xfc, 0xc0, 0x66, 0x0f, 0xfc, 0xc6, 0x66,
    0x0f, 0xef, 0xe8, 0xf2, 0x0f, 0x70, 0xc7, 0x00, 0x66, 0x0f, 0x60, 0xc0,
    0x66, 0x0f, 0xd5, 0xc4, 0x66, 0x0f, 0xdb, 0xc2, 0x66, 0x0f, 0x67, 0xc0,
    0x66, 0x0f, 0xef, 0xe8, 0x66, 0x0f, 0x6f, 0xcd, 0x66, 0x0f, 0x6f, 0xf1,
    0x66, 0x0f, 0xfc, 0xcd, 0x66, 0x0f, 0x6e, 0xe8, 0x40, 0x0f, 0xb6, 0xc6,
    0x66, 0x0f, 0x71, 0xd6, 0x07, 0xf2, 0x0f, 0x70, 0xc5, 0x00, 0x88, 0xc4,
    0x66, 0x0f, 0xdb, 0xf3, 0x66, 0x0f, 0x60, 0xc0, 0x66, 0x0f, 0x6f, 0xfe,
    0x66, 0x0f, 0xd5, 0xc4, 0x66, 0x0f, 0xfc, 0xfe, 0x66, 0x0f, 0xfc, 0xff,
    0x66, 0x0f, 0xdb, 0xc2, 0x66, 0x0f, 0x67, 0xc0, 0x66, 0x0f, 0xfc, 0xff,
    0x66, 0x0f, 0xf8, 0xfe, 0x66, 0x0f, 0xfc, 0xff, 0x66, 0x0f, 0xfc, 0xff,
    0x66, 0x0f, 0xfc, 0xfe, 0x66, 0x0f, 0xef, 0xcf, 0x66, 0x0f, 0x6e, 0xf8,
    0x40, 0x0f, 0xb6, 0xc7, 0x66, 0x0f, 0x6f, 0xe9, 0x88, 0xc4, 0x66, 0x0f,
    0xef, 0xe8, 0x66, 0x0f, 0x6f, 0xf5, 0x66, 0x0f, 0xfc, 0xed, 0x66, 0x0f,
    0x71, 0xd6, 0x07, 0x66, 0x0f, 0xdb, 0xf3, 0x66, 0x0f, 0x6f, 0xce, 0x66,
    0x0f, 0xfc, 0xce, 0x66, 0x0f, 0xfc, 0xc9, 0x66, 0x0f, 0xfc, 0xc9, 0x66,
    0x0f, 0xf8, 0xce, 0x66, 0x0f, 0xfc, 0xc9, 0x66, 0x0f, 0xfc, 0xc9, 0x66,
    0x0f, 0xfc, 0xce, 0x66, 0x0f, 0xef, 0xe9, 0xf2, 0x0f, 0x70, 0xcf, 0x00,
    0x66, 0x0f, 0x6e, 0xf8, 0x44, 0x89, 0xe8, 0x66, 0x0f, 0x60, 0xc9, 0x83,
    0xe0, 0xf8, 0x66, 0x0f, 0xd5, 0xcc, 0x01, 0xc1, 0x41, 0x83, 0xe5, 0x07,
    0x66, 0x0f, 0xdb, 0xca, 0x66, 0x0f, 0x67, 0xc9, 0x66, 0x0f, 0x6f, 0xc1,
    0x66, 0x0f, 0xef, 0xc5, 0x66, 0x0f, 0x6f, 0xe8, 0x66, 0x0f, 0xfc, 0xc0,
    0x66, 0x0f, 0x71, 0xd5, 0x07, 0x66, 0x0f, 0xdb, 0xeb, 0x66, 0x0f, 0x6f,
    0xcd, 0x66, 0x0f, 0xfc, 0xcd, 0x66, 0x0f, 0xfc, 0xc9, 0x66, 0x0f, 0xfc,
    0xc9, 0x66, 0x0f, 0xf8, 0xcd, 0x66, 0x0f, 0xfc, 0xc9, 0x66, 0x0f, 0xfc,
    0xc9, 0x66, 0x0f, 0xfc, 0xcd, 0xf3, 0x41, 0x0f, 0x7e, 0x2c, 0x24, 0x66,
    0x0f, 0xef, 0xc8, 0xf2, 0x0f, 0x70, 0xc7, 0x00, 0x66, 0x0f, 0x60, 0xc0,
    0x66, 0x0f, 0xd5, 0xe0, 0x66, 0x0f, 0xdb, 0xe2, 0x66, 0x0f, 0x67, 0xe4,
    0x66, 0x0f, 0xef, 0xec, 0x66, 0x0f, 0xef, 0xcd, 0x66, 0x41, 0x0f, 0xd6,
    0x0c, 0x24, 0x0f, 0x84, 0xfe, 0x00, 0x00, 0x00, 0x44, 0x0f, 0xb6, 0x24,
    0x24, 0x44, 0x0f, 0xb6, 0x6c, 0x24, 0x10, 0x48, 0x63, 0xc9, 0xf7, 0xde,
    0x4c, 0x89, 0x3c, 0x24, 0x8b, 0x5c, 0x24, 0x18, 0x41, 0xf7, 0xdb, 0x41,
    0xf7, 0xda, 0x41, 0xf7, 0xdd, 0x41, 0xf7, 0xd9, 0x41, 0xf7, 0xd8, 0x41,
    0xf7, 0xdc, 0xf7, 0xdf, 0x0f, 0x1f, 0x84, 0x00, 0x00, 0x00, 0x00, 0x00,
    0x41, 0x0f, 0xb6, 0x14, 0x0e, 0x45, 0x89, 0xef, 0x41, 0x21, 0xd7, 0x44,
    0x89, 0xf8, 0x45, 0x01, 0xff, 0xc0, 0xf8, 0x07, 0x83, 0xe0, 0x1d, 0x44,
    0x31, 0xf8, 0x45, 0x89, 0xdf, 0x41, 0x21, 0xd7, 0x44, 0x31, 0xf8, 0x41,
    0x89, 0xc7, 0x01, 0xc0, 0x41, 0xc0, 0xff, 0x07, 0x41, 0x83, 0xe7, 0x1d,
    0x41, 0x31, 0xc7, 0x44, 0x89, 0xd0, 0x21, 0xd0, 0x44, 0x31, 0xf8, 0x41,
    0x89, 0xc7, 0x01, 0xc0, 0x41, 0xc0, 0xff, 0x07, 0x41, 0x83, 0xe7, 0x1d,
    0x44, 0x31, 0xf8, 0x45, 0x89, 0xcf, 0x41, 0x21, 0xd7, 0x41, 0x31, 0xc7,
    0x44, 0x89, 0xf8, 0x45, 0x01, 0xff, 0xc0, 0xf8, 0x07, 0x83, 0xe0, 0x1d,
    0x41, 0x31, 0xc7, 0x44, 0x89, 0xc0, 0x21, 0xd0, 0x44, 0x31, 0xf8, 0x41,
    0x89, 0xc7, 0x01, 0xc0, 0x41, 0xc0, 0xff, 0x07, 0x41, 0x83, 0xe7, 0x1d,
    0x44, 0x31, 0xf8, 0x45, 0x89, 0xe7, 0x41, 0x21, 0xd7, 0x41, 0x31, 0xc7,
    0x44, 0x89, 0xf8, 0xc0, 0xf8, 0x07, 0x83, 0xe0, 0x1d, 0x45, 0x01, 0xff,
    0x41, 0x31, 0xc7, 0x89, 0xf0, 0x21, 0xd0, 0x21, 0xfa, 0x32, 0x54, 0x0d,
    0x00, 0x44, 0x31, 0xf8, 0x41, 0x89, 0xc7, 0x01, 0xc0, 0x41, 0xc0, 0xff,
    0x07, 0x41, 0x83, 0xe7, 0x1d, 0x44, 0x31, 0xf8, 0x31, 0xd0, 0x88, 0x44,
    0x0d, 0x00, 0x48, 0x83, 0xc1, 0x01, 0x39, 0xcb, 0x0f, 0x8f, 0x3e, 0xff,
    0xff, 0xff, 0x89, 0x5c, 0x24, 0x18, 0x4c, 0x8b, 0x3c, 0x24, 0x48, 0x8b,
    0x44, 0x24, 0x20, 0x49, 0x83, 0xc7, 0x01, 0x49, 0x39, 0xc7, 0x0f, 0x85,
    0x04, 0xf8, 0xff, 0xff, 0x44, 0x8b, 0x94, 0x24, 0x98, 0x00, 0x00, 0x00,
    0x4c, 0x8b, 0x5c, 0x24, 0x50, 0x31, 0xf6, 0x44, 0x8b, 0x64, 0x24, 0x70,
    0x44, 0x8b, 0x7c, 0x24, 0x68, 0x8b, 0x54, 0x24, 0x74, 0x48, 0x8b, 0x5c,
    0x24, 0x78, 0x44, 0x89, 0xd1, 0x4c, 0x8b, 0x8c, 0x24, 0x80, 0x00, 0x00,
    0x00, 0x48, 0x8b, 0x84, 0x24, 0x88, 0x00, 0x00, 0x00, 0x4c, 0x8b, 0xac,
    0x24, 0x90, 0x00, 0x00, 0x00, 0x66, 0x66, 0x2e, 0x0f, 0x1f, 0x84, 0x00,
    0x00, 0x00, 0x00, 0x00, 0x66, 0x66, 0x2e, 0x0f, 0x1f, 0x84, 0x00, 0x00,
    0x00, 0x00, 0x00, 0x90, 0x89, 0xcf, 0x44, 0x0f, 0xb6, 0x04, 0x33, 0x44,
    0x29, 0xff, 0x39, 0xf2, 0x0f, 0x44, 0xcf, 0x48, 0x83, 0xc6, 0x01, 0x48,
    0x63, 0xf9, 0x44, 0x01, 0xe1, 0x44, 0x88, 0x04, 0x38, 0x4c, 0x39, 0xee,
    0x75, 0xde, 0x80, 0xbc, 0x24, 0xab, 0x00, 0x00, 0x00, 0x01, 0x0f, 0x85,
    0x56, 0x08, 0x00, 0x00, 0x48, 0x8b, 0xbc, 0x24, 0xa0, 0x00, 0x00, 0x00,
    0x48, 0x89, 0xe9, 0x4a, 0x8d, 0x34, 0x18, 0x48, 0x01, 0xef, 0x66, 0x66,
    0x2e, 0x0f, 0x1f, 0x84, 0x00, 0x00, 0x00, 0x00, 0x00, 0x66, 0x66, 0x2e,
    0x0f, 0x1f, 0x84, 0x00, 0x00, 0x00, 0x00, 0x00, 0x0f, 0x1f, 0x84, 0x00,
    0x00, 0x00, 0x00, 0x00, 0x44, 0x0f, 0xb6, 0x01, 0x48, 0x83, 0xc1, 0x01,
    0x48, 0x83, 0xc6, 0x01, 0x44, 0x88, 0x46, 0xff, 0x48, 0x39, 0xcf, 0x75,
    0xeb, 0x41, 0x83, 0xc2, 0x01, 0x4c, 0x01, 0xeb, 0x49, 0x83, 0xc3, 0x01,
    0x45, 0x39, 0xd4, 0x0f, 0x85, 0x77, 0xf6, 0xff, 0xff, 0x4c, 0x8b, 0x7c,
    0x24, 0x58, 0x8b, 0x9c, 0x24, 0xc0, 0x00, 0x00, 0x00, 0x41, 0xbd, 0x01,
    0x00, 0x00, 0x00, 0x4c, 0x89, 0xfe, 0x89, 0xdf, 0xe8, 0x1b, 0xd5, 0xff,
    0xff, 0x89, 0xdf, 0xe8, 0x04, 0xbd, 0xff, 0xff, 0x4c, 0x89, 0xff, 0xc1,
    0xf8, 0x03, 0x89, 0xc3, 0xe8, 0xc7, 0xc1, 0xff, 0xff, 0x44, 0x8d, 0x0c,
    0xdd, 0x00, 0x00, 0x00, 0x00, 0x48, 0x8b, 0x5c, 0x24, 0x60, 0x4d, 0x89,
    0xfb, 0x8d, 0x68, 0xff, 0x41, 0x89, 0xc2, 0x45, 0x31, 0xc0, 0x4d, 0x89,
    0xf7, 0x89, 0xef, 0x66, 0x0f, 0x1f, 0x84, 0x00, 0x00, 0x00, 0x00, 0x00,
    0x83, 0xff, 0x06, 0x0f, 0x84, 0xa2, 0x05, 0x00, 0x00, 0x8d, 0x47, 0x01,
    0xa8, 0x02, 0x0f, 0x85, 0x9c, 0x05, 0x00, 0x00, 0x44, 0x89, 0x14, 0x24,
    0x89, 0xee, 0x44, 0x8d, 0x67, 0xff, 0xeb, 0x46, 0x41, 0x39, 0xc4, 0x0f,
    0x8d, 0x7b, 0xb3, 0xff, 0xff, 0x39, 0xf0, 0x0f, 0x8e, 0x73, 0xb3, 0xff,
    0xff, 0x0f, 0xaf, 0xc6, 0x44, 0x01, 0xe0, 0x89, 0xc1, 0xc1, 0xf8, 0x03,
    0x83, 0xc0, 0x01, 0x83, 0xe1, 0x07, 0x48, 0x98, 0x4c, 0x01, 0xd8, 0x44,
    0x0f, 0xb6, 0x10, 0x41, 0x0f, 0xa3, 0xca, 0x44, 0x89, 0xd2, 0x72, 0x09,
    0x45, 0x39, 0xc8, 0x0f, 0x8c, 0xb3, 0x00, 0x00, 0x00, 0x83, 0xee, 0x01,
    0x0f, 0x82, 0xed, 0x00, 0x00, 0x00, 0x41, 0x0f, 0xb6, 0x03, 0x8d, 0x50,
    0xeb, 0x81, 0xfa, 0x9c, 0x00, 0x00, 0x00, 0x0f, 0x87, 0x2b, 0xb3, 0xff,
    0xff, 0x39, 0xf8, 0x0f, 0x8e, 0x23, 0xb3, 0xff, 0xff, 0x39, 0xc6, 0x0f,
    0x83, 0x1b, 0xb3, 0xff, 0xff, 0x89, 0xf2, 0x0f, 0xaf, 0xd0, 0x01, 0xfa,
    0x89, 0xd1, 0xc1, 0xfa, 0x03, 0x83, 0xc2, 0x01, 0x83, 0xe1, 0x07, 0x48,
    0x63, 0xd2, 0x4c, 0x01, 0xda, 0x44, 0x0f, 0xb6, 0x32, 0x41, 0x0f, 0xa3,
    0xce, 0x45, 0x89, 0xf2, 0x0f, 0x82, 0x6e, 0xff, 0xff, 0xff, 0x45, 0x39,
    0xc8, 0x0f, 0x8d, 0x65, 0xff, 0xff, 0xff, 0x44, 0x89, 0xe8, 0xd3, 0xe0,
    0x89, 0xc1, 0x44, 0x89, 0xc0, 0xc1, 0xf8, 0x03, 0x48, 0x98, 0x44, 0x0f,
    0xb6, 0x34, 0x03, 0x44, 0x89, 0xc0, 0xf7, 0xd0, 0x83, 0xe0, 0x07, 0x41,
    0x0f, 0xa3, 0xc6, 0x89, 0xc8, 0x41, 0x0f, 0x92, 0xc6, 0xf7, 0xd0, 0x44,
    0x21, 0xd0, 0x41, 0x09, 0xca, 0x45, 0x84, 0xf6, 0x41, 0x0f, 0x45, 0xc2,
    0x41, 0x83, 0xc0, 0x01, 0x88, 0x02, 0x41, 0x0f, 0xb6, 0x03, 0x8d, 0x50,
    0xeb, 0x81, 0xfa, 0x9c, 0x00, 0x00, 0x00, 0x0f, 0x86, 0x17, 0xff, 0xff,
    0xff, 0xe9, 0x96, 0xb2, 0xff, 0xff, 0x66, 0x90, 0x45, 0x89, 0xea, 0x41,
    0xd3, 0xe2, 0x44, 0x89, 0xc1, 0xc1, 0xf9, 0x03, 0x48, 0x63, 0xc9, 0x44,
    0x0f, 0xb6, 0x34, 0x0b, 0x44, 0x89, 0xc1, 0xf7, 0xd1, 0x83, 0xe1, 0x07,
    0x41, 0x0f, 0xa3, 0xce, 0x44, 0x89, 0xd1, 0x41, 0x0f, 0x92, 0xc6, 0xf7,
    0xd1, 0x21, 0xd1, 0x44, 0x09, 0xd2, 0x45, 0x84, 0xf6, 0x0f, 0x44, 0xd1,
    0x41, 0x83, 0xc0, 0x01, 0x88, 0x10, 0x83, 0xee, 0x01, 0x0f, 0x83, 0x13,
    0xff, 0xff, 0xff, 0x83, 0xef, 0x02, 0x44, 0x8b, 0x14, 0x24, 0x85, 0xff,
    0x0f, 0x8f, 0x9e, 0xfe, 0xff, 0xff, 0x4d, 0x89, 0xfe, 0x45, 0x39, 0xc1,
    0x0f, 0x85, 0x17, 0xb2, 0xff, 0xff, 0x48, 0x8b, 0x5c, 0x24, 0x58, 0x48,
    0x89, 0xdf, 0xe8, 0x25, 0xc0, 0xff, 0xff, 0xba, 0x07, 0x00, 0x00, 0x00,
    0xbe, 0x01, 0x00, 0x00, 0x00, 0x49, 0x89, 0xd9, 0x41, 0x89, 0xc0, 0x8d,
    0x78, 0xf9, 0x66, 0x90, 0x41, 0x0f, 0xb6, 0x01, 0x8d, 0x48, 0xeb, 0x81,
    0xf9, 0x9c, 0x00, 0x00, 0x00, 0x0f, 0x87, 0x80, 0xb1, 0xff, 0xff, 0x39,
    0xd0, 0x0f, 0x8e, 0x78, 0xb1, 0xff, 0xff, 0x0f, 0xaf, 0xc2, 0x89, 0xf3,
    0x8d, 0x48, 0x06, 0x89, 0xc8, 0x83, 0xe1, 0x07, 0xc1, 0xf8, 0x03, 0xd3,
    0xe3, 0x83, 0xc0, 0x01, 0x89, 0xd9, 0x48, 0x98, 0xf7, 0xd1, 0x41, 0x20,
    0x0c, 0x01, 0x41, 0x0f, 0xb6, 0x01, 0x8d, 0x48, 0xeb, 0x81, 0xf9, 0x9c,
    0x00, 0x00, 0x00, 0x0f, 0x87, 0x46, 0xb1, 0xff, 0xff, 0x39, 0xd0, 0x0f,
    0x8e, 0x3e, 0xb1, 0xff, 0xff, 0x8d, 0x04, 0x40, 0x89, 0xf3, 0x8d, 0x0c,
    0x42, 0x83, 0xc2, 0x02, 0x89, 0xc8, 0x83, 0xe1, 0x07, 0xc1, 0xf8, 0x03,
    0xd3, 0xe3, 0x83, 0xc0, 0x01, 0x89, 0xd9, 0x48, 0x98, 0xf7, 0xd1, 0x41,
    0x20, 0x0c, 0x01, 0x39, 0xfa, 0x7c, 0x85, 0x45, 0x8d, 0x58, 0xf8, 0x48,
    0x8b, 0x74, 0x24, 0x58, 0x83, 0xca, 0xff, 0xbf, 0x01, 0x00, 0x00, 0x00,
    0x44, 0x89, 0xd8, 0x83, 0xfa, 0xff, 0x75, 0x39, 0x66, 0x66, 0x2e, 0x0f,
    0x1f, 0x84, 0x00, 0x00, 0x00, 0x00, 0x00, 0x90, 0x0f, 0xb6, 0x0e, 0x39,
    0xd1, 0x7e, 0x19, 0x83, 0xfa, 0xff, 0x74, 0x14, 0x39, 0xc8, 0x0f, 0x8c,
    0xc8, 0x04, 0x00, 0x00, 0x66, 0x66, 0x2e, 0x0f, 0x1f, 0x84, 0x00, 0x00,
    0x00, 0x00, 0x00, 0x90, 0x83, 0xc2, 0x01, 0x83, 0xfa, 0x08, 0x75, 0xd8,
    0x83, 0xc0, 0x01, 0x31, 0xd2, 0x8d, 0x4a, 0xfd, 0x45, 0x89, 0xda, 0xbd,
    0x01, 0x00, 0x00, 0x00, 0x89, 0xcb, 0xf7, 0xdb, 0x0f, 0x48, 0xd9, 0x41,
    0x83, 0xc9, 0xff, 0x45, 0x8d, 0x61, 0xfd, 0x44, 0x89, 0xe1, 0xf7, 0xd9,
    0x41, 0x0f, 0x48, 0xcc, 0x39, 0xd9, 0x0f, 0x4c, 0xcb, 0x83, 0xe9, 0x02,
    0x83, 0xe1, 0xfd, 0x0f, 0x84, 0xb7, 0x16, 0x00, 0x00, 0x41, 0x83, 0xc1,
    0x01, 0x41, 0x83, 0xc2, 0x01, 0x41, 0x83, 0xf9, 0x08, 0x75, 0xd4, 0x83,
    0xc2, 0x01, 0x83, 0xfa, 0x08, 0x0f, 0x85, 0x95, 0x16, 0x00, 0x00, 0x8b,
    0xbc, 0x24, 0xc0, 0x00, 0x00, 0x00, 0x4c, 0x89, 0xf6, 0x44, 0x89, 0x04,
    0x24, 0xe8, 0x92, 0xb9, 0xff, 0xff, 0x44, 0x8b, 0x04, 0x24, 0x85, 0xc0,
    0x41, 0x89, 0xc4, 0x0f, 0x84, 0x0d, 0x09, 0x00, 0x00, 0x44, 0x8d, 0x68,
    0xff, 0x48, 0x63, 0xd8, 0x4c, 0x89, 0x34, 0x24, 0x48, 0x8b, 0x44, 0x24,
    0x58, 0x45, 0x31, 0xd2, 0xbf, 0x01, 0x00, 0x00, 0x00, 0xe9, 0xb1, 0x02,
    0x00, 0x00, 0x66, 0x0f, 0x1f, 0x44, 0x00, 0x00, 0x45, 0x39, 0xd5, 0x0f,
    0x84, 0x92, 0x02, 0x00, 0x00, 0x0f, 0xb6, 0x08, 0x43, 0x0f, 0xb6, 0x14,
    0x16, 0x45, 0x0f, 0xb6, 0x0e, 0x8d, 0x69, 0xeb, 0x8d, 0x72, 0xff, 0x45,
    0x8d, 0x59, 0xff, 0x81, 0xfd, 0x9c, 0x00, 0x00, 0x00, 0x0f, 0x87, 0x08,
    0xb0, 0xff, 0xff, 0x41, 0x83, 0xfb, 0xff, 0x0f, 0x84, 0xfe, 0xaf, 0xff,
    0xff, 0x41, 0x39, 0xcb, 0x0f, 0x8d, 0xf5, 0xaf, 0xff, 0xff, 0x83, 0xfe,
    0xff, 0x0f, 0x84, 0xec, 0xaf, 0xff, 0xff, 0x39, 0xce, 0x0f, 0x8d, 0xe4,
    0xaf, 0xff, 0xff, 0x0f, 0xaf, 0xce, 0x41, 0x89, 0xff, 0x44, 0x01, 0xd9,
    0x89, 0xcd, 0x83, 0xe1, 0x07, 0xc1, 0xfd, 0x03, 0x41, 0xd3, 0xe7, 0x83,
    0xc5, 0x01, 0x44, 0x89, 0xf9, 0x48, 0x63, 0xed, 0xf7, 0xd1, 0x20, 0x0c,
    0x28, 0x0f, 0xb6, 0x08, 0x8d, 0x69, 0xeb, 0x81, 0xfd, 0x9c, 0x00, 0x00,
    0x00, 0x0f, 0x87, 0xb0, 0xaf, 0xff, 0xff, 0x41, 0x39, 0xc9, 0x0f, 0x8d,
    0xa7, 0xaf, 0xff, 0xff, 0x39, 0xce, 0x0f, 0x8d, 0x9f, 0xaf, 0xff, 0xff,
    0x0f, 0xaf, 0xce, 0x41, 0x89, 0xff, 0x44, 0x01, 0xc9, 0x89, 0xcd, 0x83,
    0xe1, 0x07, 0xc1, 0xfd, 0x03, 0x41, 0xd3, 0xe7, 0x83, 0xc5, 0x01, 0x44,
    0x89, 0xf9, 0x48, 0x63, 0xed, 0xf7, 0xd1, 0x20, 0x0c, 0x28, 0x0f, 0xb6,
    0x08, 0x41, 0x8d, 0x69, 0x01, 0x44, 0x8d, 0x79, 0xeb, 0x41, 0x81, 0xff,
    0x9c, 0x00, 0x00, 0x00, 0x0f, 0x87, 0x65, 0xaf, 0xff, 0xff, 0x39, 0xcd,
    0x0f, 0x8d, 0x5d, 0xaf, 0xff, 0xff, 0x39, 0xce, 0x0f, 0x8d, 0x55, 0xaf,
    0xff, 0xff, 0x0f, 0xaf, 0xf1, 0x41, 0x89, 0xff, 0x8d, 0x0c, 0x2e, 0x89,
    0xce, 0x83, 0xe1, 0x07, 0xc1, 0xfe, 0x03, 0x41, 0xd3, 0xe7, 0x83, 0xc6,
    0x01, 0x44, 0x89, 0xf9, 0x48, 0x63, 0xf6, 0xf7, 0xd1, 0x20, 0x0c, 0x30,
    0x0f, 0xb6, 0x08, 0x8d, 0x71, 0xeb, 0x81, 0xfe, 0x9c, 0x00, 0x00, 0x00,
    0x0f, 0x87, 0x21, 0xaf, 0xff, 0xff, 0x44, 0x39, 0xda, 0x44, 0x89, 0xde,
    0x0f, 0x4d, 0xf2, 0x39, 0xce, 0x0f, 0x8d, 0x10, 0xaf, 0xff, 0xff, 0x0f,
    0xaf, 0xca, 0x41, 0x89, 0xff, 0x44, 0x01, 0xd9, 0x89, 0xce, 0x83, 0xe1,
    0x07, 0xc1, 0xfe, 0x03, 0x41, 0xd3, 0xe7, 0x83, 0xc6, 0x01, 0x44, 0x89,
    0xf9, 0x48, 0x63, 0xf6, 0xf7, 0xd1, 0x20, 0x0c, 0x30, 0x0f, 0xb6, 0x08,
    0x8d, 0x71, 0xeb, 0x81, 0xfe, 0x9c, 0x00, 0x00, 0x00, 0x41, 0x0f, 0x96,
    0xc7, 0x41, 0x39, 0xc9, 0x40, 0x0f, 0x9c, 0xc6, 0x41, 0x84, 0xf7, 0x0f,
    0x84, 0xce, 0xae, 0xff, 0xff, 0x39, 0xca, 0x0f, 0x8d, 0xc6, 0xae, 0xff,
    0xff, 0x0f, 0xaf, 0xca, 0x41, 0x89, 0xff, 0x44, 0x01, 0xc9, 0x89, 0xce,
    0x83, 0xe1, 0x07, 0xc1, 0xfe, 0x03, 0x41, 0xd3, 0xe7, 0x83, 0xc6, 0x01,
    0x48, 0x63, 0xf6, 0x44, 0x08, 0x3c, 0x30, 0x0f, 0xb6, 0x08, 0x8d, 0x71,
    0xeb, 0x81, 0xfe, 0x9c, 0x00, 0x00, 0x00, 0x0f, 0x87, 0x96, 0xae, 0xff,
    0xff, 0x39, 0xea, 0x89, 0xee, 0x0f, 0x4d, 0xf2, 0x39, 0xf1, 0x0f, 0x8e,
    0x87, 0xae, 0xff, 0xff, 0x0f, 0xaf, 0xca, 0x41, 0x89, 0xff, 0x83, 0xc2,
    0x01, 0x01, 0xe9, 0x89, 0xce, 0x83, 0xe1, 0x07, 0xc1, 0xfe, 0x03, 0x41,
    0xd3, 0xe7, 0x83, 0xc6, 0x01, 0x44, 0x89, 0xf9, 0x48, 0x63, 0xf6, 0xf7,
    0xd1, 0x20, 0x0c, 0x30, 0x0f, 0xb6, 0x08, 0x8d, 0x71, 0xeb, 0x81, 0xfe,
    0x9c, 0x00, 0x00, 0x00, 0x0f, 0x87, 0x51, 0xae, 0xff, 0xff, 0x41, 0x39,
    0xcb, 0x0f, 0x8d, 0x48, 0xae, 0xff, 0xff, 0x39, 0xca, 0x0f, 0x8d, 0x40,
    0xae, 0xff, 0xff, 0x0f, 0xaf, 0xca, 0x44, 0x01, 0xd9, 0x41, 0x89, 0xfb,
    0x89, 0xce, 0x83, 0xe1, 0x07, 0xc1, 0xfe, 0x03, 0x41, 0xd3, 0xe3, 0x83,
    0xc6, 0x01, 0x44, 0x89, 0xd9, 0x48, 0x63, 0xf6, 0xf7, 0xd1, 0x20, 0x0c,
    0x30, 0x0f, 0xb6, 0x08, 0x8d, 0x71, 0xeb, 0x81, 0xfe, 0x9c, 0x00, 0x00,
    0x00, 0x0f, 0x87, 0x0c, 0xae, 0xff, 0xff, 0x41, 0x39, 0xc9, 0x0f, 0x8d,
    0x03, 0xae, 0xff, 0xff, 0x39, 0xca, 0x0f, 0x8d, 0xfb, 0xad, 0xff, 0xff,
    0x0f, 0xaf, 0xca, 0x41, 0x89, 0xfb, 0x44, 0x01, 0xc9, 0x89, 0xce, 0x83,
    0xe1, 0x07, 0xc1, 0xfe, 0x03, 0x41, 0xd3, 0xe3, 0x83, 0xc6, 0x01, 0x44,
    0x89, 0xd9, 0x48, 0x63, 0xf6, 0xf7, 0xd1, 0x20, 0x0c, 0x30, 0x0f, 0xb6,
    0x08, 0x8d, 0x71, 0xeb, 0x81, 0xfe, 0x9c, 0x00, 0x00, 0x00, 0x0f, 0x87,
    0xc7, 0xad, 0xff, 0xff, 0x39, 0xcd, 0x0f, 0x8d, 0xbf, 0xad, 0xff, 0xff,
    0x39, 0xca, 0x0f, 0x8d, 0xb7, 0xad, 0xff, 0xff, 0x0f, 0xaf, 0xd1, 0x89,
    0xfe, 0x8d, 0x0c, 0x2a, 0x89, 0xca, 0x83, 0xe1, 0x07, 0xc1, 0xfa, 0x03,
    0xd3, 0xe6, 0x83, 0xc2, 0x01, 0x89, 0xf1, 0x48, 0x63, 0xd2, 0xf7, 0xd1,
    0x20, 0x0c, 0x10, 0x49, 0x8d, 0x52, 0x01, 0x48, 0x39, 0xda, 0x0f, 0x84,
    0x18, 0x03, 0x00, 0x00, 0x49, 0x89, 0xd2, 0x4d, 0x85, 0xd2, 0x0f, 0x85,
    0x4c, 0xfd, 0xff, 0xff, 0xba, 0x01, 0x00, 0x00, 0x00, 0xeb, 0xed, 0xbf,
    0x05, 0x00, 0x00, 0x00, 0x89, 0x2c, 0x24, 0x31, 0xf6, 0x44, 0x8d, 0x67,
    0xff, 0xeb, 0x4b, 0x0f, 0x1f, 0x44, 0x00, 0x00, 0x44, 0x39, 0xe0, 0x0f,
    0x8e, 0xdb, 0xad, 0xff, 0xff, 0x39, 0xf0, 0x0f, 0x8e, 0xd3, 0xad, 0xff,
    0xff, 0x0f, 0xaf, 0xc6, 0x44, 0x01, 0xe0, 0x89, 0xc1, 0xc1, 0xf8, 0x03,
    0x83, 0xc0, 0x01, 0x83, 0xe1, 0x07, 0x48, 0x98, 0x4c, 0x01, 0xd8, 0x0f,
    0xb6, 0x28, 0x0f, 0xa3, 0xcd, 0x89, 0xea, 0x72, 0x09, 0x45, 0x39, 0xc1,
    0x0f, 0x8f, 0xb6, 0x00, 0x00, 0x00, 0x83, 0xc6, 0x01, 0x41, 0x39, 0xf2,
    0x0f, 0x84, 0xf3, 0x00, 0x00, 0x00, 0x41, 0x0f, 0xb6, 0x03, 0x8d, 0x50,
    0xeb, 0x81, 0xfa, 0x9c, 0x00, 0x00, 0x00, 0x0f, 0x87, 0x8b, 0xad, 0xff,
    0xff, 0x39, 0xc7, 0x0f, 0x8d, 0x83, 0xad, 0xff, 0xff, 0x39, 0xc6, 0x0f,
    0x83, 0x7b, 0xad, 0xff, 0xff, 0x89, 0xc2, 0x0f, 0xaf, 0xd6, 0x01, 0xfa,
    0x89, 0xd1, 0xc1, 0xfa, 0x03, 0x83, 0xc2, 0x01, 0x83, 0xe1, 0x07, 0x48,
    0x63, 0xd2, 0x4c, 0x01, 0xda, 0x44, 0x0f, 0xb6, 0x32, 0x41, 0x0f, 0xa3,
    0xce, 0x44, 0x89, 0xf5, 0x0f, 0x82, 0x6e, 0xff, 0xff, 0xff, 0x45, 0x39,
    0xc1, 0x0f, 0x8e, 0x65, 0xff, 0xff, 0xff, 0x44, 0x89, 0xe8, 0xd3, 0xe0,
    0x44, 0x89, 0xc1, 0xc1, 0xf9, 0x03, 0x48, 0x63, 0xc9, 0x44, 0x0f, 0xb6,
    0x34, 0x0b, 0x44, 0x89, 0xc1, 0xf7, 0xd1, 0x83, 0xe1, 0x07, 0x41, 0x0f,
    0xa3, 0xce, 0x89, 0xe9, 0x41, 0x0f, 0x92, 0xc6, 0x09, 0xc1, 0xf7, 0xd0,
    0x21, 0xe8, 0x45, 0x84, 0xf6, 0x0f, 0x45, 0xc1, 0x41, 0x83, 0xc0, 0x01,
    0x88, 0x02, 0x41, 0x0f, 0xb6, 0x03, 0x8d, 0x50, 0xeb, 0x81, 0xfa, 0x9c,
    0x00, 0x00, 0x00, 0x0f, 0x86, 0x1b, 0xff, 0xff, 0xff, 0xe9, 0xfa, 0xac,
    0xff, 0xff, 0x66, 0x0f, 0x1f, 0x44, 0x00, 0x00, 0x44, 0x89, 0xc5, 0x45,
    0x89, 0xee, 0xc1, 0xfd, 0x03, 0x41, 0xd3, 0xe6, 0x48, 0x63, 0xed, 0x44,
    0x89, 0xf1, 0x44, 0x0f, 0xb6, 0x34, 0x2b, 0x44, 0x89, 0xc5, 0xf7, 0xd5,
    0x83, 0xe5, 0x07, 0x41, 0x0f, 0xa3, 0xee, 0x89, 0xd5, 0x41, 0x0f, 0x92,
    0xc6, 0x09, 0xcd, 0xf7, 0xd1, 0x21, 0xd1, 0x45, 0x84, 0xf6, 0x89, 0xea,
    0x0f, 0x44, 0xd1, 0x83, 0xc6, 0x01, 0x41, 0x83, 0xc0, 0x01, 0x88, 0x10,
    0x41, 0x39, 0xf2, 0x0f, 0x85, 0x0d, 0xff, 0xff, 0xff, 0x83, 0xef, 0x02,
    0x8b, 0x2c, 0x24, 0x85, 0xff, 0x0f, 0x8f, 0xf9, 0xf8, 0xff, 0xff, 0xe9,
    0x56, 0xfa, 0xff, 0xff, 0x44, 0x8d, 0x49, 0xeb, 0x41, 0x81, 0xf9, 0x9c,
    0x00, 0x00, 0x00, 0x0f, 0x87, 0x06, 0xac, 0xff, 0xff, 0x0f, 0xaf, 0xc8,
    0x89, 0xfb, 0x01, 0xd1, 0x41, 0x89, 0xc9, 0x83, 0xe1, 0x07, 0x41, 0xc1,
    0xf9, 0x03, 0xd3, 0xe3, 0x41, 0x83, 0xc1, 0x01, 0x89, 0xd9, 0x4d, 0x63,
    0xc9, 0xf7, 0xd1, 0x42, 0x20, 0x0c, 0x0e, 0xe9, 0x0c, 0xfb, 0xff, 0xff,
    0x0f, 0x1f, 0x40, 0x00, 0x31, 0xc9, 0x31, 0xd2, 0xe9, 0x7c, 0xf3, 0xff,
    0xff, 0x48, 0xc7, 0x45, 0x00, 0x00, 0x00, 0x00, 0x00, 0x48, 0x8b, 0xb4,
    0x24, 0xb8, 0x00, 0x00, 0x00, 0x48, 0x8d, 0x7d, 0x08, 0x48, 0x83, 0xe7,
    0xf8, 0x48, 0xc7, 0x44, 0x35, 0xf8, 0x00, 0x00, 0x00, 0x00, 0x48, 0x89,
    0xee, 0x48, 0x29, 0xfe, 0x44, 0x01, 0xce, 0x83, 0xe6, 0xf8, 0x83, 0xfe,
    0x08, 0x0f, 0x82, 0xca, 0xee, 0xff, 0xff, 0x83, 0xe6, 0xf8, 0x45, 0x31,
    0xc0, 0x45, 0x89, 0xc5, 0x41, 0x83, 0xc0, 0x08, 0x4a, 0xc7, 0x04, 0x2f,
    0x00, 0x00, 0x00, 0x00, 0x41, 0x39, 0xf0, 0x72, 0xec, 0xe9, 0xab, 0xee,
    0xff, 0xff, 0x48, 0x8b, 0xbc, 0x24, 0xa0, 0x00, 0x00, 0x00, 0x48, 0x89,
    0x04, 0x24, 0x48, 0x89, 0xe9, 0x4a, 0x8d, 0x34, 0x18, 0x4c, 0x0f, 0xbe,
    0x84, 0x24, 0xab, 0x00, 0x00, 0x00, 0x48, 0x01, 0xef, 0x66, 0x66, 0x2e,
    0x0f, 0x1f, 0x84, 0x00, 0x00, 0x00, 0x00, 0x00, 0x66, 0x66, 0x2e, 0x0f,
    0x1f, 0x84, 0x00, 0x00, 0x00, 0x00, 0x00, 0x0f, 0x1f, 0x44, 0x00, 0x00,
    0x0f, 0xb6, 0x01, 0x48, 0x83, 0xc1, 0x01, 0x88, 0x06, 0x4c, 0x01, 0xc6,
    0x48, 0x39, 0xf9, 0x75, 0xef, 0x41, 0x83, 0xc2, 0x01, 0x48, 0x8b, 0x04,
    0x24, 0x4c, 0x01, 0xeb, 0x49, 0x83, 0xc3, 0x01, 0x45, 0x39, 0xd4, 0x0f,
    0x85, 0x17, 0xee, 0xff, 0xff, 0xe9, 0x9b, 0xf7, 0xff, 0xff, 0x31, 0xc9,
    0xe9, 0x9c, 0xe5, 0xff, 0xff, 0x4c, 0x63, 0xe9, 0xe9, 0x25, 0xf7, 0xff,
    0xff, 0x31, 0xf6, 0x31, 0xff, 0x89, 0x75, 0x00, 0x48, 0x8b, 0xb4, 0x24,
    0xb8, 0x00, 0x00, 0x00, 0x89, 0x7c, 0x35, 0xfc, 0xe9, 0x1c, 0xee, 0xff,
    0xff, 0x88, 0x47, 0x01, 0xe9, 0xe3, 0xe8, 0xff, 0xff, 0x41, 0xbc, 0x01,
    0x00, 0x00, 0x00, 0x41, 0xbe, 0x01, 0x00, 0x00, 0x00, 0x8b, 0xbc, 0x24,
    0xc0, 0x00, 0x00, 0x00, 0x44, 0x89, 0xe6, 0xe8, 0xf8, 0xb4, 0xff, 0xff,
    0xc1, 0xe0, 0x03, 0x44, 0x39, 0xe8, 0x45, 0x0f, 0x4d, 0xf4, 0x41, 0x83,
    0xc4, 0x01, 0x41, 0x83, 0xfc, 0x04, 0x75, 0xdd, 0x44, 0x89, 0xb4, 0x24,
    0x9c, 0x00, 0x00, 0x00, 0xe9, 0x74, 0xe5, 0xff, 0xff, 0x31, 0xd2, 0xe9,
    0x22, 0xe9, 0xff, 0xff, 0x48, 0x8b, 0x74, 0x24, 0x58, 0x88, 0x46, 0x02,
    0xe9, 0x93, 0xe8, 0xff, 0xff, 0x88, 0x47, 0x02, 0xe9, 0x8b, 0xe8, 0xff,
    0xff, 0x48, 0x8b, 0xb4, 0x24, 0xb8, 0x00, 0x00, 0x00, 0x66, 0xc7, 0x44,
    0x35, 0xfe, 0x00, 0x00, 0xe9, 0xa8, 0xed, 0xff, 0xff, 0x0f, 0x1f, 0x80,
    0x00, 0x00, 0x00, 0x00, 0x48, 0x8b, 0x04, 0x24, 0x31, 0xed, 0x44, 0x89,
    0xe7, 0x44, 0x89, 0x44, 0x24, 0x18, 0x83, 0xc5, 0x01, 0x48, 0x8b, 0x54,
    0x24, 0x58, 0xbe, 0x01, 0x00, 0x00, 0x00, 0x45, 0x89, 0xef, 0x48, 0x83,
    0xc0, 0x01, 0x39, 0xef, 0x0f, 0x84, 0xfb, 0x02, 0x00, 0x00, 0x44, 0x0f,
    0xb6, 0x20, 0x44, 0x39, 0xfd, 0x48, 0x89, 0x04, 0x24, 0x41, 0x0f, 0x94,
    0xc5, 0x89, 0x6c, 0x24, 0x0c, 0x45, 0x31, 0xc9, 0x89, 0x7c, 0x24, 0x10,
    0x45, 0x8d, 0x5c, 0x24, 0xff, 0x41, 0x8d, 0x5c, 0x24, 0x01, 0xeb, 0x0d,
    0xb8, 0x01, 0x00, 0x00, 0x00, 0x45, 0x84, 0xed, 0x74, 0x08, 0x49, 0x89,
    0xc1, 0x4d, 0x85, 0xc9, 0x74, 0xee, 0x0f, 0xb6, 0x0a, 0x43, 0x0f, 0xb6,
    0x04, 0x0e, 0x8d, 0x69, 0xeb, 0x44, 0x8d, 0x40, 0xff, 0x81, 0xfd, 0x9c,
    0x00, 0x00, 0x00, 0x0f, 0x87, 0xf6, 0xa9, 0xff, 0xff, 0x41, 0x39, 0xcb,
    0x0f, 0x8d, 0xed, 0xa9, 0xff, 0xff, 0x41, 0x83, 0xfb, 0xff, 0x0f, 0x84,
    0xe3, 0xa9, 0xff, 0xff, 0x41, 0x83, 0xf8, 0xff, 0x0f, 0x84, 0xd9, 0xa9,
    0xff, 0xff, 0x41, 0x39, 0xc8, 0x0f, 0x8d, 0xd0, 0xa9, 0xff, 0xff, 0x41,
    0x0f, 0xaf, 0xc8, 0x89, 0xf7, 0x44, 0x01, 0xd9, 0x89, 0xcd, 0x83, 0xe1,
    0x07, 0xc1, 0xfd, 0x03, 0xd3, 0xe7, 0x83, 0xc5, 0x01, 0x89, 0xf9, 0x48,
    0x63, 0xed, 0xf7, 0xd1, 0x20, 0x0c, 0x2a, 0x0f, 0xb6, 0x0a, 0x8d, 0x69,
    0xeb, 0x81, 0xfd, 0x9c, 0x00, 0x00, 0x00, 0x0f, 0x87, 0x9e, 0xa9, 0xff,
    0xff, 0x41, 0x39, 0xcc, 0x0f, 0x8d, 0x95, 0xa9, 0xff, 0xff, 0x41, 0x39,
    0xc8, 0x0f, 0x8d, 0x8c, 0xa9, 0xff, 0xff, 0x41, 0x0f, 0xaf, 0xc8, 0x89,
    0xf7, 0x44, 0x01, 0xe1, 0x89, 0xcd, 0x83, 0xe1, 0x07, 0xc1, 0xfd, 0x03,
    0xd3, 0xe7, 0x83, 0xc5, 0x01, 0x89, 0xf9, 0x48, 0x63, 0xed, 0xf7, 0xd1,
    0x20, 0x0c, 0x2a, 0x0f, 0xb6, 0x0a, 0x8d, 0x69, 0xeb, 0x81, 0xfd, 0x9c,
    0x00, 0x00, 0x00, 0x0f, 0x87, 0x5a, 0xa9, 0xff, 0xff, 0x39, 0xd9, 0x0f,
    0x8e, 0x52, 0xa9, 0xff, 0xff, 0x41, 0x39, 0xc8, 0x0f, 0x8d, 0x49, 0xa9,
    0xff, 0xff, 0x44, 0x0f, 0xaf, 0xc1, 0x89, 0xf7, 0x41, 0x8d, 0x0c, 0x18,
    0x89, 0xcd, 0x83, 0xe1, 0x07, 0xc1, 0xfd, 0x03, 0xd3, 0xe7, 0x83, 0xc5,
    0x01, 0x89, 0xf9, 0x48, 0x63, 0xed, 0xf7, 0xd1, 0x20, 0x0c, 0x2a, 0x0f,
    0xb6, 0x0a, 0x44, 0x8d, 0x41, 0xeb, 0x41, 0x81, 0xf8, 0x9c, 0x00, 0x00,
    0x00, 0x0f, 0x87, 0x14, 0xa9, 0xff, 0xff, 0x44, 0x39, 0xd8, 0x45, 0x89,
    0xd8, 0x44, 0x0f, 0x4d, 0xc0, 0x41, 0x39, 0xc8, 0x0f, 0x8d, 0x01, 0xa9,
    0xff, 0xff, 0x0f, 0xaf, 0xc8, 0x89, 0xf7, 0x44, 0x01, 0xd9, 0x41, 0x89,
    0xc8, 0x83, 0xe1, 0x07, 0x41, 0xc1, 0xf8, 0x03, 0xd3, 0xe7, 0x41, 0x83,
    0xc0, 0x01, 0x89, 0xf9, 0x4d, 0x63, 0xc0, 0xf7, 0xd1, 0x42, 0x20, 0x0c,
    0x02, 0x0f, 0xb6, 0x0a, 0x44, 0x8d, 0x41, 0xeb, 0x41, 0x81, 0xf8, 0x9c,
    0x00, 0x00, 0x00, 0x40, 0x0f, 0x96, 0xc5, 0x41, 0x39, 0xcc, 0x41, 0x0f,
    0x9c, 0xc0, 0x44, 0x84, 0xc5, 0x0f, 0x84, 0xbc, 0xa8, 0xff, 0xff, 0x39,
    0xc8, 0x0f, 0x8d, 0xb4, 0xa8, 0xff, 0xff, 0x0f, 0xaf, 0xc8, 0x89, 0xf7,
    0x44, 0x01, 0xe1, 0x41, 0x89, 0xc8, 0x83, 0xe1, 0x07, 0x41, 0xc1, 0xf8,
    0x03, 0xd3, 0xe7, 0x41, 0x83, 0xc0, 0x01, 0x4d, 0x63, 0xc0, 0x42, 0x08,
    0x3c, 0x02, 0x0f, 0xb6, 0x0a, 0x44, 0x8d, 0x41, 0xeb, 0x41, 0x81, 0xf8,
    0x9c, 0x00, 0x00, 0x00, 0x0f, 0x87, 0x81, 0xa8, 0xff, 0xff, 0x39, 0xd8,
    0x41, 0x89, 0xd8, 0x44, 0x0f, 0x4d, 0xc0, 0x41, 0x39, 0xc8, 0x0f, 0x8d,
    0x6f, 0xa8, 0xff, 0xff, 0x0f, 0xaf, 0xc8, 0x89, 0xf7, 0x83, 0xc0, 0x01,
    0x01, 0xd9, 0x41, 0x89, 0xc8, 0x83, 0xe1, 0x07, 0x41, 0xc1, 0xf8, 0x03,
    0xd3, 0xe7, 0x41, 0x83, 0xc0, 0x01, 0x89, 0xf9, 0x4d, 0x63, 0xc0, 0xf7,
    0xd1, 0x42, 0x20, 0x0c, 0x02, 0x0f, 0xb6, 0x0a, 0x44, 0x8d, 0x41, 0xeb,
    0x41, 0x81, 0xf8, 0x9c, 0x00, 0x00, 0x00, 0x0f, 0x87, 0x36, 0xa8, 0xff,
    0xff, 0x41, 0x39, 0xcb, 0x0f, 0x8d, 0x2d, 0xa8, 0xff, 0xff, 0x39, 0xc1,
    0x0f, 0x8e, 0x25, 0xa8, 0xff, 0xff, 0x0f, 0xaf, 0xc8, 0x89, 0xf7, 0x44,
    0x01, 0xd9, 0x41, 0x89, 0xc8, 0x83, 0xe1, 0x07, 0x41, 0xc1, 0xf8, 0x03,
    0xd3, 0xe7, 0x41, 0x83, 0xc0, 0x01, 0x89, 0xf9, 0x4d, 0x63, 0xc0, 0xf7,
    0xd1, 0x42, 0x20, 0x0c, 0x02, 0x0f, 0xb6, 0x0a, 0x44, 0x8d, 0x41, 0xeb,
    0x41, 0x81, 0xf8, 0x9c, 0x00, 0x00, 0x00, 0x0f, 0x87, 0xee, 0xa7, 0xff,
    0xff, 0x41, 0x39, 0xcc, 0x0f, 0x8d, 0xe5, 0xa7, 0xff, 0xff, 0x39, 0xc1,
    0x0f, 0x8e, 0xdd, 0xa7, 0xff, 0xff, 0x0f, 0xaf, 0xc8, 0x89, 0xf7, 0x44,
    0x01, 0xe1, 0x41, 0x89, 0xc8, 0x83, 0xe1, 0x07, 0x41, 0xc1, 0xf8, 0x03,
    0xd3, 0xe7, 0x41, 0x83, 0xc0, 0x01, 0x89, 0xf9, 0x4d, 0x63, 0xc0, 0xf7,
    0xd1, 0x42, 0x20, 0x0c, 0x02, 0x0f, 0xb6, 0x0a, 0x44, 0x8d, 0x41, 0xeb,
    0x41, 0x81, 0xf8, 0x9c, 0x00, 0x00, 0x00, 0x0f, 0x87, 0xa6, 0xa7, 0xff,
    0xff, 0x39, 0xd9, 0x0f, 0x8e, 0x9e, 0xa7, 0xff, 0xff, 0x39, 0xc1, 0x0f,
    0x8e, 0x96, 0xa7, 0xff, 0xff, 0x0f, 0xaf, 0xc8, 0x41, 0x89, 0xf0, 0x01,
    0xd9, 0x89, 0xc8, 0x83, 0xe1, 0x07, 0xc1, 0xf8, 0x03, 0x41, 0xd3, 0xe0,
    0x83, 0xc0, 0x01, 0x44, 0x89, 0xc1, 0x48, 0x98, 0xf7, 0xd1, 0x20, 0x0c,
    0x02, 0x49, 0x8d, 0x41, 0x01, 0x4d, 0x39, 0xca, 0x0f, 0x85, 0x50, 0xfd,
    0xff, 0xff, 0x8b, 0x6c, 0x24, 0x0c, 0x48, 0x8b, 0x04, 0x24, 0x8b, 0x7c,
    0x24, 0x10, 0x83, 0xc5, 0x01, 0x48, 0x83, 0xc0, 0x01, 0x39, 0xef, 0x0f,
    0x85, 0x05, 0xfd, 0xff, 0xff, 0x44, 0x8b, 0x44, 0x24, 0x18, 0x83, 0xbc,
    0x24, 0xc0, 0x00, 0x00, 0x00, 0x06, 0x0f, 0x8e, 0x62, 0x02, 0x00, 0x00,
    0x8b, 0x9c, 0x24, 0xc0, 0x00, 0x00, 0x00, 0x48, 0x8b, 0xbc, 0x24, 0xc8,
    0x00, 0x00, 0x00, 0x45, 0x8d, 0x50, 0xf5, 0x45, 0x8d, 0x48, 0xf6, 0x45,
    0x8d, 0x58, 0xf7, 0x4c, 0x8b, 0x44, 0x24, 0x58, 0xbe, 0x01, 0x00, 0x00,
    0x00, 0x89, 0xd8, 0xc1, 0xe3, 0x09, 0xc1, 0xe0, 0x08, 0x48, 0xc1, 0xe7,
    0x0c, 0xc1, 0xf8, 0x0b, 0xf7, 0xd8, 0x25, 0x25, 0x1f, 0x00, 0x00, 0x31,
    0xd8, 0x8d, 0x14, 0x00, 0xc1, 0xf8, 0x0b, 0x69, 0xc0, 0x25, 0x1f, 0x00,
    0x00, 0x31, 0xc2, 0x8d, 0x04, 0x12, 0xc1, 0xfa, 0x0b, 0x69, 0xd2, 0x25,
    0x1f, 0x00, 0x00, 0x31, 0xd0, 0x8d, 0x14, 0x00, 0xc1, 0xf8, 0x0b, 0x69,
    0xc0, 0x25, 0x1f, 0x00, 0x00, 0x31, 0xd0, 0x31, 0xd2, 0x48, 0x98, 0x48,
    0x09, 0xc7, 0x41, 0x0f, 0xb6, 0x00, 0x89, 0xfb, 0x83, 0xe3, 0x01, 0x8d,
    0x48, 0xeb, 0x81, 0xf9, 0x9c, 0x00, 0x00, 0x00, 0x0f, 0x87, 0xb5, 0xa6,
    0xff, 0xff, 0x44, 0x39, 0xd0, 0x0f, 0x8e, 0xac, 0xa6, 0xff, 0xff, 0x0f,
    0xaf, 0xc2, 0x41, 0x89, 0xf6, 0x42, 0x8d, 0x0c, 0x10, 0x89, 0xc8, 0x83,
    0xe1, 0x07, 0xc1, 0xf8, 0x03, 0x41, 0xd3, 0xe6, 0x83, 0xc0, 0x01, 0x44,
    0x89, 0xf5, 0x44, 0x89, 0xf1, 0x48, 0x98, 0xf7, 0xd5, 0x4c, 0x01, 0xc0,
    0x40, 0x22, 0x28, 0x0a, 0x08, 0x84, 0xdb, 0x0f, 0x44, 0xcd, 0x88, 0x08,
    0x41, 0x0f, 0xb6, 0x00, 0x8d, 0x48, 0xeb, 0x81, 0xf9, 0x9c, 0x00, 0x00,
    0x00, 0x0f, 0x87, 0x68, 0xa6, 0xff, 0xff, 0x44, 0x39, 0xd0, 0x0f, 0x8e,
    0x5f, 0xa6, 0xff, 0xff, 0x41, 0x0f, 0xaf, 0xc2, 0x41, 0x89, 0xf6, 0x01,
    0xd0, 0x89, 0xc1, 0xc1, 0xf8, 0x03, 0x83, 0xe1, 0x07, 0x83, 0xc0, 0x01,
    0x41, 0xd3, 0xe6, 0x48, 0x98, 0x4c, 0x01, 0xc0, 0x44, 0x89, 0xf5, 0x44,
    0x89, 0xf1, 0xf7, 0xd5, 0x0a, 0x08, 0x40, 0x22, 0x28, 0x84, 0xdb, 0x0f,
    0x44, 0xcd, 0x48, 0x89, 0xfb, 0x48, 0xd1, 0xfb, 0x88, 0x08, 0x41, 0x0f,
    0xb6, 0x00, 0x83, 0xe3, 0x01, 0x8d, 0x48, 0xeb, 0x81, 0xf9, 0x9c, 0x00,
    0x00, 0x00, 0x0f, 0x87, 0x13, 0xa6, 0xff, 0xff, 0x44, 0x39, 0xc8, 0x0f,
    0x8e, 0x0a, 0xa6, 0xff, 0xff, 0x0f, 0xaf, 0xc2, 0x41, 0x89, 0xf6, 0x44,
    0x01, 0xc8, 0x89, 0xc1, 0xc1, 0xf8, 0x03, 0x83, 0xe1, 0x07, 0x83, 0xc0,
    0x01, 0x41, 0xd3, 0xe6, 0x48, 0x98, 0x4c, 0x01, 0xc0, 0x44, 0x89, 0xf5,
    0x44, 0x89, 0xf1, 0xf7, 0xd5, 0x0a, 0x08, 0x40, 0x22, 0x28, 0x84, 0xdb,
    0x0f, 0x44, 0xcd, 0x88, 0x08, 0x41, 0x0f, 0xb6, 0x00, 0x8d, 0x48, 0xeb,
    0x81, 0xf9, 0x9c, 0x00, 0x00, 0x00, 0x0f, 0x87, 0xc7, 0xa5, 0xff, 0xff,
    0x41, 0x39, 0xc1, 0x0f, 0x8d, 0xbe, 0xa5, 0xff, 0xff, 0x41, 0x0f, 0xaf,
    0xc1, 0x41, 0x89, 0xf6, 0x8d, 0x0c, 0x10, 0x89, 0xc8, 0x83, 0xe1, 0x07,
    0xc1, 0xf8, 0x03, 0x41, 0xd3, 0xe6, 0x83, 0xc0, 0x01, 0x44, 0x89, 0xf5,
    0x44, 0x89, 0xf1, 0x48, 0x98, 0xf7, 0xd5, 0x4c, 0x01, 0xc0, 0x40, 0x22,
    0x28, 0x0a, 0x08, 0x84, 0xdb, 0x48, 0x89, 0xfb, 0x0f, 0x44, 0xcd, 0x48,
    0xc1, 0xfb, 0x02, 0x83, 0xe3, 0x01, 0x88, 0x08, 0x41, 0x0f, 0xb6, 0x00,
    0x8d, 0x48, 0xeb, 0x81, 0xf9, 0x9c, 0x00, 0x00, 0x00, 0x0f, 0x87, 0x70,
    0xa5, 0xff, 0xff, 0x41, 0x39, 0xc3, 0x0f, 0x8d, 0x67, 0xa5, 0xff, 0xff,
    0x0f, 0xaf, 0xc2, 0x41, 0x89, 0xf6, 0x42, 0x8d, 0x0c, 0x18, 0x89, 0xc8,
    0x83, 0xe1, 0x07, 0xc1, 0xf8, 0x03, 0x41, 0xd3, 0xe6, 0x83, 0xc0, 0x01,
    0x44, 0x89, 0xf5, 0x44, 0x89, 0xf1, 0x48, 0x98, 0xf7, 0xd5, 0x4c, 0x01,
    0xc0, 0x40, 0x22, 0x28, 0x0a, 0x08, 0x84, 0xdb, 0x0f, 0x44, 0xcd, 0x88,
    0x08, 0x41, 0x0f, 0xb6, 0x00, 0x8d, 0x48, 0xeb, 0x81, 0xf9, 0x9c, 0x00,
    0x00, 0x00, 0x0f, 0x87, 0x23, 0xa5, 0xff, 0xff, 0x41, 0x39, 0xc3, 0x0f,
    0x8d, 0x1a, 0xa5, 0xff, 0xff, 0x41, 0x0f, 0xaf, 0xc3, 0x41, 0x89, 0xf6,
    0x8d, 0x0c, 0x10, 0x89, 0xc8, 0x83, 0xe1, 0x07, 0xc1, 0xf8, 0x03, 0x41,
    0xd3, 0xe6, 0x83, 0xc0, 0x01, 0x44, 0x89, 0xf1, 0x48, 0x98, 0x4c, 0x01,
    0xc0, 0x0f, 0xb6, 0x28, 0x84, 0xdb, 0x0f, 0x85, 0xf1, 0x0a, 0x00, 0x00,
    0xf7, 0xd1, 0x83, 0xc2, 0x01, 0x48, 0xc1, 0xff, 0x03, 0x21, 0xe9, 0x88,
    0x08, 0x83, 0xfa, 0x06, 0x0f, 0x85, 0x0c, 0xfe, 0xff, 0xff, 0x48, 0x8b,
    0x74, 0x24, 0x60, 0x31, 0xdb, 0x8b, 0xbc, 0x24, 0xc0, 0x00, 0x00, 0x00,
    0x49, 0xbc, 0xff, 0xff, 0xff, 0xff, 0xff, 0xff, 0xff, 0x7f, 0x89, 0xdd,
    0xe8, 0x77, 0xc6, 0xff, 0xff, 0x48, 0x8d, 0x84, 0x24, 0x00, 0x01, 0x00,
    0x00, 0x48, 0x8b, 0x5c, 0x24, 0x58, 0xc7, 0x44, 0x24, 0x74, 0xff, 0xff,
    0xff, 0xff, 0x48, 0x89, 0x44, 0x24, 0x18, 0x66, 0x66, 0x2e, 0x0f, 0x1f,
    0x84, 0x00, 0x00, 0x00, 0x00, 0x00, 0x66, 0x90, 0x48, 0x8b, 0x7c, 0x24,
    0x60, 0x89, 0xea, 0x48, 0x89, 0xde, 0xe8, 0xc1, 0xbc, 0xff, 0xff, 0x8b,
    0xbc, 0x24, 0x9c, 0x00, 0x00, 0x00, 0x48, 0x89, 0xda, 0x89, 0xee, 0xe8,
    0x10, 0xb3, 0xff, 0xff, 0x0f, 0xb6, 0x03, 0x89, 0x44, 0x24, 0x0c, 0x83,
    0xe8, 0x15, 0x3d, 0x9c, 0x00, 0x00, 0x00, 0x0f, 0x87, 0x35, 0xa4, 0xff,
    0xff, 0x44, 0x8b, 0x5c, 0x24, 0x0c, 0x31, 0xf6, 0x89, 0x6c, 0x24, 0x40,
    0x45, 0x31, 0xed, 0x4c, 0x89, 0x64, 0x24, 0x50, 0x43, 0x8d, 0x04, 0x5b,
    0x48, 0x89, 0x74, 0x24, 0x10, 0x89, 0x44, 0x24, 0x4c, 0x48, 0x89, 0x1c,
    0x24, 0x44, 0x89, 0xdb, 0x0f, 0x1f, 0x40, 0x00, 0x8b, 0x44, 0x24, 0x0c,
    0x66, 0x0f, 0xef, 0xdb, 0x89, 0xdd, 0x45, 0x31, 0xc9, 0x0f, 0x29, 0x9c,
    0x24, 0x00, 0x01, 0x00, 0x00, 0x41, 0x89, 0xdb, 0x45, 0x31, 0xd2, 0x31,
    0xc9, 0x44, 0x89, 0x6c, 0x24, 0x48, 0x29, 0xc5, 0x45, 0x31, 0xc0, 0x45,
    0x31, 0xf6, 0x0f, 0x11, 0x9c, 0x24, 0x0c, 0x01, 0x00, 0x00, 0x45, 0x31,
    0xe4, 0x45, 0x31, 0xff, 0x44, 0x89, 0xcb, 0xeb, 0x28, 0x0f, 0x1f, 0x00,
    0x41, 0x83, 0xc4, 0x01, 0x41, 0x83, 0xfc, 0x05, 0x0f, 0x84, 0xf2, 0x06,
    0x00, 0x00, 0x0f, 0x9f, 0xc0, 0x0f, 0xb6, 0xc0, 0x48, 0x01, 0x44, 0x24,
    0x10, 0x83, 0xc5, 0x01, 0x44, 0x39, 0xdd, 0x0f, 0x84, 0xcb, 0x00, 0x00,
    0x00, 0x89, 0xe8, 0x48, 0x8b, 0x34, 0x24, 0xc1, 0xf8, 0x03, 0x83, 0xc0,
    0x01, 0x48, 0x98, 0x0f, 0xb6, 0x14, 0x06, 0x89, 0xe8, 0x83, 0xe0, 0x07,
    0x0f, 0xa3, 0xc2, 0x41, 0x0f, 0x92, 0xc5, 0x45, 0x38, 0xfd, 0x74, 0xb8,
    0x45, 0x85, 0xf6, 0x0f, 0x85, 0xbf, 0x05, 0x00, 0x00, 0x8b, 0x44, 0x24,
    0x0c, 0x48, 0x8b, 0x74, 0x24, 0x18, 0xba, 0x18, 0x00, 0x00, 0x00, 0x48,
    0x8d, 0xbc, 0x24, 0x04, 0x01, 0x00, 0x00, 0x44, 0x89, 0x5c, 0x24, 0x30,
    0x89, 0x8c, 0x24, 0x08, 0x01, 0x00, 0x00, 0x46, 0x8d, 0x34, 0x20, 0x89,
    0x4c, 0x24, 0x28, 0x45, 0x89, 0xf4, 0x44, 0x89, 0x84, 0x24, 0x0c, 0x01,
    0x00, 0x00, 0x44, 0x89, 0x44, 0x24, 0x20, 0xc7, 0x84, 0x24, 0x00, 0x01,
    0x00, 0x00, 0x00, 0x00, 0x00, 0x00, 0x89, 0x9c, 0x24, 0x10, 0x01, 0x00,
    0x00, 0x44, 0x89, 0x94, 0x24, 0x14, 0x01, 0x00, 0x00, 0xe8, 0x76, 0x9e,
    0xff, 0xff, 0x45, 0x84, 0xff, 0x8b, 0x84, 0x24, 0x08, 0x01, 0x00, 0x00,
    0x44, 0x8b, 0x44, 0x24, 0x20, 0x8b, 0x4c, 0x24, 0x28, 0x44, 0x8b, 0x5c,
    0x24, 0x30, 0x0f, 0x84, 0x18, 0x06, 0x00, 0x00, 0x83, 0xc5, 0x01, 0x41,
    0x89, 0xda, 0x45, 0x89, 0xef, 0x44, 0x89, 0xc3, 0x41, 0xbc, 0x01, 0x00,
    0x00, 0x00, 0x41, 0x89, 0xc8, 0x89, 0xc1, 0x44, 0x39, 0xdd, 0x0f, 0x85,
    0x3d, 0xff, 0xff, 0xff, 0x0f, 0x1f, 0x84, 0x00, 0x00, 0x00, 0x00, 0x00,
    0x41, 0x89, 0xd9, 0x44, 0x8b, 0x6c, 0x24, 0x48, 0x44, 0x89, 0xdb, 0x45,
    0x84, 0xff, 0x0f, 0x85, 0x2c, 0x07, 0x00, 0x00, 0x8b, 0x44, 0x24, 0x0c,
    0x41, 0x8d, 0x2c, 0x04, 0x45, 0x85, 0xf6, 0x0f, 0x84, 0x8c, 0x00, 0x00,
    0x00, 0x66, 0x41, 0x0f, 0x6e, 0xd0, 0x66, 0x0f, 0x6e, 0xc1, 0x66, 0x41,
    0x0f, 0x6e, 0xc9, 0x48, 0x8b, 0x74, 0x24, 0x18, 0x66, 0x0f, 0x62, 0xc2,
    0x66, 0x41, 0x0f, 0x6e, 0xd2, 0x48, 0x8d, 0xbc, 0x24, 0x04, 0x01, 0x00,
    0x00, 0xba, 0x18, 0x00, 0x00, 0x00, 0x66, 0x0f, 0x62, 0xca, 0x44, 0x89,
    0xb4, 0x24, 0x00, 0x01, 0x00, 0x00, 0x66, 0x0f, 0x6c, 0xc1, 0x89, 0x4c,
    0x24, 0x38, 0x44, 0x89, 0x44, 0x24, 0x30, 0x44, 0x89, 0x4c, 0x24, 0x28,
    0x44, 0x89, 0x54, 0x24, 0x20, 0x0f, 0x11, 0x84, 0x24, 0x08, 0x01, 0x00,
    0x00, 0xe8, 0xb2, 0x9d, 0xff, 0xff, 0x8b, 0x84, 0x24, 0x08, 0x01, 0x00,
    0x00, 0x44, 0x39, 0x74, 0x24, 0x4c, 0x0f, 0x8c, 0x2b, 0xa2, 0xff, 0xff,
    0x45, 0x85, 0xf6, 0x7e, 0x1c, 0x44, 0x39, 0xf0, 0x44, 0x8b, 0x54, 0x24,
    0x20, 0x44, 0x8b, 0x4c, 0x24, 0x28, 0x44, 0x8b, 0x44, 0x24, 0x30, 0x8b,
    0x4c, 0x24, 0x38, 0x0f, 0x84, 0xff, 0x07, 0x00, 0x00, 0x8b, 0x44, 0x24,
    0x0c, 0x41, 0x83, 0xc5, 0x01, 0x01, 0xc3, 0x41, 0x39, 0xc5, 0x0f, 0x85,
    0x0c, 0xfe, 0xff, 0xff, 0x48, 0x8b, 0x74, 0x24, 0x10, 0x8b, 0x6c, 0x24,
    0x40, 0x41, 0x89, 0xc5, 0x45, 0x31, 0xf6, 0x4c, 0x8b, 0x64, 0x24, 0x50,
    0x48, 0x8d, 0x84, 0x24, 0xe0, 0x00, 0x00, 0x00, 0x48, 0x89, 0x44, 0x24,
    0x10, 0x89, 0x6c, 0x24, 0x70, 0x4c, 0x89, 0x64, 0x24, 0x68, 0x48, 0x89,
    0x74, 0x24, 0x20, 0x66, 0x66, 0x2e, 0x0f, 0x1f, 0x84, 0x00, 0x00, 0x00,
    0x00, 0x00, 0x66, 0x90, 0x66, 0x0f, 0xef, 0xdb, 0x45, 0x31, 0xff, 0x31,
    0xc0, 0x4c, 0x89, 0x74, 0x24, 0x50, 0x0f, 0x29, 0x9c, 0x24, 0xe0, 0x00,
    0x00, 0x00, 0x44, 0x89, 0xf9, 0x44, 0x89, 0xf3, 0x31, 0xed, 0x45, 0x31,
    0xdb, 0x45, 0x31, 0xd2, 0x45, 0x31, 0xc9, 0x45, 0x31, 0xc0, 0x0f, 0x11,
    0x9c, 0x24, 0xec, 0x00, 0x00, 0x00, 0x45, 0x31, 0xe4, 0x41, 0x89, 0xc7,
    0xeb, 0x2f, 0x66, 0x0f, 0x1f, 0x44, 0x00, 0x00, 0x41, 0x83, 0xc4, 0x01,
    0x41, 0x83, 0xfc, 0x05, 0x0f, 0x84, 0x72, 0x05, 0x00, 0x00, 0x0f, 0x9f,
    0xc0, 0x0f, 0xb6, 0xc0, 0x48, 0x01, 0x44, 0x24, 0x20, 0x48, 0x83, 0xc5,
    0x01, 0x44, 0x01, 0xeb, 0x41, 0x39, 0xed, 0x0f, 0x8e, 0xd7, 0x00, 0x00,
    0x00, 0x89, 0xd8, 0x48, 0x8b, 0x3c, 0x24, 0xc1, 0xf8, 0x03, 0x83, 0xc0,
    0x01, 0x48, 0x98, 0x0f, 0xb6, 0x14, 0x07, 0x89, 0xd8, 0x83, 0xe0, 0x07,
    0x0f, 0xa3, 0xc2, 0x41, 0x0f, 0x92, 0xc6, 0x45, 0x38, 0xfe, 0x74, 0xb4,
    0x85, 0xc9, 0x0f, 0x85, 0x8c, 0x04, 0x00, 0x00, 0x48, 0x8b, 0x74, 0x24,
    0x10, 0x43, 0x8d, 0x4c, 0x25, 0x00, 0x48, 0x8d, 0xbc, 0x24, 0xe4, 0x00,
    0x00, 0x00, 0xba, 0x18, 0x00, 0x00, 0x00, 0x89, 0x4c, 0x24, 0x48, 0x44,
    0x89, 0x84, 0x24, 0xe8, 0x00, 0x00, 0x00, 0x44, 0x89, 0x44, 0x24, 0x38,
    0x44, 0x89, 0x8c, 0x24, 0xec, 0x00, 0x00, 0x00, 0x44, 0x89, 0x4c, 0x24,
    0x30, 0x44, 0x89, 0x94, 0x24, 0xf0, 0x00, 0x00, 0x00, 0x44, 0x89, 0x54,
    0x24, 0x28, 0xc7, 0x84, 0x24, 0xe0, 0x00, 0x00, 0x00, 0x00, 0x00, 0x00,
    0x00, 0x44, 0x89, 0x9c, 0x24, 0xf4, 0x00, 0x00, 0x00, 0xe8, 0x42, 0x9c,
    0xff, 0xff, 0x45, 0x84, 0xff, 0x44, 0x8b, 0x54, 0x24, 0x28, 0x8b, 0x84,
    0x24, 0xe8, 0x00, 0x00, 0x00, 0x44, 0x8b, 0x4c, 0x24, 0x30, 0x44, 0x8b,
    0x44, 0x24, 0x38, 0x8b, 0x4c, 0x24, 0x48, 0x0f, 0x84, 0x1f, 0x05, 0x00,
    0x00, 0x48, 0x83, 0xc5, 0x01, 0x45, 0x89, 0xd3, 0x45, 0x89, 0xf7, 0x45,
    0x89, 0xca, 0x41, 0xbc, 0x01, 0x00, 0x00, 0x00, 0x45, 0x89, 0xc1, 0x44,
    0x01, 0xeb, 0x41, 0x89, 0xc0, 0x41, 0x39, 0xed, 0x0f, 0x8f, 0x33, 0xff,
    0xff, 0xff, 0x66, 0x2e, 0x0f, 0x1f, 0x84, 0x00, 0x00, 0x00, 0x00, 0x00,
    0x44, 0x89, 0xf8, 0x4c, 0x8b, 0x74, 0x24, 0x50, 0x41, 0x89, 0xcf, 0x43,
    0x8d, 0x1c, 0x2c, 0x84, 0xc0, 0x0f, 0x85, 0x71, 0x05, 0x00, 0x00, 0x45,
    0x85, 0xff, 0x0f, 0x84, 0x8f, 0x00, 0x00, 0x00, 0x66, 0x41, 0x0f, 0x6e,
    0xd1, 0x66, 0x41, 0x0f, 0x6e, 0xc0, 0x66, 0x41, 0x0f, 0x6e, 0xca, 0x48,
    0x8b, 0x74, 0x24, 0x10, 0x66, 0x0f, 0x62, 0xc2, 0x66, 0x41, 0x0f, 0x6e,
    0xd3, 0x48, 0x8d, 0xbc, 0x24, 0xe4, 0x00, 0x00, 0x00, 0xba, 0x18, 0x00,
    0x00, 0x00, 0x66, 0x0f, 0x62, 0xca, 0x44, 0x89, 0xbc, 0x24, 0xe0, 0x00,
    0x00, 0x00, 0x66, 0x0f, 0x6c, 0xc1, 0x44, 0x89, 0x44, 0x24, 0x48, 0x44,
    0x89, 0x4c, 0x24, 0x38, 0x44, 0x89, 0x54, 0x24, 0x30, 0x44, 0x89, 0x5c,
    0x24, 0x28, 0x0f, 0x11, 0x84, 0x24, 0xe8, 0x00, 0x00, 0x00, 0xe8, 0x75,
    0x9b, 0xff, 0xff, 0x8b, 0x84, 0x24, 0xe8, 0x00, 0x00, 0x00, 0x44, 0x39,
    0x7c, 0x24, 0x4c, 0x0f, 0x8c, 0xee, 0x9f, 0xff, 0xff, 0x45, 0x85, 0xff,
    0x7e, 0x1d, 0x44, 0x39, 0xf8, 0x44, 0x8b, 0x5c, 0x24, 0x28, 0x44, 0x8b,
    0x54, 0x24, 0x30, 0x44, 0x8b, 0x4c, 0x24, 0x38, 0x44, 0x8b, 0x44, 0x24,
    0x48, 0x0f, 0x84, 0x61, 0x05, 0x00, 0x00, 0x49, 0x83, 0xc6, 0x01, 0x45,
    0x39, 0xf5, 0x0f, 0x8f, 0x04, 0xfe, 0xff, 0xff, 0x8b, 0x7c, 0x24, 0x0c,
    0x8b, 0x6c, 0x24, 0x70, 0x45, 0x31, 0xdb, 0x41, 0xba, 0x01, 0x00, 0x00,
    0x00, 0x4c, 0x8b, 0x64, 0x24, 0x68, 0x48, 0x8b, 0x74, 0x24, 0x20, 0x48,
    0x8b, 0x1c, 0x24, 0x44, 0x8d, 0x6f, 0xff, 0x89, 0xf9, 0x66, 0x66, 0x2e,
    0x0f, 0x1f, 0x84, 0x00, 0x00, 0x00, 0x00, 0x00, 0x0f, 0x1f, 0x40, 0x00,
    0x44, 0x89, 0xd8, 0xc1, 0xf8, 0x03, 0x83, 0xc0, 0x01, 0x48, 0x98, 0x44,
    0x0f, 0xb6, 0x04, 0x03, 0x41, 0x39, 0xfa, 0x0f, 0x8d, 0xa2, 0x9e, 0xff,
    0xff, 0x41, 0x8d, 0x43, 0x01, 0xeb, 0x0c, 0x90, 0x83, 0xc0, 0x01, 0x39,
    0xc8, 0x0f, 0x84, 0xa5, 0x00, 0x00, 0x00, 0x8d, 0x50, 0xff, 0x83, 0xe2,
    0x07, 0x41, 0x0f, 0xa3, 0xd0, 0x41, 0x0f, 0x92, 0xc1, 0x39, 0xc8, 0x0f,
    0x84, 0x13, 0xa0, 0xff, 0xff, 0x89, 0xc2, 0xc1, 0xfa, 0x03, 0x83, 0xc2,
    0x01, 0x48, 0x63, 0xd2, 0x44, 0x0f, 0xb6, 0x04, 0x13, 0x89, 0xc2, 0x83,
    0xe2, 0x07, 0x41, 0x0f, 0xa3, 0xd0, 0x0f, 0x92, 0xc2, 0x44, 0x38, 0xca,
    0x75, 0xbe, 0x45, 0x8d, 0x74, 0x05, 0x00, 0x45, 0x89, 0xf1, 0x41, 0x83,
    0xe6, 0x07, 0x41, 0xc1, 0xf9, 0x03, 0x41, 0x83, 0xc1, 0x01, 0x4d, 0x63,
    0xc9, 0x46, 0x0f, 0xb6, 0x0c, 0x0b, 0x45, 0x0f, 0xa3, 0xf1, 0x41, 0x0f,
    0x92, 0xc1, 0x44, 0x38, 0xca, 0x75, 0x95, 0x44, 0x8d, 0x34, 0x38, 0x45,
    0x89, 0xf1, 0x41, 0x83, 0xe6, 0x07, 0x41, 0xc1, 0xf9, 0x03, 0x41, 0x83,
    0xc1, 0x01, 0x4d, 0x63, 0xc9, 0x46, 0x0f, 0xb6, 0x0c, 0x0b, 0x45, 0x0f,
    0xa3, 0xf1, 0x4c, 0x8d, 0x4e, 0x03, 0x41, 0x0f, 0x92, 0xc6, 0x44, 0x38,
    0xf2, 0x49, 0x0f, 0x44, 0xf1, 0x83, 0xc0, 0x01, 0x39, 0xc8, 0x0f, 0x85,
    0x67, 0xff, 0xff, 0xff, 0x66, 0x66, 0x2e, 0x0f, 0x1f, 0x84, 0x00, 0x00,
    0x00, 0x00, 0x00, 0x90, 0x41, 0x83, 0xc2, 0x01, 0x41, 0x01, 0xfb, 0x01,
    0xf9, 0x44, 0x39, 0xd7, 0x0f, 0x85, 0x1e, 0xff, 0xff, 0xff, 0x44, 0x8b,
    0x6c, 0x24, 0x0c, 0x31, 0xff, 0x45, 0x31, 0xc9, 0x45, 0x31, 0xdb, 0x45,
    0x89, 0xe8, 0x66, 0x66, 0x2e, 0x0f, 0x1f, 0x84, 0x00, 0x00, 0x00, 0x00,
    0x00, 0x0f, 0x1f, 0x00, 0x44, 0x89, 0xda, 0x66, 0x66, 0x2e, 0x0f, 0x1f,
    0x84, 0x00, 0x00, 0x00, 0x00, 0x00, 0x66, 0x90, 0x89, 0xd0, 0x89, 0xd1,
    0x83, 0xc2, 0x01, 0xc1, 0xf8, 0x03, 0x83, 0xe1, 0x07, 0x83, 0xc0, 0x01,
    0x48, 0x98, 0x0f, 0xb6, 0x04, 0x03, 0xd3, 0xf8, 0x83, 0xe0, 0x01, 0x01,
    0xc7, 0x41, 0x39, 0xd0, 0x75, 0xde, 0x41, 0x83, 0xc1, 0x01, 0x45, 0x01,
    0xd3, 0x45, 0x01, 0xd0, 0x45, 0x39, 0xe9, 0x75, 0xbf, 0x45, 0x0f, 0xaf,
    0xc9, 0x48, 0x63, 0xff, 0x48, 0x8d, 0x14, 0xbf, 0x49, 0x63, 0xc9, 0x48,
    0x6b, 0xc1, 0xf6, 0x48, 0x8d, 0x14, 0x90, 0x48, 0x89, 0xd0, 0x48, 0xf7,
    0xd8, 0x48, 0x0f, 0x48, 0xc2, 0x48, 0x8d, 0x44, 0x01, 0xff, 0x48, 0x99,
    0x48, 0xf7, 0xf9, 0x83, 0xe8, 0x01, 0x83, 0xf8, 0x09, 0x0f, 0x87, 0xd6,
    0x9d, 0xff, 0xff, 0x8d, 0x04, 0x80, 0x01, 0xc0, 0x48, 0x98, 0x48, 0x01,
    0xf0, 0x48, 0x3d, 0xb8, 0x32, 0x27, 0x00, 0x0f, 0x87, 0xa1, 0x9d, 0xff,
    0xff, 0x4c, 0x39, 0xe0, 0x7d, 0x07, 0x89, 0x6c, 0x24, 0x74, 0x49, 0x89,
    0xc4, 0x48, 0x8b, 0x7c, 0x24, 0x60, 0x89, 0xea, 0x48, 0x89, 0xde, 0x83,
    0xc5, 0x01, 0xe8, 0x65, 0xb6, 0xff, 0xff, 0x83, 0xfd, 0x08, 0x0f, 0x85,
    0x8c, 0xf9, 0xff, 0xff, 0x83, 0x7c, 0x24, 0x74, 0x07, 0x0f, 0x87, 0x50,
    0x9d, 0xff, 0xff, 0x44, 0x8b, 0x74, 0x24, 0x74, 0x48, 0x8b, 0x5c, 0x24,
    0x58, 0x48, 0x8b, 0x7c, 0x24, 0x60, 0x44, 0x89, 0xf2, 0x48, 0x89, 0xde,
    0xe8, 0x37, 0xb6, 0xff, 0xff, 0x8b, 0xbc, 0x24, 0x9c, 0x00, 0x00, 0x00,
    0x48, 0x89, 0xda, 0x44, 0x89, 0xf6, 0xe8, 0x85, 0xac, 0xff, 0xff, 0xe9,
    0xdf, 0xd9, 0xff, 0xff, 0x48, 0x8b, 0x74, 0x24, 0x18, 0xba, 0x18, 0x00,
    0x00, 0x00, 0x89, 0x4c, 0x24, 0x30, 0x48, 0x8d, 0xbc, 0x24, 0x04, 0x01,
    0x00, 0x00, 0x44, 0x89, 0x5c, 0x24, 0x38, 0x89, 0x8c, 0x24, 0x08, 0x01,
    0x00, 0x00, 0x44, 0x89, 0x84, 0x24, 0x0c, 0x01, 0x00, 0x00, 0x44, 0x89,
    0x44, 0x24, 0x28, 0x44, 0x89, 0x94, 0x24, 0x14, 0x01, 0x00, 0x00, 0x44,
    0x89, 0x54, 0x24, 0x20, 0x44, 0x89, 0xb4, 0x24, 0x00, 0x01, 0x00, 0x00,
    0x89, 0x9c, 0x24, 0x10, 0x01, 0x00, 0x00, 0xe8, 0xc0, 0x98, 0xff, 0xff,
    0x45, 0x84, 0xff, 0x44, 0x8b, 0x54, 0x24, 0x20, 0x8b, 0x84, 0x24, 0x08,
    0x01, 0x00, 0x00, 0x44, 0x8b, 0x44, 0x24, 0x28, 0x8b, 0x4c, 0x24, 0x30,
    0x44, 0x8b, 0x5c, 0x24, 0x38, 0x75, 0x61, 0x8b, 0x74, 0x24, 0x4c, 0x41,
    0x39, 0xf6, 0x0f, 0x8f, 0x1f, 0x9d, 0xff, 0xff, 0x45, 0x85, 0xf6, 0x7e,
    0x4f, 0x41, 0x39, 0xc6, 0x75, 0x4a, 0x8d, 0x14, 0x40, 0x39, 0xd1, 0x75,
    0x43, 0x44, 0x39, 0xc0, 0x75, 0x3e, 0x41, 0x39, 0xd8, 0x75, 0x39, 0x42,
    0x8d, 0x14, 0x85, 0x00, 0x00, 0x00, 0x00, 0x31, 0xf6, 0x44, 0x39, 0xe2,
    0x7f, 0x09, 0x31, 0xf6, 0x45, 0x39, 0xc2, 0x40, 0x0f, 0x9d, 0xc6, 0x41,
    0x39, 0xd2, 0x40, 0x0f, 0x9d, 0xc7, 0x31, 0xd2, 0x45, 0x39, 0xc4, 0x0f,
    0x9d, 0xc2, 0x21, 0xfa, 0x01, 0xf2, 0x6b, 0xd2, 0x28, 0x48, 0x63, 0xd2,
    0x48, 0x01, 0x54, 0x24, 0x10, 0x0f, 0x1f, 0x00, 0x41, 0x89, 0xda, 0x45,
    0x89, 0xe6, 0x44, 0x89, 0xc3, 0x45, 0x89, 0xef, 0x41, 0x89, 0xc8, 0x41,
    0xbc, 0x01, 0x00, 0x00, 0x00, 0x89, 0xc1, 0xe9, 0x1d, 0xf9, 0xff, 0xff,
    0x0f, 0x1f, 0x40, 0x00, 0x48, 0x83, 0x44, 0x24, 0x10, 0x03, 0xe9, 0x0e,
    0xf9, 0xff, 0xff, 0x0f, 0x1f, 0x44, 0x00, 0x00, 0x48, 0x8b, 0x74, 0x24,
    0x10, 0xba, 0x18, 0x00, 0x00, 0x00, 0x89, 0x4c, 0x24, 0x40, 0x48, 0x8d,
    0xbc, 0x24, 0xe4, 0x00, 0x00, 0x00, 0x89, 0x8c, 0x24, 0xe0, 0x00, 0x00,
    0x00, 0x44, 0x89, 0x84, 0x24, 0xe8, 0x00, 0x00, 0x00, 0x44, 0x89, 0x44,
    0x24, 0x48, 0x44, 0x89, 0x8c, 0x24, 0xec, 0x00, 0x00, 0x00, 0x44, 0x89,
    0x4c, 0x24, 0x38, 0x44, 0x89, 0x94, 0x24, 0xf0, 0x00, 0x00, 0x00, 0x44,
    0x89, 0x54, 0x24, 0x30, 0x44, 0x89, 0x9c, 0x24, 0xf4, 0x00, 0x00, 0x00,
    0x44, 0x89, 0x5c, 0x24, 0x28, 0xe8, 0xba, 0x97, 0xff, 0xff, 0x45, 0x84,
    0xff, 0x44, 0x8b, 0x5c, 0x24, 0x28, 0x8b, 0x84, 0x24, 0xe8, 0x00, 0x00,
    0x00, 0x44, 0x8b, 0x54, 0x24, 0x30, 0x44, 0x8b, 0x4c, 0x24, 0x38, 0x44,
    0x8b, 0x44, 0x24, 0x48, 0x8b, 0x4c, 0x24, 0x40, 0x74, 0x36, 0x45, 0x89,
    0xd3, 0x44, 0x89, 0xe1, 0x45, 0x89, 0xca, 0x45, 0x89, 0xf7, 0x45, 0x89,
    0xc1, 0x41, 0xbc, 0x01, 0x00, 0x00, 0x00, 0x41, 0x89, 0xc0, 0xe9, 0xa2,
    0xfa, 0xff, 0xff, 0x66, 0x0f, 0x1f, 0x84, 0x00, 0x00, 0x00, 0x00, 0x00,
    0x48, 0x83, 0x44, 0x24, 0x20, 0x03, 0xe9, 0x8e, 0xfa, 0xff, 0xff, 0x0f,
    0x1f, 0x44, 0x00, 0x00, 0x8b, 0x74, 0x24, 0x4c, 0x39, 0xf1, 0x0f, 0x8f,
    0xdf, 0x9b, 0xff, 0xff, 0x85, 0xc9, 0x7e, 0xba, 0x39, 0xc1, 0x75, 0xb6,
    0x8d, 0x14, 0x40, 0x44, 0x39, 0xc2, 0x75, 0xae, 0x41, 0x39, 0xc1, 0x75,
    0xa9, 0x45, 0x39, 0xca, 0x75, 0xa4, 0x42, 0x8d, 0x14, 0x95, 0x00, 0x00,
    0x00, 0x00, 0x31, 0xc9, 0x41, 0x39, 0xd4, 0x7c, 0x08, 0x31, 0xc9, 0x41,
    0x39, 0xc3, 0x0f, 0x9d, 0xc1, 0x41, 0x39, 0xd3, 0x40, 0x0f, 0x9d, 0xc6,
    0x31, 0xd2, 0x41, 0x39, 0xc4, 0x0f, 0x9d, 0xc2, 0x21, 0xf2, 0x01, 0xca,
    0x6b, 0xd2, 0x28, 0x48, 0x63, 0xd2, 0x48, 0x01, 0x54, 0x24, 0x20, 0xe9,
    0x6a, 0xff, 0xff, 0xff, 0x41, 0x89, 0xcc, 0xe9, 0x62, 0xff, 0xff, 0xff,
    0x0f, 0x1f, 0x84, 0x00, 0x00, 0x00, 0x00, 0x00, 0x8b, 0x6c, 0x24, 0x0c,
    0x66, 0x41, 0x0f, 0x6e, 0xd2, 0x45, 0x85, 0xf6, 0x66, 0x0f, 0x6e, 0xc1,
    0x66, 0x41, 0x0f, 0x6e, 0xc9, 0x48, 0x8b, 0x74, 0x24, 0x18, 0x48, 0x8d,
    0xbc, 0x24, 0x04, 0x01, 0x00, 0x00, 0xba, 0x18, 0x00, 0x00, 0x00, 0x66,
    0x0f, 0x62, 0xca, 0x41, 0x8d, 0x04, 0x2c, 0x66, 0x41, 0x0f, 0x6e, 0xd0,
    0x44, 0x89, 0xb4, 0x24, 0x00, 0x01, 0x00, 0x00, 0x44, 0x0f, 0x44, 0xe0,
    0x66, 0x0f, 0x62, 0xc2, 0x44, 0x89, 0x4c, 0x24, 0x30, 0x66, 0x0f, 0x6c,
    0xc1, 0x89, 0x4c, 0x24, 0x28, 0x44, 0x89, 0x44, 0x24, 0x20, 0x45, 0x89,
    0xe6, 0x0f, 0x11, 0x84, 0x24, 0x08, 0x01, 0x00, 0x00, 0xe8, 0x8a, 0x96,
    0xff, 0xff, 0x44, 0x8b, 0x54, 0x24, 0x30, 0x44, 0x8b, 0x4c, 0x24, 0x20,
    0x44, 0x8b, 0x44, 0x24, 0x28, 0x8b, 0x8c, 0x24, 0x08, 0x01, 0x00, 0x00,
    0xe9, 0x5b, 0xf8, 0xff, 0xff, 0x0f, 0x1f, 0x80, 0x00, 0x00, 0x00, 0x00,
    0x45, 0x85, 0xff, 0x66, 0x41, 0x0f, 0x6e, 0xca, 0x66, 0x41, 0x0f, 0x6e,
    0xdb, 0x44, 0x89, 0xeb, 0x66, 0x41, 0x0f, 0x6e, 0xc0, 0x66, 0x41, 0x0f,
    0x6e, 0xd1, 0x43, 0x8d, 0x04, 0x2c, 0x48, 0x8b, 0x74, 0x24, 0x10, 0x44,
    0x0f, 0x44, 0xe0, 0x66, 0x0f, 0x62, 0xcb, 0x66, 0x0f, 0x62, 0xc2, 0xba,
    0x18, 0x00, 0x00, 0x00, 0x66, 0x0f, 0x6c, 0xc1, 0x48, 0x8d, 0xbc, 0x24,
    0xe4, 0x00, 0x00, 0x00, 0x44, 0x89, 0x54, 0x24, 0x38, 0x44, 0x89, 0xbc,
    0x24, 0xe0, 0x00, 0x00, 0x00, 0x45, 0x89, 0xe7, 0x44, 0x89, 0x44, 0x24,
    0x30, 0x44, 0x89, 0x4c, 0x24, 0x28, 0x0f, 0x11, 0x84, 0x24, 0xe8, 0x00,
    0x00, 0x00, 0xe8, 0x01, 0x96, 0xff, 0xff, 0x44, 0x8b, 0x5c, 0x24, 0x38,
    0x44, 0x8b, 0x54, 0x24, 0x28, 0x44, 0x8b, 0x4c, 0x24, 0x30, 0x44, 0x8b,
    0x84, 0x24, 0xe8, 0x00, 0x00, 0x00, 0xe9, 0x0c, 0xfa, 0xff, 0xff, 0x0f,
    0x1f, 0x44, 0x00, 0x00, 0x43, 0x8d, 0x04, 0x7f, 0x41, 0x39, 0xc0, 0x0f,
    0x85, 0x92, 0xfa, 0xff, 0xff, 0x45, 0x39, 0xf9, 0x0f, 0x85, 0x89, 0xfa,
    0xff, 0xff, 0x45, 0x39, 0xfa, 0x0f, 0x85, 0x80, 0xfa, 0xff, 0xff, 0x42,
    0x8d, 0x04, 0xbd, 0x00, 0x00, 0x00, 0x00, 0x31, 0xd2, 0x39, 0xd8, 0x7f,
    0x08, 0x31, 0xd2, 0x45, 0x39, 0xfb, 0x0f, 0x9d, 0xc2, 0x41, 0x39, 0xc3,
    0x0f, 0x9d, 0xc1, 0x31, 0xc0, 0x41, 0x39, 0xdf, 0x0f, 0x9e, 0xc0, 0x21,
    0xc8, 0x01, 0xd0, 0x6b, 0xc0, 0x28, 0x48, 0x98, 0x48, 0x01, 0x44, 0x24,
    0x20, 0xe9, 0x49, 0xfa, 0xff, 0xff, 0x66, 0x2e, 0x0f, 0x1f, 0x84, 0x00,
    0x00, 0x00, 0x00, 0x00, 0x43, 0x8d, 0x04, 0x76, 0x39, 0xc1, 0x0f, 0x85,
    0xf5, 0xf7, 0xff, 0xff, 0x45, 0x39, 0xf0, 0x0f, 0x85, 0xec, 0xf7, 0xff,
    0xff, 0x45, 0x39, 0xf1, 0x0f, 0x85, 0xe3, 0xf7, 0xff, 0xff, 0x42, 0x8d,
    0x04, 0xb5, 0x00, 0x00, 0x00, 0x00, 0x31, 0xd2, 0x39, 0xe8, 0x7f, 0x08,
    0x31, 0xd2, 0x45, 0x39, 0xf2, 0x0f, 0x9d, 0xc2, 0x41, 0x39, 0xc2, 0x0f,
    0x9d, 0xc1, 0x31, 0xc0, 0x41, 0x39, 0xee, 0x0f, 0x9e, 0xc0, 0x21, 0xc8,
    0x01, 0xd0, 0x6b, 0xc0, 0x28, 0x48, 0x98, 0x48, 0x01, 0x44, 0x24, 0x10,
    0xe9, 0xac, 0xf7, 0xff, 0xff, 0x44, 0x09, 0xf5, 0x83, 0xc2, 0x01, 0x48,
    0xc1, 0xff, 0x03, 0x40, 0x88, 0x28, 0x83, 0xfa, 0x06, 0x0f, 0x85, 0x1b,
    0xf3, 0xff, 0xff, 0xe9, 0x0a, 0xf5, 0xff, 0xff, 0x83, 0xc0, 0x01, 0xe9,
    0xd7, 0xe8, 0xff, 0xff, 0x0f, 0xb6, 0x0e, 0x41, 0x83, 0xf9, 0xff, 0x41,
    0x0f, 0x95, 0xc4, 0x41, 0x39, 0xc9, 0x0f, 0x8d, 0xe7, 0x00, 0x00, 0x00,
    0x45, 0x84, 0xe4, 0x0f, 0x84, 0xde, 0x00, 0x00, 0x00, 0x39, 0xca, 0x7c,
    0x49, 0x39, 0xc8, 0x0f, 0x8d, 0x20, 0xe9, 0xff, 0xff, 0x44, 0x8d, 0x61,
    0xeb, 0x41, 0x81, 0xfc, 0x9c, 0x00, 0x00, 0x00, 0x0f, 0x87, 0xa1, 0x99,
    0xff, 0xff, 0x0f, 0xaf, 0xc8, 0x41, 0x89, 0xef, 0x44, 0x01, 0xc9, 0x41,
    0x89, 0xcc, 0x83, 0xe1, 0x07, 0x41, 0xc1, 0xfc, 0x03, 0x41, 0xd3, 0xe7,
    0x41, 0x83, 0xc4, 0x01, 0x44, 0x89, 0xf9, 0x4d, 0x63, 0xe4, 0xf7, 0xd1,
    0x42, 0x20, 0x0c, 0x26, 0xe9, 0xe4, 0xe8, 0xff, 0xff, 0xe8, 0x0e, 0x95,
    0xff, 0xff, 0x44, 0x8d, 0x69, 0xeb, 0x41, 0x81, 0xfd, 0x9c, 0x00, 0x00,
    0x00, 0x0f, 0x87, 0x60, 0x99, 0xff, 0xff, 0x0f, 0xaf, 0xca, 0x41, 0x89,
    0xef, 0x44, 0x01, 0xc9, 0x41, 0x89, 0xcd, 0x83, 0xe1, 0x07, 0x41, 0xc1,
    0xfd, 0x03, 0x41, 0xd3, 0xe7, 0x41, 0x83, 0xc5, 0x01, 0x44, 0x89, 0xf9,
    0x4d, 0x63, 0xed, 0xf7, 0xd1, 0x42, 0x20, 0x0c, 0x2e, 0x0f, 0xb6, 0x0e,
    0x44, 0x39, 0xd1, 0x7e, 0x5d, 0x44, 0x8d, 0x69, 0xeb, 0x41, 0x81, 0xfd,
    0x9c, 0x00, 0x00, 0x00, 0x0f, 0x87, 0x21, 0x99, 0xff, 0xff, 0x0f, 0xaf,
    0xca, 0x41, 0x89, 0xef, 0x44, 0x01, 0xd1, 0x41, 0x89, 0xcd, 0x83, 0xe1,
    0x07, 0x41, 0xc1, 0xfd, 0x03, 0x41, 0xd3, 0xe7, 0x41, 0x83, 0xc5, 0x01,
    0x44, 0x89, 0xf9, 0x4d, 0x63, 0xed, 0xf7, 0xd1, 0x42, 0x20, 0x0c, 0x2e,
    0x0f, 0xb6, 0x0e, 0x41, 0x39, 0xc9, 0x41, 0x0f, 0x9c, 0xc5, 0x45, 0x21,
    0xec, 0x45, 0x84, 0xe4, 0x0f, 0x85, 0x2b, 0xff, 0xff, 0xff, 0xe9, 0x4e,
    0xe8, 0xff, 0xff, 0x44, 0x39, 0xd1, 0x0f, 0x8e, 0x45, 0xe8, 0xff, 0xff,
    0xeb, 0xa3, 0x41, 0x39, 0xc9, 0x41, 0x0f, 0x9c, 0xc4, 0xeb, 0xde, 0xe9,
    0xc2, 0x98, 0xff, 0xff, 0x0f, 0x1f, 0x40, 0x00, 0x53, 0x48, 0x8d, 0x3d,
    0x14, 0x2e, 0x00, 0x00, 0xe8, 0x13, 0x94, 0xff, 0xff, 0x48, 0x85, 0xc0,
    0x74, 0x08, 0x80, 0x38, 0x00, 0x48, 0x89, 0xc3, 0x75, 0x3a, 0x48, 0x8d,
    0x3d, 0x02, 0x2e, 0x00, 0x00, 0xe8, 0xfa, 0x93, 0xff, 0xff, 0x48, 0x89,
    0xc3, 0x48, 0x85, 0xc0, 0x74, 0x05, 0x80, 0x38, 0x00, 0x75, 0x21, 0x48,
    0x8d, 0x3d, 0xf5, 0x2d, 0x00, 0x00, 0xe8, 0xe1, 0x93, 0xff, 0xff, 0x48,
    0x89, 0xc3, 0x48, 0x85, 0xc0, 0x0f, 0x84, 0x9d, 0x00, 0x00, 0x00, 0x80,
    0x38, 0x00, 0x0f, 0x84, 0x94, 0x00, 0x00, 0x00, 0xba, 0x02, 0x00, 0x00,
    0x00, 0x48, 0x89, 0xdf, 0x48, 0x8d, 0x35, 0xd1, 0x2d, 0x00, 0x00, 0xc7,
    0x05, 0x67, 0x8c, 0x00, 0x00, 0x00, 0x00, 0x00, 0x00, 0xe8, 0xde, 0x93,
    0xff, 0xff, 0x85, 0xc0, 0x75, 0x32, 0x48, 0x8d, 0x35, 0x1f, 0x2f, 0x00,
    0x00, 0x48, 0x89, 0xdf, 0xe8, 0x2b, 0x91, 0xff, 0xff, 0x48, 0x85, 0xc0,
    0x0f, 0x84, 0x92, 0x00, 0x00, 0x00, 0xc7, 0x05, 0x3c, 0x8c, 0x00, 0x00,
    0x02, 0x00, 0x00, 0x00, 0xc7, 0x05, 0x36, 0x8c, 0x00, 0x00, 0x01, 0x00,
    0x00, 0x00, 0x5b, 0xc3, 0x0f, 0x1f, 0x40, 0x00, 0xba, 0x02, 0x00, 0x00,
    0x00, 0x48, 0x8d, 0x35, 0x8e, 0x2d, 0x00, 0x00, 0x48, 0x89, 0xdf, 0xe8,
    0x94, 0x93, 0xff, 0xff, 0x85, 0xc0, 0x74, 0x40, 0xba, 0x02, 0x00, 0x00,
    0x00, 0x48, 0x8d, 0x35, 0x79, 0x2d, 0x00, 0x00, 0x48, 0x89, 0xdf, 0xe8,
    0x7c, 0x93, 0xff, 0xff, 0x85, 0xc0, 0x75, 0xc0, 0xc7, 0x05, 0xf2, 0x8b,
    0x00, 0x00, 0x04, 0x00, 0x00, 0x00, 0xeb, 0xb4, 0x0f, 0x1f, 0x40, 0x00,
    0xc7, 0x05, 0xe2, 0x8b, 0x00, 0x00, 0x00, 0x00, 0x00, 0x00, 0x5b, 0xc7,
    0x05, 0xdb, 0x8b, 0x00, 0x00, 0x01, 0x00, 0x00, 0x00, 0xc3, 0x66, 0x90,
    0xc7, 0x05, 0xca, 0x8b, 0x00, 0x00, 0x03, 0x00, 0x00, 0x00, 0x5b, 0xc7,
    0x05, 0xc3, 0x8b, 0x00, 0x00, 0x01, 0x00, 0x00, 0x00, 0xc3, 0x66, 0x2e,
    0x0f, 0x1f, 0x84, 0x00, 0x00, 0x00, 0x00, 0x00, 0x48, 0x8d, 0x35, 0x10,
    0x2d, 0x00, 0x00, 0x48, 0x89, 0xdf, 0xe8, 0x81, 0x90, 0xff, 0xff, 0x48,
    0x85, 0xc0, 0x0f, 0x85, 0x56, 0xff, 0xff, 0xff, 0x48, 0x8d, 0x35, 0xfb,
    0x2c, 0x00, 0x00, 0x48, 0x89, 0xdf, 0xe8, 0x69, 0x90, 0xff, 0xff, 0x48,
    0x85, 0xc0, 0x0f, 0x85, 0x3e, 0xff, 0xff, 0xff, 0x48, 0x8d, 0x35, 0xe6,
    0x2c, 0x00, 0x00, 0x48, 0x89, 0xdf, 0xe8, 0x51, 0x90, 0xff, 0xff, 0x48,
    0x85, 0xc0, 0x0f, 0x85, 0x26, 0xff, 0xff, 0xff, 0xc7, 0x05, 0x62, 0x8b,
    0x00, 0x00, 0x01, 0x00, 0x00, 0x00, 0xe9, 0x21, 0xff, 0xff, 0xff, 0x66,
    0x0f, 0x1f, 0x84, 0x00, 0x00, 0x00, 0x00, 0x00, 0x8b, 0x05, 0x52, 0x8b,
    0x00, 0x00, 0x53, 0x89, 0xfb, 0x85, 0xc0, 0x74, 0x2b, 0x8b, 0x15, 0x41,
    0x8b, 0x00, 0x00, 0x48, 0x8d, 0x05, 0xa6, 0x85, 0x00, 0x00, 0x89, 0xdf,
    0x5b, 0x48, 0x8b, 0x04, 0xd0, 0x48, 0x8d, 0x15, 0x8e, 0x31, 0x00, 0x00,
    0x48, 0x8b, 0x04, 0xf8, 0x48, 0x85, 0xc0, 0x48, 0x0f, 0x44, 0xc2, 0xc3,
    0x0f, 0x1f, 0x40, 0x00, 0xe8, 0x43, 0xfe, 0xff, 0xff, 0xeb, 0xce, 0x90,
    0x53, 0x48, 0x89, 0xfb, 0xbf, 0x1f, 0x00, 0x00, 0x00, 0xe8, 0xb2, 0xff,
    0xff, 0xff, 0x48, 0x89, 0xd9, 0xbe, 0x02, 0x00, 0x00, 0x00, 0x5b, 0x48,
    0x89, 0xc2, 0x48, 0x8b, 0x05, 0xb7, 0x8a, 0x00, 0x00, 0x48, 0x8b, 0x38,
    0x31, 0xc0, 0xe9, 0x45, 0x90, 0xff, 0xff, 0x0f, 0x1f, 0x44, 0x00, 0x00,
    0x55, 0x53, 0x89, 0xfb, 0x89, 0xf7, 0x48, 0x81, 0xec, 0xe8, 0x01, 0x00,
    0x00, 0x48, 0x89, 0x94, 0x24, 0x40, 0x01, 0x00, 0x00, 0x48, 0x89, 0x8c,
    0x24, 0x48, 0x01, 0x00, 0x00, 0x4c, 0x89, 0x84, 0x24, 0x50, 0x01, 0x00,
    0x00, 0x4c, 0x89, 0x8c, 0x24, 0x58, 0x01, 0x00, 0x00, 0x84, 0xc0, 0x74,
    0x40, 0x0f, 0x29, 0x84, 0x24, 0x60, 0x01, 0x00, 0x00, 0x0f, 0x29, 0x8c,
    0x24, 0x70, 0x01, 0x00, 0x00, 0x0f, 0x29, 0x94, 0x24, 0x80, 0x01, 0x00,
    0x00, 0x0f, 0x29, 0x9c, 0x24, 0x90, 0x01, 0x00, 0x00, 0x0f, 0x29, 0xa4,
    0x24, 0xa0, 0x01, 0x00, 0x00, 0x0f, 0x29, 0xac, 0x24, 0xb0, 0x01, 0x00,
    0x00, 0x0f, 0x29, 0xb4, 0x24, 0xc0, 0x01, 0x00, 0x00, 0x0f, 0x29, 0xbc,
    0x24, 0xd0, 0x01, 0x00, 0x00, 0x64, 0x48, 0x8b, 0x04, 0x25, 0x28, 0x00,
    0x00, 0x00, 0x48, 0x89, 0x84, 0x24, 0x28, 0x01, 0x00, 0x00, 0x31, 0xc0,
    0x48, 0x8d, 0x84, 0x24, 0x00, 0x02, 0x00, 0x00, 0x48, 0x8d, 0x6c, 0x24,
    0x20, 0xc7, 0x04, 0x24, 0x10, 0x00, 0x00, 0x00, 0x48, 0x89, 0x44, 0x24,
    0x08, 0x48, 0x8d, 0x84, 0x24, 0x30, 0x01, 0x00, 0x00, 0xc7, 0x44, 0x24,
    0x04, 0x30, 0x00, 0x00, 0x00, 0x48, 0x89, 0x44, 0x24, 0x10, 0xe8, 0xd9,
    0xfe, 0xff, 0xff, 0xb9, 0x00, 0x01, 0x00, 0x00, 0x48, 0x89, 0xef, 0x49,
    0x89, 0xe1, 0x49, 0x89, 0xc0, 0xba, 0x02, 0x00, 0x00, 0x00, 0xbe, 0x00,
    0x01, 0x00, 0x00, 0xe8, 0x1c, 0x90, 0xff, 0xff, 0x31, 0xc0, 0x49, 0x89,
    0xe8, 0xb9, 0x07, 0x00, 0x00, 0x00, 0x89, 0xda, 0x48, 0x8d, 0x35, 0x71,
    0x2b, 0x00, 0x00, 0xbf, 0x02, 0x00, 0x00, 0x00, 0xe8, 0x8f, 0x8f, 0xff,
    0xff, 0x48, 0x8b, 0x84, 0x24, 0x28, 0x01, 0x00, 0x00, 0x64, 0x48, 0x2b,
    0x04, 0x25, 0x28, 0x00, 0x00, 0x00, 0x75, 0x0a, 0x48, 0x81, 0xc4, 0xe8,
    0x01, 0x00, 0x00, 0x5b, 0x5d, 0xc3, 0xe8, 0x5d, 0x91, 0xff, 0xff, 0x66,
    0x66, 0x2e, 0x0f, 0x1f, 0x84, 0x00, 0x00, 0x00, 0x00, 0x00, 0x66, 0x90,
    0x41, 0x57, 0x41, 0x56, 0x41, 0x55, 0x41, 0x54, 0x55, 0x53, 0x48, 0x81,
    0xec, 0x00, 0x10, 0x00, 0x00, 0x48, 0x83, 0x0c, 0x24, 0x00, 0x48, 0x81,
    0xec, 0x00, 0x10, 0x00, 0x00, 0x48, 0x83, 0x0c, 0x24, 0x00, 0x48, 0x81,
    0xec, 0xc8, 0x02, 0x00, 0x00, 0x66, 0x0f, 0xef, 0xc9, 0x66, 0x0f, 0xef,
    0xc0, 0xf3, 0x0f, 0x10, 0x1d, 0x7b, 0x29, 0x00, 0x00, 0xf3, 0x0f, 0x10,
    0x15, 0x77, 0x29, 0x00, 0x00, 0xf3, 0x0f, 0x2a, 0xca, 0x48, 0x89, 0x7c,
    0x24, 0x60, 0x4d, 0x89, 0xc1, 0x49, 0x89, 0xf6, 0xf3, 0x0f, 0x2a, 0xc1,
    0xba, 0x02, 0x00, 0x00, 0x00, 0xb9, 0x00, 0x02, 0x00, 0x00, 0xbe, 0x00,
    0x02, 0x00, 0x00, 0x4c, 0x8d, 0xbc, 0x24, 0x10, 0x02, 0x00, 0x00, 0x64,
    0x48, 0x8b, 0x1c, 0x25, 0x28, 0x00, 0x00, 0x00, 0x48, 0x89, 0x9c, 0x24,
    0xb8, 0x22, 0x00, 0x00, 0x4c, 0x89, 0xc3, 0x4c, 0x89, 0xff, 0x4c, 0x8d,
    0x05, 0x67, 0x35, 0x00, 0x00, 0x4c, 0x89, 0x7c, 0x24, 0x30, 0x0f, 0x28,
    0xe1, 0xf3, 0x0f, 0x5e, 0xe3, 0x0f, 0x28, 0xe8, 0xf3, 0x0f, 0x5e, 0xea,
    0xf3, 0x0f, 0x5d, 0xe5, 0xf3, 0x0f, 0x59, 0xdc, 0xf3, 0x0f, 0x11, 0x64,
    0x24, 0x04, 0xf3, 0x0f, 0x59, 0xd4, 0xf3, 0x0f, 0x5c, 0xcb, 0xf3, 0x0f,
    0x10, 0x1d, 0x02, 0x29, 0x00, 0x00, 0xf3, 0x0f, 0x5c, 0xc2, 0xf3, 0x0f,
    0x59, 0xcb, 0xf3, 0x0f, 0x59, 0xc3, 0xf3, 0x0f, 0x2c, 0xc1, 0x89, 0x44,
    0x24, 0x38, 0xf3, 0x0f, 0x2c, 0xc0, 0x89, 0x44, 0x24, 0x5c, 0x31, 0xc0,
    0xe8, 0x53, 0x91, 0xff, 0xff, 0xbf, 0x15, 0x00, 0x00, 0x00, 0xe8, 0x89,
    0xfd, 0xff, 0xff, 0x49, 0x89, 0xd9, 0xb9, 0x2c, 0x01, 0x00, 0x00, 0xba,
    0x02, 0x00, 0x00, 0x00, 0x49, 0x89, 0xc0, 0x48, 0x8d, 0x84, 0x24, 0xe0,
    0x00, 0x00, 0x00, 0xbe, 0x2c, 0x01, 0x00, 0x00, 0x48, 0x89, 0xc7, 0x48,
    0x89, 0x44, 0x24, 0x68, 0x31, 0xc0, 0xe8, 0x1d, 0x91, 0xff, 0xff, 0x4c,
    0x89, 0xff, 0xe8, 0xe5, 0x8e, 0xff, 0xff, 0x48, 0x85, 0xc0, 0x0f, 0x84,
    0xd4, 0x03, 0x00, 0x00, 0x0f, 0xbe, 0xb4, 0x24, 0x10, 0x02, 0x00, 0x00,
    0x49, 0x89, 0xc4, 0x4c, 0x89, 0xf8, 0x41, 0x89, 0xf0, 0x40, 0x84, 0xf6,
    0x75, 0x28, 0xe9, 0x21, 0x0e, 0x00, 0x00, 0x66, 0x66, 0x2e, 0x0f, 0x1f,
    0x84, 0x00, 0x00, 0x00, 0x00, 0x00, 0x66, 0x0f, 0x1f, 0x44, 0x00, 0x00,
    0x44, 0x0f, 0xb6, 0x40, 0x01, 0x48, 0x83, 0xc0, 0x01, 0x45, 0x84, 0xc0,
    0x0f, 0x84, 0xb3, 0x01, 0x00, 0x00, 0x41, 0x83, 0xe8, 0x30, 0x41, 0x80,
    0xf8, 0x09, 0x76, 0xe4, 0x48, 0x8b, 0x6c, 0x24, 0x30, 0x48, 0x8d, 0x1d,
    0xa0, 0x34, 0x00, 0x00, 0xeb, 0x17, 0x66, 0x0f, 0x1f, 0x44, 0x00, 0x00,
    0x0f, 0xbe, 0x75, 0x01, 0x48, 0x83, 0xc5, 0x01, 0x40, 0x84, 0xf6, 0x0f,
    0x84, 0x3a, 0x0b, 0x00, 0x00, 0x48, 0x89, 0xdf, 0xe8, 0x57, 0x8f, 0xff,
    0xff, 0x48, 0x85, 0xc0, 0x75, 0xe2, 0x49, 0x81, 0xfc, 0x98, 0x01, 0x00,
    0x00, 0x0f, 0x87, 0x51, 0x07, 0x00, 0x00, 0x49, 0x8d, 0x44, 0x24, 0xff,
    0x48, 0x83, 0xf8, 0x0e, 0x0f, 0x86, 0xab, 0x0d, 0x00, 0x00, 0x4c, 0x89,
    0xe2, 0x48, 0x8b, 0x4c, 0x24, 0x30, 0x31, 0xc0, 0x48, 0x8d, 0xac, 0x24,
    0x60, 0x13, 0x00, 0x00, 0x48, 0x83, 0xe2, 0xf0, 0x66, 0x0f, 0x6f, 0x04,
    0x01, 0x0f, 0x29, 0x44, 0x05, 0x00, 0x48, 0x83, 0xc0, 0x10, 0x48, 0x39,
    0xc2, 0x75, 0xed, 0x49, 0x39, 0xd4, 0x0f, 0x84, 0xd5, 0x00, 0x00, 0x00,
    0x4c, 0x89, 0xe0, 0x48, 0x29, 0xd0, 0x48, 0x8d, 0x48, 0xff, 0x48, 0x83,
    0xf9, 0x06, 0x76, 0x22, 0x48, 0x8b, 0x8c, 0x14, 0x10, 0x02, 0x00, 0x00,
    0x48, 0x89, 0x8c, 0x14, 0x60, 0x13, 0x00, 0x00, 0x48, 0x89, 0xc1, 0x48,
    0x83, 0xe1, 0xf8, 0x48, 0x01, 0xca, 0xa8, 0x07, 0x0f, 0x84, 0xa3, 0x00,
    0x00, 0x00, 0x0f, 0xb6, 0x84, 0x14, 0x10, 0x02, 0x00, 0x00, 0x88, 0x84,
    0x14, 0x60, 0x13, 0x00, 0x00, 0x48, 0x8d, 0x42, 0x01, 0x4c, 0x39, 0xe0,
    0x0f, 0x83, 0x87, 0x00, 0x00, 0x00, 0x0f, 0xb6, 0x8c, 0x14, 0x11, 0x02,
    0x00, 0x00, 0x48, 0x8d, 0x42, 0x02, 0x88, 0x8c, 0x14, 0x61, 0x13, 0x00,
    0x00, 0x4c, 0x39, 0xe0, 0x73, 0x6f, 0x0f, 0xb6, 0x8c, 0x14, 0x12, 0x02,
    0x00, 0x00, 0x48, 0x8d, 0x42, 0x03, 0x88, 0x8c, 0x14, 0x62, 0x13, 0x00,
    0x00, 0x4c, 0x39, 0xe0, 0x73, 0x57, 0x0f, 0xb6, 0x8c, 0x14, 0x13, 0x02,
    0x00, 0x00, 0x48, 0x8d, 0x42, 0x04, 0x88, 0x8c, 0x14, 0x63, 0x13, 0x00,
    0x00, 0x4c, 0x39, 0xe0, 0x73, 0x3f, 0x0f, 0xb6, 0x8c, 0x14, 0x14, 0x02,
    0x00, 0x00, 0x48, 0x8d, 0x42, 0x05, 0x88, 0x8c, 0x14, 0x64, 0x13, 0x00,
    0x00, 0x4c, 0x39, 0xe0, 0x73, 0x27, 0x0f, 0xb6, 0x8c, 0x14, 0x15, 0x02,
    0x00, 0x00, 0x88, 0x8c, 0x14, 0x65, 0x13, 0x00, 0x00, 0x48, 0x83, 0xc2,
    0x06, 0x4c, 0x39, 0xe2, 0x73, 0x0f, 0x0f, 0xb6, 0x84, 0x14, 0x10, 0x02,
    0x00, 0x00, 0x88, 0x84, 0x14, 0x60, 0x13, 0x00, 0x00, 0x4a, 0x8d, 0x04,
    0xe5, 0x00, 0x00, 0x00, 0x00, 0x44, 0x89, 0xa4, 0x24, 0xa4, 0x00, 0x00,
    0x00, 0xc7, 0x84, 0x24, 0xa0, 0x00, 0x00, 0x00, 0x04, 0x00, 0x00, 0x00,
    0x89, 0x84, 0x24, 0xb0, 0x00, 0x00, 0x00, 0x48, 0x89, 0xac, 0x24, 0xa8,
    0x00, 0x00, 0x00, 0x48, 0x8d, 0x9c, 0x24, 0x10, 0x04, 0x00, 0x00, 0x48,
    0x8d, 0xbc, 0x24, 0xa0, 0x00, 0x00, 0x00, 0x48, 0x89, 0xe9, 0xba, 0x01,
    0x00, 0x00, 0x00, 0x49, 0x89, 0xd8, 0xbe, 0x01, 0x00, 0x00, 0x00, 0xe8,
    0xc0, 0xcb, 0xff, 0xff, 0xe9, 0x04, 0x02, 0x00, 0x00, 0x49, 0x6b, 0xc4,
    0x0a, 0xb9, 0x03, 0x00, 0x00, 0x00, 0x48, 0x8d, 0xac, 0x24, 0x60, 0x13,
    0x00, 0x00, 0x48, 0x89, 0xef, 0x48, 0x83, 0xc0, 0x02, 0x48, 0x99, 0x48,
    0xf7, 0xf9, 0x31, 0xd2, 0x8d, 0x48, 0x07, 0x48, 0x89, 0xc3, 0x44, 0x89,
    0xc0, 0x48, 0x63, 0xc9, 0x48, 0xc1, 0xe9, 0x03, 0x89, 0xc9, 0xf3, 0xaa,
    0x48, 0x8b, 0x44, 0x24, 0x30, 0x31, 0xff, 0xeb, 0x18, 0x0f, 0x1f, 0x80,
    0x00, 0x00, 0x00, 0x00, 0x0f, 0xbe, 0x70, 0x01, 0x48, 0x83, 0xc0, 0x01,
    0x40, 0x84, 0xf6, 0x0f, 0x84, 0x08, 0x09, 0x00, 0x00, 0x44, 0x8d, 0x46,
    0xd0, 0x41, 0x80, 0xf8, 0x09, 0x0f, 0x87, 0x34, 0x93, 0xff, 0xff, 0x8d,
    0x3c, 0xbf, 0x83, 0xc1, 0x01, 0x8d, 0x7c, 0x7e, 0xd0, 0x83, 0xf9, 0x03,
    0x75, 0xd2, 0xf7, 0xc7, 0x00, 0xfc, 0xff, 0xff, 0x0f, 0x85, 0x38, 0x93,
    0xff, 0xff, 0x89, 0xd1, 0x89, 0xd6, 0x41, 0x89, 0xf8, 0xc1, 0xfe, 0x03,
    0xf7, 0xd1, 0x41, 0xc1, 0xe8, 0x09, 0x83, 0xe1, 0x07, 0x4c, 0x63, 0xce,
    0x41, 0xd3, 0xe0, 0x8d, 0x4a, 0x01, 0x46, 0x08, 0x44, 0x0d, 0x00, 0x41,
    0x89, 0xf8, 0x41, 0x89, 0xc9, 0x41, 0xc1, 0xe8, 0x08, 0xf7, 0xd1, 0x41,
    0xc1, 0xf9, 0x03, 0x83, 0xe1, 0x07, 0x41, 0x83, 0xe0, 0x01, 0x4d, 0x63,
    0xc9, 0x41, 0xd3, 0xe0, 0x8d, 0x4a, 0x02, 0x46, 0x08, 0x44, 0x0d, 0x00,
    0x41, 0x89, 0xf8, 0x41, 0x89, 0xc9, 0xf7, 0xd1, 0x41, 0xc1, 0xe8, 0x07,
    0x83, 0xe1, 0x07, 0x41, 0xc1, 0xf9, 0x03, 0x41, 0x83, 0xe0, 0x01, 0x4d,
    0x63, 0xc9, 0x41, 0xd3, 0xe0, 0x8d, 0x4a, 0x03, 0x46, 0x08, 0x44, 0x0d,
    0x00, 0x41, 0x89, 0xf8, 0x41, 0x89, 0xc9, 0x41, 0xc1, 0xe8, 0x06, 0xf7,
    0xd1, 0x41, 0xc1, 0xf9, 0x03, 0x83, 0xe1, 0x07, 0x41, 0x83, 0xe0, 0x01,
    0x4d, 0x63, 0xc9, 0x41, 0xd3, 0xe0, 0x8d, 0x4a, 0x04, 0x46, 0x08, 0x44,
    0x0d, 0x00, 0x41, 0x89, 0xf8, 0x41, 0x89, 0xc9, 0xf7, 0xd1, 0x41, 0xc1,
    0xe8, 0x05, 0x83, 0xe1, 0x07, 0x41, 0xc1, 0xf9, 0x03, 0x41, 0x83, 0xe0,
    0x01, 0x4d, 0x63, 0xc9, 0x41, 0xd3, 0xe0, 0x8d, 0x4a, 0x05, 0x46, 0x08,
    0x44, 0x0d, 0x00, 0x41, 0x89, 0xf8, 0x41, 0x89, 0xc9, 0x41, 0xc1, 0xe8,
    0x04, 0xf7, 0xd1, 0x41, 0xc1, 0xf9, 0x03, 0x41, 0x83, 0xe0, 0x01, 0x83,
    0xe1, 0x07, 0x83, 0xc6, 0x01, 0x4d, 0x63, 0xc9, 0x41, 0xd3, 0xe0, 0x8d,
    0x4a, 0x06, 0x48, 0x63, 0xf6, 0x46, 0x08, 0x44, 0x0d, 0x00, 0x41, 0x89,
    0xf8, 0x41, 0x89, 0xc9, 0xf7, 0xd1, 0x41, 0xc1, 0xe8, 0x03, 0x83, 0xe1,
    0x07, 0x41, 0xc1, 0xf9, 0x03, 0x41, 0x83, 0xe0, 0x01, 0x4d, 0x63, 0xc9,
    0x41, 0xd3, 0xe0, 0x8d, 0x4a, 0x07, 0x46, 0x08, 0x44, 0x0d, 0x00, 0x41,
    0x89, 0xf8, 0x41, 0x89, 0xc9, 0x41, 0xc1, 0xe8, 0x02, 0xf7, 0xd1, 0x41,
    0xc1, 0xf9, 0x03, 0x83, 0xe1, 0x07, 0x41, 0x83, 0xe0, 0x01, 0x4d, 0x63,
    0xc9, 0x41, 0xd3, 0xe0, 0x89, 0xd1, 0x46, 0x08, 0x44, 0x0d, 0x00, 0x41,
    0x89, 0xf8, 0xf7, 0xd1, 0x83, 0xe7, 0x01, 0x41, 0xd1, 0xe8, 0x83, 0xe1,
    0x07, 0x41, 0x83, 0xe0, 0x01, 0x41, 0xd3, 0xe0, 0x8d, 0x4a, 0x09, 0x44,
    0x08, 0x44, 0x35, 0x00, 0x83, 0xc2, 0x0a, 0x89, 0xce, 0xf7, 0xd1, 0xc1,
    0xfe, 0x03, 0x83, 0xe1, 0x07, 0x48, 0x63, 0xf6, 0xd3, 0xe7, 0x31, 0xc9,
    0x40, 0x08, 0x7c, 0x35, 0x00, 0x31, 0xff, 0xe9, 0x60, 0xfe, 0xff, 0xff,
    0x48, 0x8d, 0x9c, 0x24, 0x10, 0x04, 0x00, 0x00, 0x48, 0x8d, 0x8c, 0x24,
    0x60, 0x13, 0x00, 0x00, 0x31, 0xf6, 0x31, 0xff, 0x49, 0x89, 0xd8, 0xba,
    0x01, 0x00, 0x00, 0x00, 0xe8, 0xb7, 0xc9, 0xff, 0xff, 0x84, 0xc0, 0x0f,
    0x84, 0x58, 0x0a, 0x00, 0x00, 0x48, 0x89, 0xdf, 0xe8, 0x07, 0x9f, 0xff,
    0xff, 0xbe, 0x01, 0x00, 0x00, 0x00, 0x4c, 0x63, 0xe8, 0x4c, 0x89, 0xef,
    0x49, 0x0f, 0xaf, 0xfd, 0xe8, 0x83, 0x8c, 0xff, 0xff, 0x48, 0x89, 0x44,
    0x24, 0x28, 0x48, 0x85, 0xc0, 0x0f, 0x84, 0x49, 0x0a, 0x00, 0x00, 0xbe,
    0x01, 0x00, 0x00, 0x00, 0x48, 0x89, 0xc3, 0x41, 0x8d, 0x6d, 0xff, 0x4d,
    0x89, 0xef, 0x44, 0x0f, 0xb6, 0x8c, 0x24, 0x10, 0x04, 0x00, 0x00, 0xba,
    0x01, 0x00, 0x00, 0x00, 0x4c, 0x89, 0x74, 0x24, 0x40, 0x45, 0x39, 0xcd,
    0x4d, 0x63, 0xd1, 0x41, 0x8d, 0x41, 0xeb, 0x45, 0x89, 0xce, 0x4d, 0x0f,
    0x4e, 0xd5, 0x89, 0x44, 0x24, 0x08, 0x45, 0x85, 0xd2, 0x44, 0x89, 0x54,
    0x24, 0x20, 0x49, 0x0f, 0x4f, 0xf2, 0x31, 0xc0, 0x45, 0x85, 0xc9, 0x48,
    0x0f, 0x45, 0xc6, 0x89, 0x74, 0x24, 0x3c, 0x29, 0xc5, 0x48, 0x89, 0x44,
    0x24, 0x10, 0x48, 0x83, 0xc5, 0x01, 0x41, 0x39, 0xc5, 0x48, 0x0f, 0x4f,
    0xd5, 0x31, 0xed, 0x45, 0x31, 0xe4, 0x48, 0x89, 0x54, 0x24, 0x18, 0xeb,
    0x46, 0x0f, 0x1f, 0x80, 0x00, 0x00, 0x00, 0x00, 0x48, 0x8d, 0x7b, 0x08,
    0x48, 0x89, 0xd9, 0x44, 0x89, 0xe8, 0x48, 0xc7, 0x03, 0x00, 0x00, 0x00,
    0x00, 0x48, 0xc7, 0x44, 0x03, 0xf8, 0x00, 0x00, 0x00, 0x00, 0x48, 0x83,
    0xe7, 0xf8, 0x31, 0xc0, 0x48, 0x29, 0xf9, 0x44, 0x01, 0xe9, 0xc1, 0xe9,
    0x03, 0xf3, 0x48, 0xab, 0x41, 0x8d, 0x44, 0x24, 0x01, 0x4c, 0x01, 0xfb,
    0x44, 0x01, 0xf5, 0x41, 0x39, 0xc5, 0x74, 0x75, 0x41, 0x89, 0xc4, 0x45,
    0x39, 0xf4, 0x7d, 0xbc, 0x81, 0x7c, 0x24, 0x08, 0x9c, 0x00, 0x00, 0x00,
    0x0f, 0x87, 0x89, 0x90, 0xff, 0xff, 0x44, 0x8b, 0x54, 0x24, 0x20, 0x31,
    0xd2, 0x8d, 0x4c, 0x15, 0x00, 0x89, 0xc8, 0x83, 0xe1, 0x07, 0xc1, 0xf8,
    0x03, 0x83, 0xc0, 0x01, 0x48, 0x98, 0x0f, 0xb6, 0x84, 0x04, 0x10, 0x04,
    0x00, 0x00, 0xd3, 0xf8, 0x83, 0xe0, 0x01, 0x88, 0x04, 0x13, 0x48, 0x83,
    0xc2, 0x01, 0x41, 0x39, 0xd2, 0x7f, 0xd6, 0x8b, 0x44, 0x24, 0x3c, 0x41,
    0x39, 0xc5, 0x7e, 0xa0, 0x48, 0x8b, 0x44, 0x24, 0x10, 0x48, 0x8b, 0x54,
    0x24, 0x18, 0x31, 0xf6, 0x44, 0x01, 0xf5, 0x48, 0x8d, 0x3c, 0x18, 0x4c,
    0x01, 0xfb, 0xe8, 0x49, 0x88, 0xff, 0xff, 0x41, 0x8d, 0x44, 0x24, 0x01,
    0x41, 0x39, 0xc5, 0x75, 0x8b, 0x4c, 0x8b, 0x74, 0x24, 0x40, 0x4c, 0x89,
    0xf8, 0x45, 0x89, 0xef, 0x49, 0x89, 0xc5, 0x4d, 0x85, 0xf6, 0x74, 0x1a,
    0xf3, 0x0f, 0x10, 0x44, 0x24, 0x04, 0xf3, 0x0f, 0x59, 0x05, 0x2e, 0x23,
    0x00, 0x00, 0xf3, 0x0f, 0x2c, 0xd8, 0x85, 0xdb, 0x0f, 0x8f, 0x79, 0x02,
    0x00, 0x00, 0xf3, 0x0f, 0x10, 0x2d, 0x1e, 0x23, 0x00, 0x00, 0xf3, 0x0f,
    0x10, 0x0d, 0x1a, 0x23, 0x00, 0x00, 0xf3, 0x0f, 0x11, 0x6c, 0x24, 0x74,
    0x48, 0x8b, 0x7c, 0x24, 0x28, 0xf3, 0x0f, 0x11, 0x4c, 0x24, 0x08, 0xe8,
    0x2c, 0x89, 0xff, 0xff, 0xf3, 0x0f, 0x10, 0x4c, 0x24, 0x08, 0xf3, 0x0f,
    0x10, 0x7c, 0x24, 0x04, 0xf3, 0x0f, 0x10, 0x05, 0xf4, 0x22, 0x00, 0x00,
    0x4c, 0x89, 0xf6, 0x4c, 0x8d, 0x05, 0x9f, 0x24, 0x00, 0x00, 0x8b, 0x44,
    0x24, 0x38, 0x44, 0x8b, 0x7c, 0x24, 0x5c, 0x4c, 0x8d, 0xa4, 0x24, 0xc0,
    0x00, 0x00, 0x00, 0xf3, 0x0f, 0x59, 0xcf, 0x4c, 0x8b, 0x6c, 0x24, 0x60,
    0xf3, 0x0f, 0x59, 0xc7, 0x4c, 0x89, 0xef, 0xf3, 0x0f, 0x2c, 0xd9, 0xf3,
    0x0f, 0x10, 0x0d, 0xc1, 0x22, 0x00, 0x00, 0xf3, 0x4c, 0x0f, 0x2c, 0xc8,
    0xf3, 0x0f, 0x59, 0xcf, 0x01, 0xc3, 0x89, 0xda, 0xf3, 0x0f, 0x2c, 0xc9,
    0x44, 0x01, 0xf9, 0xe8, 0xf8, 0xc2, 0xff, 0xff, 0xf3, 0x0f, 0x10, 0x44,
    0x24, 0x04, 0xbf, 0x0f, 0x00, 0x00, 0x00, 0xf3, 0x0f, 0x59, 0x05, 0x99,
    0x22, 0x00, 0x00, 0xf3, 0x48, 0x0f, 0x2c, 0xe8, 0xe8, 0x2b, 0xf7, 0xff,
    0xff, 0xf3, 0x0f, 0x10, 0x44, 0x24, 0x04, 0x89, 0xda, 0x4c, 0x89, 0xf6,
    0xf3, 0x0f, 0x59, 0x05, 0x80, 0x22, 0x00, 0x00, 0x49, 0x89, 0xc0, 0x4c,
    0x89, 0xef, 0x41, 0x89, 0xe9, 0xf3, 0x0f, 0x2c, 0xc8, 0x44, 0x01, 0xf9,
    0xe8, 0xb3, 0xc2, 0xff, 0xff, 0xbf, 0x10, 0x00, 0x00, 0x00, 0xe8, 0xf9,
    0xf6, 0xff, 0xff, 0xf3, 0x0f, 0x10, 0x44, 0x24, 0x04, 0x41, 0x89, 0xe9,
    0x89, 0xda, 0xf3, 0x0f, 0x59, 0x05, 0x52, 0x22, 0x00, 0x00, 0x49, 0x89,
    0xc0, 0x4c, 0x89, 0xf6, 0x4c, 0x89, 0xef, 0xf3, 0x0f, 0x2c, 0xc8, 0x44,
    0x01, 0xf9, 0xe8, 0x81, 0xc2, 0xff, 0xff, 0xbf, 0x11, 0x00, 0x00, 0x00,
    0xe8, 0xc7, 0xf6, 0xff, 0xff, 0x45, 0x31, 0xc9, 0xb9, 0x20, 0x00, 0x00,
    0x00, 0x4c, 0x89, 0xe7, 0x49, 0x89, 0xc0, 0xba, 0x02, 0x00, 0x00, 0x00,
    0xbe, 0x20, 0x00, 0x00, 0x00, 0x31, 0xc0, 0xe8, 0x68, 0x8a, 0xff, 0xff,
    0xf3, 0x0f, 0x10, 0x44, 0x24, 0x04, 0x41, 0x89, 0xe9, 0x89, 0xda, 0xf3,
    0x0f, 0x59, 0x05, 0x05, 0x22, 0x00, 0x00, 0x4d, 0x89, 0xe0, 0x4c, 0x89,
    0xf6, 0x4c, 0x89, 0xef, 0xf3, 0x0f, 0x2c, 0xc8, 0x44, 0x01, 0xf9, 0xe8,
    0x30, 0xc2, 0xff, 0xff, 0xf3, 0x0f, 0x10, 0x44, 0x24, 0x04, 0xbf, 0x13,
    0x00, 0x00, 0x00, 0xf3, 0x0f, 0x59, 0x05, 0xe1, 0x21, 0x00, 0x00, 0xf3,
    0x48, 0x0f, 0x2c, 0xe8, 0xe8, 0x63, 0xf6, 0xff, 0xff, 0xf3, 0x0f, 0x10,
    0x74, 0x24, 0x04, 0x4c, 0x89, 0xf6, 0x4c, 0x89, 0xef, 0xf3, 0x0f, 0x10,
    0x05, 0xc7, 0x21, 0x00, 0x00, 0x49, 0x89, 0xc0, 0x8b, 0x44, 0x24, 0x38,
    0xf3, 0x0f, 0x59, 0xc6, 0x41, 0x89, 0xe9, 0xf3, 0x0f, 0x2c, 0xd8, 0xf3,
    0x0f, 0x10, 0x44, 0x24, 0x74, 0xf3, 0x0f, 0x59, 0xc6, 0x01, 0xc3, 0x89,
    0xda, 0xf3, 0x0f, 0x2c, 0xc8, 0x44, 0x01, 0xf9, 0xe8, 0xd3, 0xc1, 0xff,
    0xff, 0xf3, 0x0f, 0x10, 0x44, 0x24, 0x04, 0x41, 0x89, 0xe9, 0x89, 0xda,
    0xf3, 0x0f, 0x59, 0x05, 0x8c, 0x21, 0x00, 0x00, 0x4c, 0x8b, 0x44, 0x24,
    0x30, 0x4c, 0x89, 0xf6, 0x4c, 0x89, 0xef, 0xf3, 0x0f, 0x2c, 0xc8, 0x44,
    0x01, 0xf9, 0xe8, 0xa9, 0xc1, 0xff, 0xff, 0xbf, 0x14, 0x00, 0x00, 0x00,
    0xe8, 0xef, 0xf5, 0xff, 0xff, 0xf3, 0x0f, 0x10, 0x44, 0x24, 0x04, 0x41,
    0x89, 0xe9, 0x89, 0xda, 0xf3, 0x0f, 0x59, 0x05, 0x5c, 0x21, 0x00, 0x00,
    0x49, 0x89, 0xc0, 0x4c, 0x89, 0xf6, 0x4c, 0x89, 0xef, 0xf3, 0x0f, 0x2c,
    0xc8, 0x44, 0x01, 0xf9, 0xe8, 0x77, 0xc1, 0xff, 0xff, 0xf3, 0x0f, 0x10,
    0x44, 0x24, 0x04, 0x41, 0x89, 0xe9, 0x89, 0xda, 0xf3, 0x0f, 0x59, 0x05,
    0x38, 0x21, 0x00, 0x00, 0x4c, 0x8b, 0x44, 0x24, 0x68, 0x4c, 0x89, 0xf6,
    0x4c, 0x89, 0xef, 0xf3, 0x0f, 0x2c, 0xc8, 0x44, 0x01, 0xf9, 0xe8, 0x4d,
    0xc1, 0xff, 0xff, 0x48, 0x8b, 0x84, 0x24, 0xb8, 0x22, 0x00, 0x00, 0x64,
    0x48, 0x2b, 0x04, 0x25, 0x28, 0x00, 0x00, 0x00, 0x0f, 0x85, 0x8a, 0x06,
    0x00, 0x00, 0x48, 0x81, 0xc4, 0xc8, 0x22, 0x00, 0x00, 0x5b, 0x5d, 0x41,
    0x5c, 0x41, 0x5d, 0x41, 0x5e, 0x41, 0x5f, 0xc3, 0xf3, 0x0f, 0x10, 0x35,
    0xc0, 0x20, 0x00, 0x00, 0xf3, 0x0f, 0x10, 0x0d, 0xbc, 0x20, 0x00, 0x00,
    0xf3, 0x0f, 0x11, 0x74, 0x24, 0x74, 0xe9, 0xb3, 0xfd, 0xff, 0xff, 0xf3,
    0x0f, 0x10, 0x54, 0x24, 0x04, 0xf3, 0x0f, 0x10, 0x35, 0x9f, 0x20, 0x00,
    0x00, 0x4c, 0x89, 0xf7, 0xf3, 0x0f, 0x10, 0x0d, 0x98, 0x20, 0x00, 0x00,
    0x8b, 0x74, 0x24, 0x5c, 0x0f, 0x28, 0xc2, 0xf3, 0x0f, 0x11, 0x74, 0x24,
    0x74, 0xf3, 0x0f, 0x59, 0xc6, 0xf3, 0x0f, 0x11, 0x4c, 0x24, 0x20, 0xf3,
    0x0f, 0x59, 0xd1, 0xf3, 0x0f, 0x2c, 0xc0, 0x8d, 0x2c, 0x30, 0x8b, 0x74,
    0x24, 0x38, 0xf3, 0x0f, 0x2c, 0xc2, 0x01, 0xc6, 0x89, 0xd8, 0x99, 0x89,
    0x74, 0x24, 0x08, 0x41, 0xf7, 0xff, 0xba, 0x01, 0x00, 0x00, 0x00, 0x85,
    0xc0, 0x0f, 0x4e, 0xc2, 0x89, 0xea, 0x45, 0x31, 0xc9, 0x44, 0x8d, 0x04,
    0x83, 0x44, 0x8d, 0x14, 0x00, 0x44, 0x89, 0xc1, 0x44, 0x89, 0x54, 0x24,
    0x18, 0x44, 0x89, 0x44, 0x24, 0x10, 0xe8, 0xe1, 0x92, 0xff, 0xff, 0x44,
    0x8b, 0x44, 0x24, 0x10, 0x8b, 0x74, 0x24, 0x08, 0x89, 0xea, 0x41, 0x83,
    0xc9, 0xff, 0x4c, 0x89, 0xf7, 0x44, 0x89, 0xc1, 0xe8, 0xc7, 0x92, 0xff,
    0xff, 0x8b, 0x74, 0x24, 0x08, 0x44, 0x8b, 0x54, 0x24, 0x18, 0x44, 0x89,
    0xa4, 0x24, 0x8c, 0x00, 0x00, 0x00, 0x4c, 0x89, 0xac, 0x24, 0x90, 0x00,
    0x00, 0x00, 0xf3, 0x0f, 0x10, 0x4c, 0x24, 0x20, 0x42, 0x8d, 0x04, 0x16,
    0x44, 0x01, 0xd5, 0x4c, 0x89, 0xf6, 0x45, 0x31, 0xd2, 0x89, 0x44, 0x24,
    0x70, 0x48, 0x63, 0xc3, 0x89, 0xef, 0x48, 0x89, 0x84, 0x24, 0x80, 0x00,
    0x00, 0x00, 0x49, 0x63, 0xc7, 0x48, 0x89, 0x44, 0x24, 0x08, 0x48, 0x8b,
    0x44, 0x24, 0x28, 0x4e, 0x8d, 0x0c, 0x28, 0xb8, 0xd7, 0x78, 0x00, 0x00,
    0x4c, 0x89, 0x8c, 0x24, 0x98, 0x00, 0x00, 0x00, 0x66, 0x0f, 0x6e, 0xc0,
    0x66, 0x0f, 0x70, 0xc0, 0x00, 0x4d, 0x63, 0xc2, 0x4c, 0x8b, 0x4c, 0x24,
    0x08, 0x45, 0x8d, 0x5a, 0x01, 0x89, 0x7c, 0x24, 0x7c, 0x48, 0x8b, 0x9c,
    0x24, 0x80, 0x00, 0x00, 0x00, 0x44, 0x89, 0x54, 0x24, 0x78, 0x44, 0x89,
    0x9c, 0x24, 0x88, 0x00, 0x00, 0x00, 0x48, 0x89, 0xd9, 0x49, 0x0f, 0xaf,
    0xc8, 0x48, 0x89, 0xc8, 0x48, 0x99, 0x49, 0xf7, 0xf9, 0x01, 0xf8, 0x89,
    0x44, 0x24, 0x10, 0x48, 0x8d, 0x04, 0x0b, 0x48, 0x8b, 0x8c, 0x24, 0x90,
    0x00, 0x00, 0x00, 0x48, 0x99, 0x49, 0xf7, 0xf9, 0x4c, 0x0f, 0xaf, 0xc1,
    0x48, 0x8b, 0x4c, 0x24, 0x28, 0x4e, 0x8d, 0x3c, 0x01, 0x48, 0x8b, 0x8c,
    0x24, 0x98, 0x00, 0x00, 0x00, 0x4e, 0x8d, 0x34, 0x01, 0x45, 0x31, 0xc0,
    0x01, 0xf8, 0x48, 0x89, 0xdf, 0x89, 0x44, 0x24, 0x40, 0xeb, 0x21, 0x66,
    0x66, 0x2e, 0x0f, 0x1f, 0x84, 0x00, 0x00, 0x00, 0x00, 0x00, 0x66, 0x0f,
    0x1f, 0x44, 0x00, 0x00, 0x49, 0x01, 0xf8, 0x49, 0x83, 0xc7, 0x01, 0x4d,
    0x39, 0xfe, 0x0f, 0x84, 0x84, 0x01, 0x00, 0x00, 0x41, 0x80, 0x3f, 0x00,
    0x74, 0xea, 0x48, 0x8b, 0x5c, 0x24, 0x08, 0x4c, 0x89, 0xc0, 0x44, 0x8b,
    0x5c, 0x24, 0x70, 0x48, 0x99, 0x48, 0xf7, 0xfb, 0x45, 0x8d, 0x2c, 0x03,
    0x31, 0xc0, 0x45, 0x85, 0xed, 0x44, 0x0f, 0x48, 0xe8, 0x8b, 0x44, 0x24,
    0x10, 0x31, 0xc9, 0x85, 0xc0, 0x0f, 0x49, 0xc8, 0x49, 0x01, 0xf8, 0x4c,
    0x89, 0xc0, 0x48, 0x99, 0x48, 0xf7, 0xfb, 0x8b, 0x56, 0x08, 0x8b, 0x5e,
    0x0c, 0x44, 0x01, 0xd8, 0x39, 0xd0, 0x0f, 0x4f, 0xc2, 0x8b, 0x54, 0x24,
    0x40, 0x39, 0xda, 0x0f, 0x4e, 0xda, 0x41, 0x39, 0xc5, 0x7d, 0x9c, 0x39,
    0xd9, 0x7d, 0x98, 0x8b, 0x6e, 0x10, 0x41, 0x89, 0xc9, 0x89, 0xc2, 0x44,
    0x89, 0x6c, 0x24, 0x58, 0x44, 0x29, 0xea, 0x4c, 0x89, 0x7c, 0x24, 0x48,
    0x4c, 0x8b, 0x16, 0x4d, 0x63, 0xe5, 0xc1, 0xed, 0x02, 0x44, 0x8d, 0x5a,
    0xff, 0x48, 0x89, 0x74, 0x24, 0x50, 0x44, 0x0f, 0xaf, 0xcd, 0x44, 0x89,
    0x5c, 0x24, 0x20, 0x41, 0x89, 0xd3, 0x8b, 0x74, 0x24, 0x20, 0x41, 0xc1,
    0xeb, 0x02, 0x48, 0x89, 0x7c, 0x24, 0x20, 0x49, 0xc1, 0xe3, 0x04, 0x44,
    0x89, 0x4c, 0x24, 0x18, 0x41, 0x89, 0xd1, 0x83, 0xe2, 0xfc, 0x41, 0x83,
    0xe1, 0x03, 0x44, 0x01, 0xea, 0x44, 0x89, 0x4c, 0x24, 0x3c, 0x44, 0x8b,
    0x4c, 0x24, 0x18, 0x89, 0xd7, 0x4c, 0x89, 0x74, 0x24, 0x18, 0x44, 0x8b,
    0x74, 0x24, 0x3c, 0x66, 0x0f, 0x1f, 0x84, 0x00, 0x00, 0x00, 0x00, 0x00,
    0x45, 0x89, 0xcd, 0x83, 0xfe, 0x02, 0x0f, 0x86, 0xec, 0x00, 0x00, 0x00,
    0x4b, 0x8d, 0x14, 0x2c, 0x49, 0x8d, 0x14, 0x92, 0x4d, 0x8d, 0x3c, 0x13,
    0x41, 0xf6, 0xc3, 0x10, 0x74, 0x12, 0x0f, 0x11, 0x02, 0x48, 0x83, 0xc2,
    0x10, 0x49, 0x39, 0xd7, 0x74, 0x16, 0x66, 0x0f, 0x1f, 0x44, 0x00, 0x00,
    0x0f, 0x11, 0x02, 0x48, 0x83, 0xc2, 0x20, 0x0f, 0x11, 0x42, 0xf0, 0x49,
    0x39, 0xd7, 0x75, 0xf0, 0x45, 0x85, 0xf6, 0x0f, 0x84, 0x97, 0x00, 0x00,
    0x00, 0x89, 0xfa, 0x4c, 0x63, 0xfa, 0x4d, 0x01, 0xef, 0x43, 0xc7, 0x04,
    0xba, 0xd7, 0x78, 0x00, 0x00, 0x44, 0x8d, 0x7a, 0x01, 0x44, 0x39, 0xf8,
    0x7e, 0x23, 0x4d, 0x63, 0xff, 0x83, 0xc2, 0x02, 0x4d, 0x01, 0xef, 0x43,
    0xc7, 0x04, 0xba, 0xd7, 0x78, 0x00, 0x00, 0x39, 0xd0, 0x7e, 0x0e, 0x48,
    0x63, 0xd2, 0x4c, 0x01, 0xea, 0x41, 0xc7, 0x04, 0x92, 0xd7, 0x78, 0x00,
    0x00, 0x83, 0xc1, 0x01, 0x41, 0x01, 0xe9, 0x39, 0xcb, 0x0f, 0x8f, 0x6d,
    0xff, 0xff, 0xff, 0x4c, 0x8b, 0x7c, 0x24, 0x48, 0x4c, 0x8b, 0x74, 0x24,
    0x18, 0x48, 0x8b, 0x74, 0x24, 0x50, 0x48, 0x8b, 0x7c, 0x24, 0x20, 0x49,
    0x83, 0xc7, 0x01, 0x4d, 0x39, 0xfe, 0x0f, 0x85, 0x7c, 0xfe, 0xff, 0xff,
    0x44, 0x8b, 0x54, 0x24, 0x78, 0x8b, 0x7c, 0x24, 0x7c, 0x44, 0x8b, 0x9c,
    0x24, 0x88, 0x00, 0x00, 0x00, 0x44, 0x39, 0x94, 0x24, 0x8c, 0x00, 0x00,
    0x00, 0x0f, 0x8e, 0xa4, 0x02, 0x00, 0x00, 0x45, 0x89, 0xda, 0xe9, 0xc2,
    0xfd, 0xff, 0xff, 0x0f, 0x1f, 0x44, 0x00, 0x00, 0x83, 0xc1, 0x01, 0x41,
    0x01, 0xe9, 0x39, 0xcb, 0x7e, 0xa9, 0x45, 0x89, 0xcd, 0xe9, 0x1a, 0xff,
    0xff, 0xff, 0x66, 0x0f, 0x1f, 0x44, 0x00, 0x00, 0x8b, 0x54, 0x24, 0x58,
    0xe9, 0x4a, 0xff, 0xff, 0xff, 0x85, 0xc9, 0x74, 0x27, 0x48, 0x8d, 0x84,
    0x24, 0xb0, 0x00, 0x00, 0x00, 0x8d, 0x0c, 0x49, 0x89, 0x94, 0x24, 0xb0,
    0x00, 0x00, 0x00, 0x48, 0x89, 0xea, 0x8d, 0x71, 0x01, 0x48, 0x89, 0xc1,
    0xe8, 0x0b, 0x94, 0xff, 0xff, 0x8b, 0x94, 0x24, 0xb0, 0x00, 0x00, 0x00,
    0x39, 0xd3, 0x0f, 0x85, 0x58, 0x8a, 0xff, 0xff, 0xc7, 0x84, 0x24, 0xa0,
    0x00, 0x00, 0x00, 0x01, 0x00, 0x00, 0x00, 0x44, 0x89, 0xa4, 0x24, 0xa4,
    0x00, 0x00, 0x00, 0x48, 0x89, 0xac, 0x24, 0xa8, 0x00, 0x00, 0x00, 0x89,
    0x9c, 0x24, 0xb0, 0x00, 0x00, 0x00, 0xe9, 0x20, 0xf6, 0xff, 0xff, 0x49,
    0x6b, 0xc4, 0x0b, 0x48, 0x8d, 0xac, 0x24, 0x60, 0x13, 0x00, 0x00, 0x48,
    0x89, 0xef, 0x48, 0x83, 0xc0, 0x01, 0x48, 0xd1, 0xf8, 0x8d, 0x50, 0x07,
    0x48, 0x89, 0x44, 0x24, 0x08, 0x31, 0xc0, 0x48, 0x63, 0xd2, 0x48, 0xc1,
    0xea, 0x03, 0x83, 0xfa, 0x08, 0x72, 0x08, 0x89, 0xd1, 0xc1, 0xe9, 0x03,
    0xf3, 0x48, 0xab, 0xf6, 0xc2, 0x04, 0x74, 0x01, 0xab, 0xf6, 0xc2, 0x02,
    0x74, 0x02, 0x66, 0xab, 0x80, 0xe2, 0x01, 0x74, 0x01, 0xaa, 0x31, 0xd2,
    0x31, 0xc9, 0x4c, 0x89, 0x74, 0x24, 0x10, 0x4c, 0x8b, 0x7c, 0x24, 0x30,
    0x4c, 0x89, 0x64, 0x24, 0x18, 0x45, 0x31, 0xed, 0x41, 0x89, 0xd6, 0x41,
    0x89, 0xcc, 0xeb, 0x04, 0x49, 0x83, 0xc7, 0x01, 0x41, 0x0f, 0xb6, 0x07,
    0x84, 0xc0, 0x0f, 0x84, 0xaf, 0x01, 0x00, 0x00, 0x0f, 0xbe, 0xf0, 0x48,
    0x89, 0xdf, 0xe8, 0xa5, 0x83, 0xff, 0xff, 0x48, 0x85, 0xc0, 0x0f, 0x84,
    0xc7, 0x89, 0xff, 0xff, 0x45, 0x6b, 0xed, 0x2d, 0x48, 0x29, 0xd8, 0x41,
    0x83, 0xc4, 0x01, 0x41, 0x01, 0xc5, 0x41, 0x83, 0xfc, 0x02, 0x75, 0xc8,
    0x41, 0xf7, 0xc5, 0x00, 0xf8, 0xff, 0xff, 0x0f, 0x85, 0x55, 0x89, 0xff,
    0xff, 0x44, 0x89, 0xf1, 0x44, 0x89, 0xf0, 0x44, 0x89, 0xee, 0xc1, 0xf8,
    0x03, 0xf7, 0xd1, 0xc1, 0xee, 0x0a, 0x83, 0xe1, 0x07, 0x48, 0x63, 0xf8,
    0xd3, 0xe6, 0x41, 0x8d, 0x4e, 0x01, 0x40, 0x08, 0x74, 0x3d, 0x00, 0x44,
    0x89, 0xee, 0x89, 0xcf, 0xc1, 0xee, 0x09, 0xf7, 0xd1, 0xc1, 0xff, 0x03,
    0x83, 0xe1, 0x07, 0x83, 0xe6, 0x01, 0x48, 0x63, 0xff, 0xd3, 0xe6, 0x41,
    0x8d, 0x4e, 0x02, 0x40, 0x08, 0x74, 0x3d, 0x00, 0x44, 0x89, 0xee, 0x89,
    0xcf, 0xf7, 0xd1, 0xc1, 0xee, 0x08, 0x83, 0xe1, 0x07, 0xc1, 0xff, 0x03,
    0x83, 0xe6, 0x01, 0x48, 0x63, 0xff, 0xd3, 0xe6, 0x41, 0x8d, 0x4e, 0x03,
    0x40, 0x08, 0x74, 0x3d, 0x00, 0x44, 0x89, 0xee, 0x89, 0xcf, 0xc1, 0xee,
    0x07, 0xf7, 0xd1, 0xc1, 0xff, 0x03, 0x83, 0xe1, 0x07, 0x83, 0xe6, 0x01,
    0x48, 0x63, 0xff, 0xd3, 0xe6, 0x41, 0x8d, 0x4e, 0x04, 0x40, 0x08, 0x74,
    0x3d, 0x00, 0x44, 0x89, 0xee, 0x89, 0xcf, 0xf7, 0xd1, 0xc1, 0xee, 0x06,
    0x83, 0xe1, 0x07, 0xc1, 0xff, 0x03, 0x83, 0xe6, 0x01, 0x48, 0x63, 0xff,
    0xd3, 0xe6, 0x41, 0x8d, 0x4e, 0x05, 0x40, 0x08, 0x74, 0x3d, 0x00, 0x44,
    0x89, 0xee, 0x89, 0xcf, 0xc1, 0xee, 0x05, 0xf7, 0xd1, 0xc1, 0xff, 0x03,
    0x83, 0xe6, 0x01, 0x83, 0xe1, 0x07, 0x83, 0xc0, 0x01, 0x48, 0x63, 0xff,
    0xd3, 0xe6, 0x41, 0x8d, 0x4e, 0x06, 0x48, 0x98, 0x40, 0x08, 0x74, 0x3d,
    0x00, 0x44, 0x89, 0xee, 0x89, 0xcf, 0xf7, 0xd1, 0xc1, 0xee, 0x04, 0x83,
    0xe1, 0x07, 0xc1, 0xff, 0x03, 0x83, 0xe6, 0x01, 0x48, 0x63, 0xff, 0xd3,
    0xe6, 0x41, 0x8d, 0x4e, 0x07, 0x40, 0x08, 0x74, 0x3d, 0x00, 0x44, 0x89,
    0xee, 0x89, 0xcf, 0xc1, 0xee, 0x03, 0xf7, 0xd1, 0xc1, 0xff, 0x03, 0x83,
    0xe1, 0x07, 0x83, 0xe6, 0x01, 0x48, 0x63, 0xff, 0xd3, 0xe6, 0x44, 0x89,
    0xf1, 0x40, 0x08, 0x74, 0x3d, 0x00, 0x44, 0x89, 0xee, 0xf7, 0xd1, 0xc1,
    0xee, 0x02, 0x83, 0xe1, 0x07, 0x83, 0xe6, 0x01, 0xd3, 0xe6, 0x40, 0x08,
    0x74, 0x05, 0x00, 0x41, 0x8d, 0x46, 0x09, 0x44, 0x89, 0xee, 0x89, 0xc7,
    0xf7, 0xd0, 0xd1, 0xee, 0x41, 0x83, 0xe5, 0x01, 0x83, 0xe0, 0x07, 0xc1,
    0xff, 0x03, 0x83, 0xe6, 0x01, 0x89, 0xc1, 0x48, 0x63, 0xff, 0x41, 0x8d,
    0x46, 0x0a, 0xd3, 0xe6, 0x40, 0x08, 0x74, 0x3d, 0x00, 0x89, 0xc6, 0xf7,
    0xd0, 0xc1, 0xfe, 0x03, 0x83, 0xe0, 0x07, 0x48, 0x63, 0xf6, 0x89, 0xc1,
    0x41, 0xd3, 0xe5, 0x44, 0x08, 0x6c, 0x35, 0x00, 0x41, 0x83, 0xc6, 0x0b,
    0x45, 0x31, 0xe4, 0x45, 0x31, 0xed, 0xe9, 0x49, 0xfe, 0xff, 0xff, 0x49,
    0x89, 0xf6, 0xe9, 0xc5, 0xf7, 0xff, 0xff, 0x44, 0x89, 0xe1, 0x44, 0x89,
    0xf2, 0x4c, 0x8b, 0x64, 0x24, 0x18, 0x4c, 0x8b, 0x74, 0x24, 0x10, 0x85,
    0xc9, 0x75, 0x35, 0x39, 0x54, 0x24, 0x08, 0x0f, 0x85, 0x2d, 0x88, 0xff,
    0xff, 0x8b, 0x44, 0x24, 0x08, 0x44, 0x89, 0xa4, 0x24, 0xa4, 0x00, 0x00,
    0x00, 0xc7, 0x84, 0x24, 0xa0, 0x00, 0x00, 0x00, 0x02, 0x00, 0x00, 0x00,
    0x48, 0x89, 0xac, 0x24, 0xa8, 0x00, 0x00, 0x00, 0x89, 0x84, 0x24, 0xb0,
    0x00, 0x00, 0x00, 0xe9, 0xb3, 0xf3, 0xff, 0xff, 0x89, 0x94, 0x24, 0xb0,
    0x00, 0x00, 0x00, 0xbe, 0x06, 0x00, 0x00, 0x00, 0x48, 0x89, 0xea, 0x44,
    0x89, 0xef, 0x48, 0x8d, 0x8c, 0x24, 0xb0, 0x00, 0x00, 0x00, 0xe8, 0x49,
    0x91, 0xff, 0xff, 0x8b, 0x94, 0x24, 0xb0, 0x00, 0x00, 0x00, 0xeb, 0xa3,
    0xe9, 0x6a, 0x87, 0xff, 0xff, 0x31, 0xd2, 0x48, 0x8d, 0xac, 0x24, 0x60,
    0x13, 0x00, 0x00, 0xe9, 0x78, 0xf2, 0xff, 0xff, 0xe8, 0xd7, 0x81, 0xff,
    0xff, 0xf3, 0x0f, 0x10, 0x2d, 0x43, 0x1a, 0x00, 0x00, 0xf3, 0x0f, 0x10,
    0x0d, 0x3f, 0x1a, 0x00, 0x00, 0xf3, 0x0f, 0x11, 0x6c, 0x24, 0x74, 0xe9,
    0x36, 0xf7, 0xff, 0xff, 0xf3, 0x0f, 0x10, 0x15, 0x28, 0x1a, 0x00, 0x00,
    0xf3, 0x0f, 0x10, 0x0d, 0x24, 0x1a, 0x00, 0x00, 0xf3, 0x0f, 0x11, 0x54,
    0x24, 0x74, 0xe9, 0x1b, 0xf7, 0xff, 0xff, 0x90, 0x41, 0x57, 0xb9, 0x10,
    0x00, 0x00, 0x00, 0x31, 0xf6, 0x41, 0x56, 0x41, 0x55, 0x41, 0x54, 0x55,
    0x53, 0x48, 0x81, 0xec, 0x38, 0x03, 0x00, 0x00, 0x48, 0x89, 0x7c, 0x24,
    0x08, 0x48, 0x8d, 0x94, 0x24, 0x90, 0x00, 0x00, 0x00, 0x48, 0x89, 0xd7,
    0x64, 0x48, 0x8b, 0x04, 0x25, 0x28, 0x00, 0x00, 0x00, 0x48, 0x89, 0x84,
    0x24, 0x28, 0x03, 0x00, 0x00, 0x31, 0xc0, 0x48, 0xc7, 0x84, 0x24, 0x10,
    0x01, 0x00, 0x00, 0xff, 0xff, 0xff, 0xff, 0xf3, 0x48, 0xab, 0xbf, 0x01,
    0x00, 0x00, 0x00, 0xc7, 0x84, 0x24, 0x90, 0x00, 0x00, 0x00, 0xff, 0xff,
    0xff, 0xff, 0xe8, 0xd1, 0xee, 0xff, 0xff, 0x31, 0xc0, 0xbe, 0x02, 0x00,
    0x00, 0x00, 0x48, 0x8d, 0x3d, 0xb5, 0x1b, 0x00, 0x00, 0xe8, 0x4e, 0x80,
    0xff, 0xff, 0x85, 0xc0, 0x0f, 0x88, 0x78, 0x87, 0xff, 0xff, 0x31, 0xd2,
    0x41, 0x89, 0xc4, 0x48, 0x8d, 0x44, 0x24, 0x70, 0xbe, 0x03, 0x56, 0x00,
    0x00, 0x48, 0x89, 0x04, 0x24, 0x44, 0x89, 0xe7, 0x66, 0x89, 0x54, 0x24,
    0x74, 0x48, 0x89, 0xc2, 0x31, 0xc0, 0xc7, 0x44, 0x24, 0x70, 0x00, 0x00,
    0x00, 0x00, 0xe8, 0xa9, 0x7e, 0xff, 0xff, 0x85, 0xc0, 0x0f, 0x88, 0xf0,
    0x0d, 0x00, 0x00, 0x44, 0x0f, 0xb7, 0x6c, 0x24, 0x70, 0xbf, 0x01, 0x00,
    0x00, 0x00, 0xe8, 0x01, 0xee, 0xff, 0xff, 0xbf, 0x02, 0x00, 0x00, 0x00,
    0x48, 0x89, 0xc6, 0x44, 0x89, 0xea, 0x31, 0xc0, 0xe8, 0xdf, 0x7e, 0xff,
    0xff, 0x41, 0x83, 0xfd, 0x06, 0x74, 0x2e, 0xba, 0x06, 0x00, 0x00, 0x00,
    0xbe, 0x02, 0x00, 0x00, 0x00, 0xbf, 0x02, 0x00, 0x00, 0x00, 0x31, 0xc0,
    0xe8, 0x43, 0xee, 0xff, 0xff, 0xbe, 0x06, 0x00, 0x00, 0x00, 0x44, 0x89,
    0xe7, 0xe8, 0x56, 0xb8, 0xff, 0xff, 0x89, 0xc3, 0x83, 0xf8, 0xff, 0x0f,
    0x84, 0x09, 0x06, 0x00, 0x00, 0xbe, 0x03, 0x00, 0x00, 0x00, 0xbf, 0x03,
    0x00, 0x00, 0x00, 0x31, 0xc0, 0x45, 0x31, 0xf6, 0xe8, 0x17, 0xee, 0xff,
    0xff, 0x44, 0x89, 0x64, 0x24, 0x10, 0x4c, 0x8d, 0xbc, 0x24, 0x20, 0x01,
    0x00, 0x00, 0x45, 0x89, 0xf1, 0x4c, 0x8d, 0x05, 0x31, 0x1b, 0x00, 0x00,
    0x4c, 0x89, 0xff, 0x31, 0xc0, 0xb9, 0x40, 0x00, 0x00, 0x00, 0xba, 0x02,
    0x00, 0x00, 0x00, 0xbe, 0x40, 0x00, 0x00, 0x00, 0xe8, 0x37, 0x81, 0xff,
    0xff, 0xbe, 0x02, 0x00, 0x08, 0x00, 0x4c, 0x89, 0xff, 0x31, 0xc0, 0xe8,
    0x68, 0x7f, 0xff, 0xff, 0x89, 0x84, 0x24, 0x90, 0x00, 0x00, 0x00, 0x89,
    0xc5, 0x85, 0xc0, 0x78, 0x71, 0x89, 0xc7, 0xe8, 0xd4, 0x80, 0xff, 0xff,
    0x48, 0x89, 0xc3, 0x48, 0x85, 0xc0, 0x74, 0x4b, 0x45, 0x31, 0xe4, 0x83,
    0x78, 0x20, 0x00, 0x7e, 0x3a, 0x0f, 0x1f, 0x00, 0x48, 0x8b, 0x43, 0x28,
    0x89, 0xef, 0x42, 0x8b, 0x34, 0xa0, 0xe8, 0x51, 0x7d, 0xff, 0xff, 0x48,
    0x89, 0xc7, 0x48, 0x85, 0xc0, 0x74, 0x16, 0x83, 0x78, 0x10, 0x01, 0x75,
    0x0b, 0x8b, 0x40, 0x20, 0x85, 0xc0, 0x0f, 0x8f, 0x29, 0x07, 0x00, 0x00,
    0xe8, 0xd3, 0x7d, 0xff, 0xff, 0x49, 0x83, 0xc4, 0x01, 0x44, 0x39, 0x63,
    0x20, 0x7f, 0xc9, 0x48, 0x89, 0xdf, 0xe8, 0x21, 0x7e, 0xff, 0xff, 0x8b,
    0xbc, 0x24, 0x90, 0x00, 0x00, 0x00, 0xe8, 0x75, 0x7d, 0xff, 0xff, 0xc7,
    0x84, 0x24, 0x90, 0x00, 0x00, 0x00, 0xff, 0xff, 0xff, 0xff, 0x41, 0x83,
    0xc6, 0x01, 0x41, 0x83, 0xfe, 0x08, 0x0f, 0x85, 0x42, 0xff, 0xff, 0xff,
    0x44, 0x8b, 0x64, 0x24, 0x10, 0x8b, 0xbc, 0x24, 0x90, 0x00, 0x00, 0x00,
    0x85, 0xff, 0x0f, 0x88, 0x58, 0x0c, 0x00, 0x00, 0xe8, 0x63, 0x80, 0xff,
    0xff, 0x85, 0xc0, 0x0f, 0x88, 0x6d, 0x86, 0xff, 0xff, 0xbe, 0x04, 0x00,
    0x00, 0x00, 0xbf, 0x04, 0x00, 0x00, 0x00, 0x31, 0xc0, 0xe8, 0x1a, 0xed,
    0xff, 0xff, 0x8b, 0xbc, 0x24, 0x90, 0x00, 0x00, 0x00, 0xe8, 0x1e, 0x80,
    0xff, 0xff, 0x48, 0x89, 0x84, 0x24, 0x98, 0x00, 0x00, 0x00, 0x48, 0x85,
    0xc0, 0x0f, 0x84, 0x2b, 0x86, 0xff, 0xff, 0x31, 0xdb, 0x83, 0x78, 0x20,
    0x00, 0x7e, 0x47, 0x0f, 0x1f, 0x44, 0x00, 0x00, 0x48, 0x8b, 0x40, 0x28,
    0x8b, 0xbc, 0x24, 0x90, 0x00, 0x00, 0x00, 0x8b, 0x34, 0x98, 0xe8, 0x8d,
    0x7c, 0xff, 0xff, 0x48, 0x89, 0xc7, 0x48, 0x85, 0xc0, 0x74, 0x16, 0x83,
    0x78, 0x10, 0x01, 0x75, 0x0b, 0x8b, 0x68, 0x20, 0x85, 0xed, 0x0f, 0x8f,
    0xa8, 0x06, 0x00, 0x00, 0xe8, 0x0f, 0x7d, 0xff, 0xff, 0x48, 0x8b, 0x84,
    0x24, 0x98, 0x00, 0x00, 0x00, 0x48, 0x83, 0xc3, 0x01, 0x39, 0x58, 0x20,
    0x7f, 0xbe, 0x48, 0x8b, 0x84, 0x24, 0xa0, 0x00, 0x00, 0x00, 0x48, 0x85,
    0xc0, 0x0f, 0x84, 0xea, 0x0b, 0x00, 0x00, 0x48, 0x8d, 0xbc, 0x24, 0xb0,
    0x00, 0x00, 0x00, 0x48, 0x8b, 0x70, 0x28, 0xb9, 0x11, 0x00, 0x00, 0x00,
    0x48, 0x89, 0x7c, 0x24, 0x10, 0xf3, 0xa5, 0x66, 0x0f, 0x6e, 0x8c, 0x24,
    0xbc, 0x00, 0x00, 0x00, 0x66, 0x0f, 0x6e, 0x84, 0x24, 0xb4, 0x00, 0x00,
    0x00, 0x66, 0x0f, 0x61, 0xc1, 0x66, 0x0f, 0xef, 0xc9, 0xf2, 0x0f, 0x70,
    0xc0, 0xec, 0x66, 0x0f, 0x61, 0xc1, 0x66, 0x0f, 0xd6, 0x84, 0x24, 0xf8,
    0x00, 0x00, 0x00, 0x8b, 0x70, 0x04, 0x85, 0xf6, 0x0f, 0x85, 0x06, 0x06,
    0x00, 0x00, 0x83, 0xbc, 0x24, 0xf4, 0x00, 0x00, 0x00, 0x00, 0x75, 0x1b,
    0x48, 0x8b, 0x84, 0x24, 0x98, 0x00, 0x00, 0x00, 0x83, 0x78, 0x10, 0x00,
    0x7e, 0x0d, 0x48, 0x8b, 0x40, 0x18, 0x8b, 0x00, 0x89, 0x84, 0x24, 0xf4,
    0x00, 0x00, 0x00, 0x8b, 0x8c, 0x24, 0xfc, 0x00, 0x00, 0x00, 0x8b, 0x94,
    0x24, 0xf8, 0x00, 0x00, 0x00, 0x31, 0xc0, 0xbe, 0x05, 0x00, 0x00, 0x00,
    0xbf, 0x05, 0x00, 0x00, 0x00, 0xe8, 0x0a, 0xec, 0xff, 0xff, 0x31, 0xc0,
    0xbe, 0x06, 0x00, 0x00, 0x00, 0xbf, 0x06, 0x00, 0x00, 0x00, 0xe8, 0xf9,
    0xeb, 0xff, 0xff, 0x48, 0x8d, 0x54, 0x24, 0x7c, 0x31, 0xc0, 0xb9, 0x05,
    0x00, 0x00, 0x00, 0x48, 0x89, 0xd7, 0x48, 0x8b, 0x14, 0x24, 0xbe, 0xb2,
    0x64, 0x20, 0xc0, 0xf3, 0x0f, 0x7e, 0x84, 0x24, 0xf8, 0x00, 0x00, 0x00,
    0xf3, 0xab, 0x8b, 0xbc, 0x24, 0x90, 0x00, 0x00, 0x00, 0xc7, 0x44, 0x24,
    0x78, 0x20, 0x00, 0x00, 0x00, 0x66, 0x0f, 0x70, 0xc0, 0xe1, 0x66, 0x0f,
    0xd6, 0x44, 0x24, 0x70, 0xe8, 0xd7, 0x7b, 0xff, 0xff, 0x85, 0xc0, 0x0f,
    0x88, 0x19, 0x85, 0xff, 0xff, 0x8b, 0x84, 0x24, 0x80, 0x00, 0x00, 0x00,
    0x44, 0x8b, 0x8c, 0x24, 0x84, 0x00, 0x00, 0x00, 0x48, 0x8d, 0x94, 0x24,
    0x04, 0x01, 0x00, 0x00, 0x41, 0xb8, 0x20, 0x00, 0x00, 0x00, 0x66, 0x0f,
    0x6e, 0xbc, 0x24, 0x88, 0x00, 0x00, 0x00, 0xb9, 0x18, 0x00, 0x00, 0x00,
    0x66, 0x0f, 0x6e, 0xc0, 0x44, 0x89, 0x8c, 0x24, 0x00, 0x01, 0x00, 0x00,
    0x66, 0x0f, 0x62, 0xc7, 0x66, 0x0f, 0xd6, 0x84, 0x24, 0x08, 0x01, 0x00,
    0x00, 0x52, 0x50, 0x8b, 0x94, 0x24, 0x0c, 0x01, 0x00, 0x00, 0x8b, 0xb4,
    0x24, 0x08, 0x01, 0x00, 0x00, 0x8b, 0xbc, 0x24, 0xa0, 0x00, 0x00, 0x00,
    0xe8, 0x1f, 0x7e, 0xff, 0xff, 0x41, 0x5a, 0x41, 0x5b, 0x85, 0xc0, 0x0f,
    0x88, 0x60, 0x84, 0xff, 0xff, 0x48, 0x8d, 0x44, 0x24, 0x60, 0x45, 0x31,
    0xc0, 0x45, 0x31, 0xc9, 0xbe, 0xb3, 0x64, 0x10, 0xc0, 0x48, 0x89, 0x44,
    0x24, 0x18, 0x48, 0x89, 0xc2, 0x8b, 0x84, 0x24, 0x80, 0x00, 0x00, 0x00,
    0x8b, 0xbc, 0x24, 0x90, 0x00, 0x00, 0x00, 0x4c, 0x89, 0x44, 0x24, 0x64,
    0x89, 0x44, 0x24, 0x60, 0x31, 0xc0, 0x44, 0x89, 0x4c, 0x24, 0x6c, 0xe8,
    0x28, 0x7b, 0xff, 0xff, 0x85, 0xc0, 0x0f, 0x88, 0x0c, 0x84, 0xff, 0xff,
    0x4c, 0x8b, 0x4c, 0x24, 0x68, 0x44, 0x8b, 0x84, 0x24, 0x90, 0x00, 0x00,
    0x00, 0xba, 0x03, 0x00, 0x00, 0x00, 0x31, 0xff, 0x48, 0x8b, 0xb4, 0x24,
    0x88, 0x00, 0x00, 0x00, 0xb9, 0x01, 0x00, 0x00, 0x00, 0xe8, 0xda, 0x7a,
    0xff, 0xff, 0x48, 0x89, 0x84, 0x24, 0x10, 0x01, 0x00, 0x00, 0x48, 0x89,
    0xc2, 0x48, 0x83, 0xf8, 0xff, 0x0f, 0x84, 0xa3, 0x83, 0xff, 0xff, 0xf3,
    0x0f, 0x7e, 0x84, 0x24, 0xf8, 0x00, 0x00, 0x00, 0x44, 0x8b, 0x8c, 0x24,
    0x00, 0x01, 0x00, 0x00, 0x48, 0x89, 0x44, 0x24, 0x70, 0x66, 0x0f, 0x70,
    0xe8, 0xe5, 0x44, 0x89, 0x8c, 0x24, 0x80, 0x00, 0x00, 0x00, 0x41, 0xc1,
    0xe9, 0x02, 0x66, 0x0f, 0x7e, 0xc5, 0x66, 0x0f, 0x7e, 0x6c, 0x24, 0x34,
    0x83, 0x7c, 0x24, 0x34, 0x00, 0x66, 0x0f, 0xd6, 0x44, 0x24, 0x78, 0x0f,
    0x84, 0xd1, 0x00, 0x00, 0x00, 0x85, 0xed, 0x0f, 0x84, 0xc9, 0x00, 0x00,
    0x00, 0x41, 0x89, 0xe8, 0x44, 0x89, 0x64, 0x24, 0x20, 0xb8, 0xd7, 0x78,
    0x00, 0x00, 0x89, 0xeb, 0x41, 0xc1, 0xe8, 0x02, 0x41, 0x89, 0xee, 0x44,
    0x8b, 0x64, 0x24, 0x34, 0x66, 0x0f, 0x6e, 0xc0, 0x44, 0x8d, 0x55, 0xff,
    0x31, 0xff, 0x31, 0xf6, 0x49, 0xc1, 0xe0, 0x04, 0x83, 0xe3, 0x03, 0x41,
    0x83, 0xe6, 0xfc, 0x66, 0x0f, 0x70, 0xc0, 0x00, 0x89, 0xf9, 0x41, 0x83,
    0xfa, 0x02, 0x0f, 0x86, 0x29, 0x04, 0x00, 0x00, 0x48, 0x8d, 0x04, 0x8a,
    0x4d, 0x8d, 0x1c, 0x00, 0x41, 0xf6, 0xc0, 0x10, 0x74, 0x1a, 0x0f, 0x11,
    0x00, 0x48, 0x83, 0xc0, 0x10, 0x4c, 0x39, 0xd8, 0x74, 0x1e, 0x66, 0x66,
    0x2e, 0x0f, 0x1f, 0x84, 0x00, 0x00, 0x00, 0x00, 0x00, 0x0f, 0x1f, 0x00,
    0x0f, 0x11, 0x00, 0x48, 0x83, 0xc0, 0x20, 0x0f, 0x11, 0x40, 0xf0, 0x4c,
    0x39, 0xd8, 0x75, 0xf0, 0x85, 0xdb, 0x74, 0x36, 0x44, 0x89, 0xf0, 0x41,
    0x89, 0xc3, 0x49, 0x01, 0xcb, 0x42, 0xc7, 0x04, 0x9a, 0xd7, 0x78, 0x00,
    0x00, 0x44, 0x8d, 0x58, 0x01, 0x41, 0x39, 0xeb, 0x73, 0x1c, 0x49, 0x01,
    0xcb, 0x83, 0xc0, 0x02, 0x42, 0xc7, 0x04, 0x9a, 0xd7, 0x78, 0x00, 0x00,
    0x39, 0xe8, 0x73, 0x0a, 0x48, 0x01, 0xc8, 0xc7, 0x04, 0x82, 0xd7, 0x78,
    0x00, 0x00, 0x83, 0xc6, 0x01, 0x44, 0x01, 0xcf, 0x41, 0x39, 0xf4, 0x0f,
    0x85, 0x73, 0xff, 0xff, 0xff, 0x44, 0x8b, 0x64, 0x24, 0x20, 0x48, 0x8b,
    0x7c, 0x24, 0x18, 0x66, 0x0f, 0xef, 0xc0, 0x0f, 0x29, 0x44, 0x24, 0x60,
    0xe8, 0x0f, 0xb4, 0xff, 0xff, 0x66, 0x0f, 0x6f, 0x64, 0x24, 0x60, 0x89,
    0xc3, 0x0f, 0x29, 0x64, 0x24, 0x20, 0x85, 0xc0, 0x0f, 0x84, 0x64, 0x05,
    0x00, 0x00, 0x31, 0xdb, 0x66, 0x0f, 0x6f, 0x5c, 0x24, 0x20, 0xbe, 0x07,
    0x00, 0x00, 0x00, 0xbf, 0x07, 0x00, 0x00, 0x00, 0x31, 0xc0, 0x0f, 0x17,
    0x5c, 0x24, 0x38, 0x66, 0x0f, 0xd6, 0x5c, 0x24, 0x40, 0xe8, 0x66, 0xe9,
    0xff, 0xff, 0x8b, 0xb4, 0x24, 0xf4, 0x00, 0x00, 0x00, 0x8b, 0xbc, 0x24,
    0x90, 0x00, 0x00, 0x00, 0xe8, 0xf3, 0x7a, 0xff, 0xff, 0x48, 0x89, 0x84,
    0x24, 0xa8, 0x00, 0x00, 0x00, 0x48, 0x85, 0xc0, 0x0f, 0x84, 0xe2, 0x81,
    0xff, 0xff, 0xff, 0x74, 0x24, 0x10, 0x45, 0x31, 0xc0, 0x31, 0xc9, 0x6a,
    0x01, 0x4c, 0x8b, 0x8c, 0x24, 0xb0, 0x00, 0x00, 0x00, 0x8b, 0x94, 0x24,
    0x14, 0x01, 0x00, 0x00, 0x8b, 0xb4, 0x24, 0x04, 0x01, 0x00, 0x00, 0x8b,
    0xbc, 0x24, 0xa0, 0x00, 0x00, 0x00, 0xe8, 0x35, 0x7c, 0xff, 0xff, 0x41,
    0x5e, 0x5a, 0x85, 0xc0, 0x0f, 0x88, 0x99, 0x81, 0xff, 0xff, 0x85, 0xdb,
    0x0f, 0x85, 0xfa, 0x02, 0x00, 0x00, 0x48, 0x8b, 0x44, 0x24, 0x38, 0x48,
    0x85, 0xc0, 0x74, 0x08, 0x48, 0x89, 0xc7, 0xe8, 0xa0, 0x7c, 0xff, 0xff,
    0x48, 0x8b, 0x44, 0x24, 0x40, 0x48, 0x85, 0xc0, 0x74, 0x08, 0x48, 0x89,
    0xc7, 0xe8, 0xae, 0x79, 0xff, 0xff, 0x83, 0x3d, 0xc3, 0x73, 0x00, 0x00,
    0x00, 0xbf, 0x0a, 0x00, 0x00, 0x00, 0x75, 0x05, 0xbf, 0x09, 0x00, 0x00,
    0x00, 0xe8, 0x56, 0xe8, 0xff, 0xff, 0xbf, 0x08, 0x00, 0x00, 0x00, 0x48,
    0x89, 0xc3, 0xe8, 0x49, 0xe8, 0xff, 0xff, 0x48, 0x89, 0xd9, 0xba, 0x02,
    0x00, 0x00, 0x00, 0xbf, 0x02, 0x00, 0x00, 0x00, 0x48, 0x89, 0xc6, 0x31,
    0xc0, 0xe8, 0x22, 0x79, 0xff, 0xff, 0xbf, 0x02, 0x00, 0x00, 0x00, 0xe8,
    0xe8, 0x79, 0xff, 0xff, 0x83, 0x3d, 0x7d, 0x73, 0x00, 0x00, 0x00, 0x75,
    0x2b, 0xe8, 0x8a, 0x7c, 0xff, 0xff, 0xbf, 0x67, 0x45, 0x23, 0x01, 0xe8,
    0xe0, 0x79, 0xff, 0xff, 0x89, 0xc3, 0x85, 0xc0, 0x0f, 0x84, 0x66, 0x01,
    0x00, 0x00, 0xbf, 0x0b, 0x00, 0x00, 0x00, 0xe8, 0xfc, 0xe7, 0xff, 0xff,
    0x48, 0x89, 0xc7, 0xe8, 0x24, 0x7c, 0xff, 0xff, 0x48, 0x8b, 0x84, 0x24,
    0xa8, 0x00, 0x00, 0x00, 0x48, 0x85, 0xc0, 0x74, 0x33, 0x48, 0x8d, 0x70,
    0x1c, 0x44, 0x8b, 0x40, 0x0c, 0x8b, 0x48, 0x08, 0x8b, 0x50, 0x04, 0x56,
    0x6a, 0x01, 0x4c, 0x8b, 0x8c, 0x24, 0xb0, 0x00, 0x00, 0x00, 0x8b, 0xbc,
    0x24, 0xa0, 0x00, 0x00, 0x00, 0x8b, 0x30, 0xe8, 0x50, 0x7b, 0xff, 0xff,
    0x41, 0x58, 0x41, 0x59, 0x85, 0xc0, 0x0f, 0x88, 0xd5, 0x80, 0xff, 0xff,
    0x31, 0xdb, 0xbf, 0x0c, 0x00, 0x00, 0x00, 0x48, 0x8d, 0x2d, 0xbe, 0x1b,
    0x00, 0x00, 0xe8, 0xa1, 0xe7, 0xff, 0xff, 0xbf, 0x02, 0x00, 0x00, 0x00,
    0x48, 0x89, 0xee, 0x48, 0x89, 0xc2, 0x31, 0xc0, 0xe8, 0x7f, 0x78, 0xff,
    0xff, 0x48, 0x8b, 0xbc, 0x24, 0xa8, 0x00, 0x00, 0x00, 0x48, 0x85, 0xff,
    0x74, 0x0f, 0xe8, 0xdd, 0x79, 0xff, 0xff, 0x31, 0xff, 0x48, 0x89, 0xbc,
    0x24, 0xa8, 0x00, 0x00, 0x00, 0x48, 0x8b, 0xbc, 0x24, 0x10, 0x01, 0x00,
    0x00, 0x48, 0x83, 0xff, 0xff, 0x74, 0x0f, 0x8b, 0xb4, 0x24, 0x0c, 0x01,
    0x00, 0x00, 0x85, 0xf6, 0x0f, 0x85, 0x25, 0x01, 0x00, 0x00, 0x8b, 0xb4,
    0x24, 0x04, 0x01, 0x00, 0x00, 0x85, 0xf6, 0x0f, 0x85, 0xfc, 0x00, 0x00,
    0x00, 0x8b, 0x84, 0x24, 0x08, 0x01, 0x00, 0x00, 0x85, 0xc0, 0x0f, 0x85,
    0xc3, 0x00, 0x00, 0x00, 0x48, 0x8b, 0xbc, 0x24, 0xa0, 0x00, 0x00, 0x00,
    0x48, 0x85, 0xff, 0x74, 0x0f, 0xe8, 0xe6, 0x77, 0xff, 0xff, 0x31, 0xd2,
    0x48, 0x89, 0x94, 0x24, 0xa0, 0x00, 0x00, 0x00, 0x48, 0x8b, 0xbc, 0x24,
    0x98, 0x00, 0x00, 0x00, 0x48, 0x85, 0xff, 0x74, 0x0f, 0xe8, 0x2a, 0x78,
    0xff, 0xff, 0x31, 0xc0, 0x48, 0x89, 0x84, 0x24, 0x98, 0x00, 0x00, 0x00,
    0x8b, 0xbc, 0x24, 0x90, 0x00, 0x00, 0x00, 0x85, 0xff, 0x78, 0x1c, 0xe8,
    0x90, 0x78, 0xff, 0xff, 0x8b, 0xbc, 0x24, 0x90, 0x00, 0x00, 0x00, 0xe8,
    0x64, 0x77, 0xff, 0xff, 0xc7, 0x84, 0x24, 0x90, 0x00, 0x00, 0x00, 0xff,
    0xff, 0xff, 0xff, 0x41, 0x83, 0xfc, 0xff, 0x74, 0x17, 0x45, 0x85, 0xed,
    0x7e, 0x0a, 0x41, 0x83, 0xfd, 0x06, 0x0f, 0x85, 0xa9, 0x00, 0x00, 0x00,
    0x44, 0x89, 0xe7, 0xe8, 0x3c, 0x77, 0xff, 0xff, 0xbf, 0x0e, 0x00, 0x00,
    0x00, 0xe8, 0xb2, 0xe6, 0xff, 0xff, 0x48, 0x89, 0xee, 0xbf, 0x02, 0x00,
    0x00, 0x00, 0x48, 0x89, 0xc2, 0x31, 0xc0, 0xe8, 0x90, 0x77, 0xff, 0xff,
    0x48, 0x8b, 0x84, 0x24, 0x28, 0x03, 0x00, 0x00, 0x64, 0x48, 0x2b, 0x04,
    0x25, 0x28, 0x00, 0x00, 0x00, 0x0f, 0x85, 0x41, 0x06, 0x00, 0x00, 0x48,
    0x81, 0xc4, 0x38, 0x03, 0x00, 0x00, 0x89, 0xd8, 0x5b, 0x5d, 0x41, 0x5c,
    0x41, 0x5d, 0x41, 0x5e, 0x41, 0x5f, 0xc3, 0x8b, 0xbc, 0x24, 0x90, 0x00,
    0x00, 0x00, 0x89, 0x44, 0x24, 0x70, 0x48, 0x8d, 0x54, 0x24, 0x70, 0x31,
    0xc0, 0xbe, 0xb4, 0x64, 0x04, 0xc0, 0xe8, 0xe9, 0x76, 0xff, 0xff, 0x31,
    0xc9, 0x89, 0x8c, 0x24, 0x08, 0x01, 0x00, 0x00, 0xe9, 0x13, 0xff, 0xff,
    0xff, 0x8b, 0xbc, 0x24, 0x90, 0x00, 0x00, 0x00, 0xe8, 0xaf, 0x77, 0xff,
    0xff, 0x31, 0xf6, 0x89, 0xb4, 0x24, 0x04, 0x01, 0x00, 0x00, 0xe9, 0xea,
    0xfe, 0xff, 0xff, 0xe8, 0x8c, 0x79, 0xff, 0xff, 0x48, 0xc7, 0x84, 0x24,
    0x10, 0x01, 0x00, 0x00, 0xff, 0xff, 0xff, 0xff, 0xe9, 0xc5, 0xfe, 0xff,
    0xff, 0xbf, 0x0d, 0x00, 0x00, 0x00, 0xe8, 0x11, 0xe6, 0xff, 0xff, 0x44,
    0x89, 0xea, 0xbf, 0x02, 0x00, 0x00, 0x00, 0x48, 0x89, 0xc6, 0x31, 0xc0,
    0xe8, 0xef, 0x76, 0xff, 0xff, 0x44, 0x89, 0xee, 0x44, 0x89, 0xe7, 0xe8,
    0x84, 0xb0, 0xff, 0xff, 0xe9, 0x2b, 0xff, 0xff, 0xff, 0x44, 0x8b, 0x64,
    0x24, 0x10, 0xe8, 0xa5, 0x76, 0xff, 0xff, 0x48, 0x89, 0xdf, 0xe8, 0xfd,
    0x76, 0xff, 0xff, 0xe9, 0x01, 0xf9, 0xff, 0xff, 0x8b, 0xbc, 0x24, 0x90,
    0x00, 0x00, 0x00, 0xe8, 0x8c, 0x78, 0xff, 0xff, 0x48, 0x85, 0xc0, 0x0f,
    0x84, 0xe5, 0xf9, 0xff, 0xff, 0x8b, 0x50, 0x08, 0x48, 0x89, 0xc7, 0x89,
    0x94, 0x24, 0xf4, 0x00, 0x00, 0x00, 0xe8, 0x11, 0x7a, 0xff, 0xff, 0xe9,
    0xce, 0xf9, 0xff, 0xff, 0x48, 0x89, 0x84, 0x24, 0xa0, 0x00, 0x00, 0x00,
    0xe9, 0x72, 0xf9, 0xff, 0xff, 0x31, 0xc0, 0xe9, 0x0f, 0xfc, 0xff, 0xff,
    0x66, 0x0f, 0xef, 0xc9, 0x66, 0x0f, 0xef, 0xd2, 0xf3, 0x0f, 0x10, 0x1d,
    0xcc, 0x10, 0x00, 0x00, 0xf3, 0x0f, 0x10, 0x25, 0xc8, 0x10, 0x00, 0x00,
    0xf3, 0x0f, 0x2a, 0xcd, 0xbf, 0x12, 0x00, 0x00, 0x00, 0xf3, 0x0f, 0x2a,
    0x54, 0x24, 0x34, 0x0f, 0x28, 0xc1, 0xf3, 0x0f, 0x5e, 0xc3, 0x0f, 0x28,
    0xea, 0xf3, 0x0f, 0x5e, 0xec, 0xf3, 0x0f, 0x5d, 0xc5, 0xf3, 0x0f, 0x10,
    0x2d, 0xbb, 0x10, 0x00, 0x00, 0xf3, 0x0f, 0x59, 0xe0, 0xf3, 0x0f, 0x59,
    0xe8, 0xf3, 0x0f, 0x59, 0xd8, 0xf3, 0x0f, 0x5c, 0xd4, 0xf3, 0x0f, 0x10,
    0x25, 0x8b, 0x10, 0x00, 0x00, 0xf3, 0x48, 0x0f, 0x2c, 0xc5, 0xf3, 0x0f,
    0x5c, 0xcb, 0xf3, 0x0f, 0x59, 0xd4, 0xf3, 0x0f, 0x59, 0xcc, 0x48, 0x89,
    0x44, 0x24, 0x08, 0xf3, 0x0f, 0x2c, 0xd2, 0xf3, 0x0f, 0x10, 0x15, 0x8d,
    0x10, 0x00, 0x00, 0xf3, 0x0f, 0x59, 0xd0, 0xf3, 0x0f, 0x2c, 0xe9, 0xf3,
    0x0f, 0x59, 0x05, 0x65, 0x10, 0x00, 0x00, 0xf3, 0x0f, 0x2c, 0xc2, 0x44,
    0x8d, 0x34, 0x02, 0xf3, 0x0f, 0x2c, 0xc0, 0x01, 0xc5, 0xe8, 0xfa, 0xe4,
    0xff, 0xff, 0x48, 0x83, 0x7c, 0x24, 0x38, 0x00, 0x48, 0x89, 0x44, 0x24,
    0x58, 0x0f, 0x84, 0xb7, 0x03, 0x00, 0x00, 0x66, 0x0f, 0x6f, 0x7c, 0x24,
    0x20, 0x8b, 0x74, 0x24, 0x08, 0x48, 0x8b, 0x7c, 0x24, 0x18, 0x0f, 0x29,
    0x7c, 0x24, 0x60, 0xe8, 0x30, 0xb0, 0xff, 0xff, 0x89, 0x44, 0x24, 0x34,
    0x85, 0xc0, 0x0f, 0x85, 0x92, 0x03, 0x00, 0x00, 0x48, 0x8d, 0x5c, 0x24,
    0x58, 0xeb, 0x15, 0x48, 0x89, 0xdf, 0xe8, 0xf5, 0x83, 0xff, 0xff, 0x85,
    0xc0, 0x74, 0x13, 0x83, 0xf8, 0xff, 0x0f, 0x85, 0x02, 0x04, 0x00, 0x00,
    0x48, 0x8b, 0x44, 0x24, 0x58, 0x80, 0x38, 0x00, 0x75, 0xe1, 0x44, 0x89,
    0x64, 0x24, 0x4c, 0x48, 0x8d, 0x1d, 0xc2, 0x45, 0x00, 0x00, 0x44, 0x89,
    0x6c, 0x24, 0x48, 0x4c, 0x8b, 0x2c, 0x24, 0x44, 0x8b, 0x44, 0x24, 0x08,
    0x8b, 0x4c, 0x24, 0x34, 0x44, 0x89, 0xf2, 0x89, 0xee, 0x41, 0xb9, 0xd7,
    0x78, 0x00, 0x00, 0x4c, 0x89, 0xef, 0xe8, 0x6d, 0x82, 0xff, 0xff, 0x44,
    0x8b, 0x23, 0xbf, 0x11, 0x00, 0x00, 0x00, 0xe8, 0x60, 0xe4, 0xff, 0xff,
    0xb9, 0x20, 0x00, 0x00, 0x00, 0xba, 0x02, 0x00, 0x00, 0x00, 0x4c, 0x89,
    0xff, 0x49, 0x89, 0xc0, 0x45, 0x89, 0xe1, 0xbe, 0x20, 0x00, 0x00, 0x00,
    0x31, 0xc0, 0xe8, 0x01, 0x78, 0xff, 0xff, 0x66, 0x0f, 0x6f, 0x74, 0x24,
    0x20, 0x4d, 0x89, 0xf8, 0x89, 0xea, 0x44, 0x8b, 0x4c, 0x24, 0x08, 0x48,
    0x8b, 0x7c, 0x24, 0x18, 0x44, 0x89, 0xf1, 0x4c, 0x89, 0xee, 0x0f, 0x29,
    0x74, 0x24, 0x60, 0xe8, 0xcc, 0xaf, 0xff, 0xff, 0xff, 0x74, 0x24, 0x10,
    0x45, 0x31, 0xc0, 0x31, 0xc9, 0x6a, 0x01, 0x4c, 0x8b, 0x8c, 0x24, 0xb0,
    0x00, 0x00, 0x00, 0x8b, 0x94, 0x24, 0x14, 0x01, 0x00, 0x00, 0x8b, 0xb4,
    0x24, 0x04, 0x01, 0x00, 0x00, 0x8b, 0xbc, 0x24, 0xa0, 0x00, 0x00, 0x00,
    0xe8, 0x7f, 0x77, 0xff, 0xff, 0x41, 0x5a, 0x41, 0x5b, 0x85, 0xc0, 0x0f,
    0x88, 0x4e, 0x7d, 0xff, 0xff, 0xbf, 0x5b, 0xcc, 0x15, 0x00, 0x48, 0x83,
    0xc3, 0x04, 0xe8, 0xb5, 0x75, 0xff, 0xff, 0x48, 0x8d, 0x05, 0x1a, 0x45,
    0x00, 0x00, 0x48, 0x39, 0xd8, 0x0f, 0x85, 0x3c, 0xff, 0xff, 0xff, 0x44,
    0x8b, 0x6c, 0x24, 0x48, 0x44, 0x8b, 0x64, 0x24, 0x4c, 0xe9, 0x24, 0xfb,
    0xff, 0xff, 0x83, 0x3d, 0x07, 0x6f, 0x00, 0x00, 0x00, 0x0f, 0x84, 0xd0,
    0x02, 0x00, 0x00, 0x8b, 0x15, 0xf7, 0x6e, 0x00, 0x00, 0x48, 0x8d, 0x05,
    0x9c, 0x69, 0x00, 0x00, 0x48, 0x8d, 0x35, 0xae, 0x11, 0x00, 0x00, 0x4c,
    0x8b, 0x34, 0xd0, 0x4c, 0x89, 0xf7, 0xe8, 0x79, 0x76, 0xff, 0xff, 0x48,
    0x8d, 0x0d, 0x96, 0x10, 0x00, 0x00, 0x48, 0x89, 0x4c, 0x24, 0x38, 0x85,
    0xc0, 0x74, 0x69, 0x48, 0x8d, 0x35, 0x34, 0x10, 0x00, 0x00, 0x4c, 0x89,
    0xf7, 0xe8, 0x5a, 0x76, 0xff, 0xff, 0x48, 0x8d, 0x0d, 0x88, 0x10, 0x00,
    0x00, 0x48, 0x89, 0x4c, 0x24, 0x38, 0x85, 0xc0, 0x74, 0x4a, 0x48, 0x8d,
    0x35, 0x18, 0x10, 0x00, 0x00, 0x4c, 0x89, 0xf7, 0xe8, 0x3b, 0x76, 0xff,
    0xff, 0x48, 0x8d, 0x0d, 0x7a, 0x10, 0x00, 0x00, 0x48, 0x89, 0x4c, 0x24,
    0x38, 0x85, 0xc0, 0x74, 0x2b, 0x48, 0x8d, 0x35, 0x53, 0x11, 0x00, 0x00,
    0x4c, 0x89, 0xf7, 0xe8, 0x1c, 0x76, 0xff, 0xff, 0x48, 0x8d, 0x0d, 0x76,
    0x10, 0x00, 0x00, 0x48, 0x89, 0x4c, 0x24, 0x38, 0x85, 0xc0, 0x74, 0x0c,
    0x48, 0x8d, 0x05, 0x5c, 0x10, 0x00, 0x00, 0x48, 0x89, 0x44, 0x24, 0x38,
    0x48, 0x8b, 0x44, 0x24, 0x20, 0x48, 0x85, 0xc0, 0x0f, 0x84, 0x33, 0x02,
    0x00, 0x00, 0x31, 0xc9, 0x31, 0xf6, 0x48, 0x89, 0x4c, 0x24, 0x58, 0x89,
    0x74, 0x24, 0x54, 0xe8, 0x30, 0x77, 0xff, 0xff, 0x49, 0x89, 0xc6, 0x48,
    0x85, 0xc0, 0x0f, 0x84, 0x38, 0x01, 0x00, 0x00, 0x48, 0x8b, 0x54, 0x24,
    0x38, 0x48, 0x8d, 0x35, 0xfd, 0x10, 0x00, 0x00, 0x48, 0x89, 0xc7, 0xe8,
    0xd0, 0x73, 0xff, 0xff, 0x4c, 0x89, 0xf7, 0x48, 0x8d, 0x15, 0xf2, 0x10,
    0x00, 0x00, 0x48, 0x8d, 0x35, 0xf1, 0x10, 0x00, 0x00, 0xe8, 0xba, 0x73,
    0xff, 0xff, 0x4c, 0x89, 0xf6, 0x31, 0xd2, 0x31, 0xff, 0xe8, 0x5e, 0x76,
    0xff, 0xff, 0x4c, 0x89, 0xf7, 0xe8, 0x96, 0x76, 0xff, 0xff, 0x4c, 0x89,
    0xf6, 0x48, 0x8d, 0x54, 0x24, 0x50, 0x31, 0xff, 0xe8, 0xa7, 0x73, 0xff,
    0xff, 0x4c, 0x89, 0xf7, 0x48, 0x89, 0x44, 0x24, 0x40, 0xe8, 0x8a, 0x72,
    0xff, 0xff, 0x4c, 0x8b, 0x74, 0x24, 0x40, 0x4d, 0x85, 0xf6, 0x0f, 0x84,
    0xd0, 0x00, 0x00, 0x00, 0x31, 0xd2, 0x48, 0x8d, 0x4c, 0x24, 0x58, 0x48,
    0x8d, 0x35, 0xa5, 0x10, 0x00, 0x00, 0x4c, 0x89, 0xf7, 0xe8, 0x16, 0x74,
    0xff, 0xff, 0x85, 0xc0, 0x0f, 0x85, 0xa8, 0x00, 0x00, 0x00, 0x48, 0x8b,
    0x4c, 0x24, 0x58, 0x48, 0x85, 0xc9, 0x0f, 0x84, 0x9a, 0x00, 0x00, 0x00,
    0x48, 0x8d, 0x15, 0x61, 0x16, 0x00, 0x00, 0xbe, 0x00, 0x02, 0x00, 0x00,
    0x4c, 0x89, 0xff, 0xe8, 0x8c, 0x72, 0xff, 0xff, 0x48, 0x8d, 0x4c, 0x24,
    0x54, 0x31, 0xd2, 0x4c, 0x89, 0xf7, 0x48, 0x8d, 0x35, 0x67, 0x10, 0x00,
    0x00, 0x4c, 0x89, 0x74, 0x24, 0x40, 0xe8, 0xd1, 0x74, 0xff, 0xff, 0x48,
    0x8b, 0x7c, 0x24, 0x40, 0x44, 0x8b, 0x74, 0x24, 0x54, 0xe8, 0x12, 0x72,
    0xff, 0xff, 0x48, 0x8b, 0x7c, 0x24, 0x18, 0x44, 0x89, 0xf2, 0x4c, 0x89,
    0xfe, 0x66, 0x0f, 0x6f, 0x54, 0x24, 0x20, 0x0f, 0x29, 0x54, 0x24, 0x60,
    0xe8, 0x97, 0xb1, 0xff, 0xff, 0x66, 0x0f, 0x6f, 0x54, 0x24, 0x60, 0x0f,
    0x29, 0x54, 0x24, 0x20, 0x85, 0xc0, 0x0f, 0x85, 0xcc, 0xf8, 0xff, 0xff,
    0x4c, 0x8b, 0x44, 0x24, 0x08, 0x8b, 0x4c, 0x24, 0x34, 0x89, 0xea, 0xbb,
    0x01, 0x00, 0x00, 0x00, 0x66, 0x0f, 0x6f, 0x7c, 0x24, 0x20, 0x48, 0x8b,
    0x34, 0x24, 0x48, 0x8b, 0x7c, 0x24, 0x18, 0x0f, 0x29, 0x7c, 0x24, 0x60,
    0xe8, 0x4b, 0xe3, 0xff, 0xff, 0xe9, 0x9e, 0xf8, 0xff, 0xff, 0x48, 0x8b,
    0x7c, 0x24, 0x40, 0xe8, 0xac, 0x71, 0xff, 0xff, 0x48, 0x8b, 0x05, 0xbd,
    0x6c, 0x00, 0x00, 0x48, 0x8b, 0x4c, 0x24, 0x38, 0xbe, 0x02, 0x00, 0x00,
    0x00, 0x48, 0x8d, 0x15, 0x3c, 0x1a, 0x00, 0x00, 0x48, 0x8b, 0x38, 0x31,
    0xc0, 0xe8, 0x3a, 0x72, 0xff, 0xff, 0x48, 0x8d, 0x15, 0xc3, 0x67, 0x00,
    0x00, 0x89, 0x5c, 0x24, 0x40, 0x48, 0x89, 0xd3, 0xeb, 0x15, 0xbe, 0x04,
    0x00, 0x00, 0x00, 0x4c, 0x89, 0xf7, 0x48, 0x83, 0xc3, 0x08, 0xe8, 0x39,
    0x75, 0xff, 0xff, 0x85, 0xc0, 0x74, 0x3e, 0x4c, 0x8b, 0x33, 0x4d, 0x85,
    0xf6, 0x75, 0xe3, 0x48, 0x8b, 0x05, 0x6e, 0x6c, 0x00, 0x00, 0x48, 0x8b,
    0x4c, 0x24, 0x38, 0x48, 0x8d, 0x15, 0x52, 0x1a, 0x00, 0x00, 0xbe, 0x02,
    0x00, 0x00, 0x00, 0x8b, 0x5c, 0x24, 0x40, 0x48, 0x8b, 0x38, 0x31, 0xc0,
    0xe8, 0xe7, 0x71, 0xff, 0xff, 0xe9, 0x1a, 0xf8, 0xff, 0xff, 0x31, 0xdb,
    0x89, 0x5c, 0x24, 0x34, 0xe9, 0x89, 0xfc, 0xff, 0xff, 0x48, 0x8b, 0x05,
    0x38, 0x6c, 0x00, 0x00, 0x4c, 0x89, 0xf1, 0x48, 0x8d, 0x15, 0xfe, 0x19,
    0x00, 0x00, 0xbe, 0x02, 0x00, 0x00, 0x00, 0x8b, 0x5c, 0x24, 0x40, 0x48,
    0x8b, 0x38, 0x31, 0xc0, 0xe8, 0xb3, 0x71, 0xff, 0xff, 0x66, 0x0f, 0x6f,
    0x7c, 0x24, 0x20, 0x31, 0xd2, 0x4c, 0x89, 0xf6, 0x48, 0x8b, 0x7c, 0x24,
    0x18, 0x0f, 0x29, 0x7c, 0x24, 0x60, 0xe8, 0x89, 0xb0, 0xff, 0xff, 0x66,
    0x0f, 0x6f, 0x54, 0x24, 0x60, 0x0f, 0x29, 0x54, 0x24, 0x20, 0xe9, 0xed,
    0xfe, 0xff, 0xff, 0xe8, 0x54, 0xdf, 0xff, 0xff, 0xe9, 0x26, 0xfd, 0xff,
    0xff, 0x31, 0xff, 0x48, 0x89, 0x7c, 0x24, 0x60, 0x48, 0x8b, 0x7c, 0x24,
    0x18, 0xe8, 0x9e, 0xab, 0xff, 0xff, 0x66, 0x0f, 0x6f, 0x54, 0x24, 0x60,
    0x0f, 0x29, 0x54, 0x24, 0x20, 0x85, 0xc0, 0x0f, 0x84, 0xa9, 0xfd, 0xff,
    0xff, 0xe9, 0x8e, 0xf7, 0xff, 0xff, 0x48, 0x8b, 0x7c, 0x24, 0x38, 0x31,
    0xd2, 0x89, 0xc6, 0xe8, 0x08, 0x74, 0xff, 0xff, 0x85, 0xc0, 0x0f, 0x85,
    0xe8, 0xfb, 0xff, 0xff, 0x48, 0x8b, 0x44, 0x24, 0x38, 0x48, 0x8b, 0x80,
    0x98, 0x00, 0x00, 0x00, 0x48, 0x8b, 0x80, 0x80, 0x00, 0x00, 0x00, 0x48,
    0xc1, 0xf8, 0x06, 0x01, 0x44, 0x24, 0x34, 0xe9, 0xc8, 0xfb, 0xff, 0xff,
    0x48, 0x8b, 0x05, 0x81, 0x6b, 0x00, 0x00, 0xba, 0x7a, 0x00, 0x00, 0x00,
    0xbe, 0x01, 0x00, 0x00, 0x00, 0x48, 0x8d, 0x3d, 0x30, 0x18, 0x00, 0x00,
    0x48, 0x8b, 0x08, 0xe8, 0x60, 0x74, 0xff, 0xff, 0x83, 0xcb, 0xff, 0xe9,
    0x96, 0xf8, 0xff, 0xff, 0xe8, 0x23, 0x73, 0xff, 0xff, 0x48, 0x8b, 0x05,
    0x54, 0x6b, 0x00, 0x00, 0xba, 0x25, 0x00, 0x00, 0x00, 0xbe, 0x01, 0x00,
    0x00, 0x00, 0x48, 0x8d, 0x3d, 0xab, 0x18, 0x00, 0x00, 0x48, 0x8b, 0x08,
    0xe8, 0x33, 0x74, 0xff, 0xff, 0xeb, 0xd1, 0xe9, 0x07, 0x7a, 0xff, 0xff,
    0x66, 0x66, 0x2e, 0x0f, 0x1f, 0x84, 0x00, 0x00, 0x00, 0x00, 0x00, 0x90,
    0x41, 0x57, 0xbe, 0x01, 0x00, 0x00, 0x00, 0x41, 0x56, 0x41, 0x55, 0x41,
    0x54, 0x55, 0x53, 0x48, 0x81, 0xec, 0xc8, 0x04, 0x00, 0x00, 0x89, 0x7c,
    0x24, 0x0c, 0x48, 0x8d, 0x7c, 0x24, 0x18, 0x64, 0x48, 0x8b, 0x04, 0x25,
    0x28, 0x00, 0x00, 0x00, 0x48, 0x89, 0x84, 0x24, 0xb8, 0x04, 0x00, 0x00,
    0x31, 0xc0, 0x48, 0xc7, 0x44, 0x24, 0x18, 0x00, 0x00, 0x00, 0x00, 0xe8,
    0x20, 0x74, 0xff, 0xff, 0x85, 0xc0, 0x0f, 0x88, 0xfe, 0x05, 0x00, 0x00,
    0x48, 0x8b, 0x5c, 0x24, 0x18, 0x4c, 0x8d, 0xb4, 0x24, 0xb0, 0x02, 0x00,
    0x00, 0x48, 0x89, 0xdf, 0xe8, 0x03, 0x72, 0xff, 0xff, 0x48, 0x89, 0xdf,
    0xe8, 0x7b, 0x70, 0xff, 0xff, 0x8b, 0x44, 0x24, 0x0c, 0xbf, 0x18, 0x00,
    0x00, 0x00, 0x29, 0xc7, 0xe8, 0x9b, 0xdf, 0xff, 0xff, 0xbf, 0x16, 0x00,
    0x00, 0x00, 0x48, 0x89, 0xc3, 0xe8, 0x8e, 0xdf, 0xff, 0xff, 0x48, 0x89,
    0xda, 0xbf, 0x02, 0x00, 0x00, 0x00, 0x48, 0x89, 0xc6, 0x31, 0xc0, 0xe8,
    0x6c, 0x70, 0xff, 0xff, 0x66, 0x66, 0x2e, 0x0f, 0x1f, 0x84, 0x00, 0x00,
    0x00, 0x00, 0x00, 0x90, 0x48, 0x8b, 0x7c, 0x24, 0x18, 0xe8, 0x76, 0x72,
    0xff, 0xff, 0x85, 0xc0, 0x7f, 0x52, 0x0f, 0x85, 0xa7, 0x04, 0x00, 0x00,
    0x48, 0x8b, 0x7c, 0x24, 0x18, 0x48, 0xc7, 0xc6, 0xff, 0xff, 0xff, 0xff,
    0xe8, 0xdb, 0x71, 0xff, 0xff, 0x85, 0xc0, 0x0f, 0x88, 0xcf, 0x04, 0x00,
    0x00, 0x83, 0xf8, 0x02, 0x75, 0xce, 0x48, 0x8b, 0x5c, 0x24, 0x18, 0x48,
    0x89, 0xdf, 0xe8, 0x81, 0x71, 0xff, 0xff, 0x48, 0x89, 0xdf, 0xe8, 0xf9,
    0x6f, 0xff, 0xff, 0x48, 0x8b, 0x7c, 0x24, 0x18, 0xe8, 0x2f, 0x72, 0xff,
    0xff, 0x85, 0xc0, 0x7e, 0xb9, 0x66, 0x66, 0x2e, 0x0f, 0x1f, 0x84, 0x00,
    0x00, 0x00, 0x00, 0x00, 0x48, 0x8b, 0x5c, 0x24, 0x18, 0x31, 0xc0, 0xb9,
    0x40, 0x00, 0x00, 0x00, 0x4c, 0x89, 0xf7, 0x4c, 0x8d, 0x64, 0x24, 0x28,
    0x48, 0x8d, 0x6c, 0x24, 0x20, 0x66, 0x0f, 0xef, 0xc0, 0xf3, 0x48, 0xab,
    0x48, 0x89, 0xea, 0x4c, 0x89, 0xe1, 0x48, 0x89, 0xdf, 0x48, 0x8d, 0x35,
    0x57, 0x0d, 0x00, 0x00, 0x0f, 0x29, 0x44, 0x24, 0x30, 0x0f, 0x29, 0x44,
    0x24, 0x40, 0x0f, 0x29, 0x44, 0x24, 0x50, 0x0f, 0x29, 0x44, 0x24, 0x60,
    0x0f, 0x29, 0x44, 0x24, 0x70, 0x0f, 0x29, 0x84, 0x24, 0x80, 0x00, 0x00,
    0x00, 0x0f, 0x29, 0x84, 0x24, 0x90, 0x00, 0x00, 0x00, 0x0f, 0x29, 0x84,
    0x24, 0xa0, 0x00, 0x00, 0x00, 0xe8, 0xaa, 0x72, 0xff, 0xff, 0x85, 0xc0,
    0x0f, 0x88, 0x9a, 0x03, 0x00, 0x00, 0x48, 0x83, 0x7c, 0x24, 0x28, 0x09,
    0x0f, 0x86, 0x8e, 0x03, 0x00, 0x00, 0x48, 0x8b, 0x44, 0x24, 0x20, 0xba,
    0x0a, 0x00, 0x00, 0x00, 0x31, 0xf6, 0x48, 0x8d, 0x78, 0x09, 0xe8, 0xc1,
    0x70, 0xff, 0xff, 0x41, 0x89, 0xc7, 0x4c, 0x89, 0xe1, 0x48, 0x89, 0xea,
    0x48, 0x8d, 0x35, 0xf1, 0x0c, 0x00, 0x00, 0x48, 0x89, 0xdf, 0xe8, 0x69,
    0x72, 0xff, 0xff, 0x85, 0xc0, 0x78, 0x6f, 0x48, 0x8b, 0x44, 0x24, 0x28,
    0x48, 0x83, 0xf8, 0x08, 0x76, 0x64, 0xba, 0xff, 0x01, 0x00, 0x00, 0x48,
    0x83, 0xe8, 0x08, 0x4c, 0x89, 0xf7, 0x48, 0x39, 0xd0, 0x48, 0x0f, 0x47,
    0xc2, 0x48, 0x8b, 0x54, 0x24, 0x20, 0x41, 0x89, 0xc0, 0x48, 0x8d, 0x72,
    0x08, 0x83, 0xf8, 0x08, 0x72, 0x08, 0x89, 0xc1, 0xc1, 0xe9, 0x03, 0xf3,
    0x48, 0xa5, 0x31, 0xd2, 0x41, 0xf6, 0xc0, 0x04, 0x74, 0x09, 0x8b, 0x16,
    0x89, 0x17, 0xba, 0x04, 0x00, 0x00, 0x00, 0x41, 0xf6, 0xc0, 0x02, 0x74,
    0x0c, 0x0f, 0xb7, 0x0c, 0x16, 0x66, 0x89, 0x0c, 0x17, 0x48, 0x83, 0xc2,
    0x02, 0x41, 0x83, 0xe0, 0x01, 0x74, 0x07, 0x0f, 0xb6, 0x0c, 0x16, 0x88,
    0x0c, 0x17, 0xc6, 0x84, 0x04, 0xb0, 0x02, 0x00, 0x00, 0x00, 0x4c, 0x89,
    0xe1, 0x48, 0x89, 0xea, 0x48, 0x8d, 0x35, 0x71, 0x0c, 0x00, 0x00, 0x48,
    0x89, 0xdf, 0xe8, 0xe1, 0x71, 0xff, 0xff, 0x85, 0xc0, 0x0f, 0x88, 0xf9,
    0x01, 0x00, 0x00, 0x48, 0x8b, 0x44, 0x24, 0x28, 0x48, 0x83, 0xf8, 0x12,
    0x0f, 0x86, 0xea, 0x01, 0x00, 0x00, 0xba, 0x7f, 0x00, 0x00, 0x00, 0x48,
    0x83, 0xe8, 0x12, 0x4c, 0x8d, 0x6c, 0x24, 0x30, 0x48, 0x39, 0xd0, 0x4c,
    0x89, 0xef, 0x48, 0x0f, 0x47, 0xc2, 0x48, 0x8b, 0x54, 0x24, 0x20, 0x41,
    0x89, 0xc0, 0x48, 0x8d, 0x72, 0x12, 0x83, 0xf8, 0x08, 0x0f, 0x83, 0x0e,
    0x02, 0x00, 0x00, 0x31, 0xd2, 0x41, 0xf6, 0xc0, 0x04, 0x74, 0x09, 0x8b,
    0x16, 0x89, 0x17, 0xba, 0x04, 0x00, 0x00, 0x00, 0x41, 0xf6, 0xc0, 0x02,
    0x74, 0x0c, 0x0f, 0xb7, 0x0c, 0x16, 0x66, 0x89, 0x0c, 0x17, 0x48, 0x83,
    0xc2, 0x02, 0x41, 0x83, 0xe0, 0x01, 0x74, 0x07, 0x0f, 0xb6, 0x0c, 0x16,
    0x88, 0x0c, 0x17, 0xc6, 0x44, 0x04, 0x30, 0x00, 0x4c, 0x89, 0xe1, 0x48,
    0x89, 0xea, 0x48, 0x8d, 0x35, 0x00, 0x0c, 0x00, 0x00, 0x48, 0x89, 0xdf,
    0xe8, 0x53, 0x71, 0xff, 0xff, 0x85, 0xc0, 0x78, 0x2d, 0x48, 0x83, 0x7c,
    0x24, 0x28, 0x05, 0x76, 0x25, 0x48, 0x8b, 0x44, 0x24, 0x20, 0x31, 0xf6,
    0xba, 0x0a, 0x00, 0x00, 0x00, 0x48, 0x8d, 0x78, 0x05, 0xe8, 0x72, 0x6f,
    0xff, 0xff, 0x48, 0x89, 0xc3, 0xe8, 0x7a, 0x6e, 0xff, 0xff, 0x39, 0xd8,
    0x0f, 0x84, 0xb2, 0xfd, 0xff, 0xff, 0x80, 0xbc, 0x24, 0xb0, 0x02, 0x00,
    0x00, 0x00, 0x0f, 0x84, 0xa4, 0xfd, 0xff, 0xff, 0x41, 0x83, 0xff, 0x03,
    0x7e, 0x30, 0x4c, 0x89, 0xf5, 0x48, 0x8d, 0x1d, 0xae, 0x0b, 0x00, 0x00,
    0xeb, 0x10, 0x66, 0x90, 0x48, 0x83, 0xc5, 0x01, 0x80, 0x7d, 0x00, 0x00,
    0x0f, 0x84, 0x0a, 0x02, 0x00, 0x00, 0xba, 0x06, 0x00, 0x00, 0x00, 0x48,
    0x89, 0xde, 0x48, 0x89, 0xef, 0xe8, 0xb2, 0x6f, 0xff, 0xff, 0x85, 0xc0,
    0x75, 0xde, 0xb9, 0x00, 0x02, 0x00, 0x00, 0xba, 0x02, 0x00, 0x00, 0x00,
    0x4d, 0x89, 0xe9, 0x31, 0xc0, 0x48, 0x8d, 0x9c, 0x24, 0xb0, 0x00, 0x00,
    0x00, 0x48, 0x83, 0xec, 0x08, 0xbe, 0x00, 0x02, 0x00, 0x00, 0x41, 0x56,
    0x4c, 0x8d, 0x05, 0x9d, 0x0b, 0x00, 0x00, 0x48, 0x89, 0xdf, 0xe8, 0x6d,
    0x70, 0xff, 0xff, 0x8b, 0x35, 0xff, 0x67, 0x00, 0x00, 0x5a, 0x59, 0x85,
    0xf6, 0x0f, 0x84, 0xa5, 0x01, 0x00, 0x00, 0x8b, 0x15, 0xeb, 0x67, 0x00,
    0x00, 0x48, 0x8d, 0x05, 0x50, 0x62, 0x00, 0x00, 0xbf, 0x02, 0x00, 0x00,
    0x00, 0x48, 0x8b, 0x04, 0xd0, 0x48, 0x89, 0xda, 0x48, 0x8b, 0xb0, 0xc8,
    0x00, 0x00, 0x00, 0x48, 0x8d, 0x05, 0x2c, 0x0e, 0x00, 0x00, 0x48, 0x85,
    0xf6, 0x48, 0x0f, 0x44, 0xf0, 0x31, 0xc0, 0xe8, 0x58, 0x6d, 0xff, 0xff,
    0x8b, 0x44, 0x24, 0x0c, 0x85, 0xc0, 0x0f, 0x85, 0xec, 0xfc, 0xff, 0xff,
    0xbf, 0x1a, 0x00, 0x00, 0x00, 0x48, 0x8d, 0x2d, 0x68, 0x10, 0x00, 0x00,
    0xe8, 0x4b, 0xdc, 0xff, 0xff, 0x48, 0x89, 0xee, 0xbf, 0x02, 0x00, 0x00,
    0x00, 0x48, 0x89, 0xc2, 0x31, 0xc0, 0xe8, 0x29, 0x6d, 0xff, 0xff, 0x48,
    0x89, 0xdf, 0xe8, 0x71, 0xed, 0xff, 0xff, 0xbf, 0x1b, 0x00, 0x00, 0x00,
    0xe8, 0x27, 0xdc, 0xff, 0xff, 0xbf, 0x02, 0x00, 0x00, 0x00, 0x48, 0x89,
    0xee, 0x48, 0x89, 0xc2, 0x31, 0xc0, 0xe8, 0x05, 0x6d, 0xff, 0xff, 0x48,
    0x8b, 0x7c, 0x24, 0x18, 0xe8, 0x0b, 0x6f, 0xff, 0xff, 0x31, 0xc0, 0x48,
    0x8b, 0x94, 0x24, 0xb8, 0x04, 0x00, 0x00, 0x64, 0x48, 0x2b, 0x14, 0x25,
    0x28, 0x00, 0x00, 0x00, 0x0f, 0x85, 0x62, 0x02, 0x00, 0x00, 0x48, 0x81,
    0xc4, 0xc8, 0x04, 0x00, 0x00, 0x5b, 0x5d, 0x41, 0x5c, 0x41, 0x5d, 0x41,
    0x5e, 0x41, 0x5f, 0xc3, 0x4c, 0x89, 0xe1, 0x48, 0x89, 0xea, 0x48, 0x8d,
    0x35, 0x6d, 0x0a, 0x00, 0x00, 0x48, 0x89, 0xdf, 0xe8, 0xcb, 0x6f, 0xff,
    0xff, 0x85, 0xc0, 0x78, 0x47, 0x48, 0x8b, 0x44, 0x24, 0x28, 0x48, 0x83,
    0xf8, 0x06, 0x76, 0x3c, 0xba, 0x7f, 0x00, 0x00, 0x00, 0x48, 0x83, 0xe8,
    0x06, 0x4c, 0x8d, 0x6c, 0x24, 0x30, 0x48, 0x39, 0xd0, 0x4c, 0x89, 0xef,
    0x48, 0x0f, 0x47, 0xc2, 0x48, 0x8b, 0x54, 0x24, 0x20, 0x41, 0x89, 0xc0,
    0x48, 0x8d, 0x72, 0x06, 0x83, 0xf8, 0x08, 0x0f, 0x82, 0xf2, 0xfd, 0xff,
    0xff, 0x89, 0xc1, 0xc1, 0xe9, 0x03, 0xf3, 0x48, 0xa5, 0xe9, 0xe5, 0xfd,
    0xff, 0xff, 0x66, 0x90, 0x4c, 0x89, 0xe1, 0x48, 0x89, 0xea, 0x48, 0x8d,
    0x35, 0x13, 0x0a, 0x00, 0x00, 0x48, 0x89, 0xdf, 0xe8, 0x6b, 0x6f, 0xff,
    0xff, 0x85, 0xc0, 0x78, 0x3f, 0x48, 0x8b, 0x44, 0x24, 0x28, 0x48, 0x83,
    0xf8, 0x05, 0x76, 0x34, 0xba, 0x7f, 0x00, 0x00, 0x00, 0x48, 0x83, 0xe8,
    0x05, 0x4c, 0x8d, 0x6c, 0x24, 0x30, 0x48, 0x39, 0xd0, 0x4c, 0x89, 0xef,
    0x48, 0x0f, 0x47, 0xc2, 0x48, 0x8b, 0x54, 0x24, 0x20, 0x41, 0x89, 0xc0,
    0x48, 0x8d, 0x72, 0x05, 0x83, 0xf8, 0x08, 0x0f, 0x82, 0x92, 0xfd, 0xff,
    0xff, 0xeb, 0x9e, 0x0f, 0x1f, 0x44, 0x00, 0x00, 0xc7, 0x44, 0x24, 0x30,
    0xe6, 0x97, 0xa5, 0xe5, 0x4c, 0x8d, 0x6c, 0x24, 0x30, 0xc7, 0x44, 0x24,
    0x33, 0xe5, 0xbf, 0x97, 0x00, 0xe9, 0xa6, 0xfd, 0xff, 0xff, 0x66, 0x0f,
    0x1f, 0x44, 0x00, 0x00, 0x41, 0xbf, 0x07, 0x00, 0x00, 0x00, 0xe9, 0x7f,
    0xfc, 0xff, 0xff, 0x0f, 0x1f, 0x44, 0x00, 0x00, 0xe8, 0x73, 0xd9, 0xff,
    0xff, 0xe9, 0x51, 0xfe, 0xff, 0xff, 0x66, 0x0f, 0x1f, 0x44, 0x00, 0x00,
    0x4c, 0x89, 0xf5, 0x48, 0x8d, 0x1d, 0x8f, 0x09, 0x00, 0x00, 0xeb, 0x0e,
    0x0f, 0x1f, 0x40, 0x00, 0x48, 0x83, 0xc5, 0x01, 0x80, 0x7d, 0x00, 0x00,
    0x74, 0x6d, 0xba, 0x05, 0x00, 0x00, 0x00, 0x48, 0x89, 0xde, 0x48, 0x89,
    0xef, 0xe8, 0x8e, 0x6d, 0xff, 0xff, 0x85, 0xc0, 0x75, 0xe2, 0xe9, 0xd7,
    0xfd, 0xff, 0xff, 0xf7, 0xd8, 0x89, 0xc7, 0xe8, 0x9c, 0x6c, 0xff, 0xff,
    0xbf, 0x1d, 0x00, 0x00, 0x00, 0x48, 0x89, 0xc3, 0xe8, 0x9f, 0xda, 0xff,
    0xff, 0x48, 0x89, 0xd9, 0xbe, 0x02, 0x00, 0x00, 0x00, 0x48, 0x89, 0xc2,
    0x48, 0x8b, 0x05, 0xa5, 0x65, 0x00, 0x00, 0x48, 0x8b, 0x38, 0x31, 0xc0,
    0xe8, 0x33, 0x6b, 0xff, 0xff, 0x48, 0x8b, 0x7c, 0x24, 0x18, 0xe8, 0x79,
    0x6d, 0xff, 0xff, 0xe9, 0x69, 0xfe, 0xff, 0xff, 0xf7, 0xd8, 0x89, 0xc7,
    0xe8, 0x5b, 0x6c, 0xff, 0xff, 0xbf, 0x1e, 0x00, 0x00, 0x00, 0x48, 0x89,
    0xc3, 0xeb, 0xbd, 0x4c, 0x89, 0xf5, 0x48, 0x8d, 0x1d, 0x0e, 0x09, 0x00,
    0x00, 0xeb, 0x0f, 0x0f, 0x1f, 0x44, 0x00, 0x00, 0x48, 0x83, 0xc5, 0x01,
    0x80, 0x7d, 0x00, 0x00, 0x74, 0x19, 0xba, 0x0c, 0x00, 0x00, 0x00, 0x48,
    0x89, 0xde, 0x48, 0x89, 0xef, 0xe8, 0x06, 0x6d, 0xff, 0xff, 0x85, 0xc0,
    0x75, 0xe2, 0xe9, 0x4f, 0xfd, 0xff, 0xff, 0x4c, 0x89, 0xf5, 0x48, 0x8d,
    0x1d, 0xe7, 0x08, 0x00, 0x00, 0xeb, 0x0b, 0x90, 0x48, 0x83, 0xc5, 0x01,
    0x80, 0x7d, 0x00, 0x00, 0x74, 0x19, 0xba, 0x13, 0x00, 0x00, 0x00, 0x48,
    0x89, 0xde, 0x48, 0x89, 0xef, 0xe8, 0xd6, 0x6c, 0xff, 0xff, 0x85, 0xc0,
    0x75, 0xe2, 0xe9, 0x1f, 0xfd, 0xff, 0xff, 0x4c, 0x89, 0xf5, 0x48, 0x8d,
    0x1d, 0xcb, 0x08, 0x00, 0x00, 0xeb, 0x04, 0x48, 0x83, 0xc5, 0x01, 0x80,
    0x7d, 0x00, 0x00, 0x0f, 0x84, 0x73, 0xfa, 0xff, 0xff, 0xba, 0x0f, 0x00,
    0x00, 0x00, 0x48, 0x89, 0xde, 0x48, 0x89, 0xef, 0xe8, 0xa3, 0x6c, 0xff,
    0xff, 0x85, 0xc0, 0x75, 0xde, 0xe9, 0xec, 0xfc, 0xff, 0xff, 0xf7, 0xd8,
    0x89, 0xc7, 0xe8, 0xb1, 0x6b, 0xff, 0xff, 0xbf, 0x1c, 0x00, 0x00, 0x00,
    0x48, 0x89, 0xc3, 0xe8, 0xb4, 0xd9, 0xff, 0xff, 0x48, 0x89, 0xd9, 0xbe,
    0x02, 0x00, 0x00, 0x00, 0x48, 0x89, 0xc2, 0x48, 0x8b, 0x05, 0xba, 0x64,
    0x00, 0x00, 0x48, 0x8b, 0x38, 0x31, 0xc0, 0xe8, 0x48, 0x6a, 0xff, 0xff,
    0x83, 0xc8, 0xff, 0xe9, 0x87, 0xfd, 0xff, 0xff, 0xe8, 0x6b, 0x6c, 0xff,
    0xff, 0x00, 0x00, 0x00, 0xf3, 0x0f, 0x1e, 0xfa, 0x48, 0x83, 0xec, 0x08,
    0x48, 0x83, 0xc4, 0x08, 0xc3, 0x00, 0x00, 0x00, 0x00, 0x00, 0x00, 0x00,
    0x00, 0x00, 0x00, 0x00, 0x00, 0x00, 0x00, 0x00, 0x00, 0x00, 0x00, 0x00,
    0x00, 0x00, 0x00, 0x00, 0x00, 0x00, 0x00, 0x00, 0x00, 0x00, 0x00, 0x00,
    0x00, 0x00, 0x00, 0x00, 0x00, 0x00, 0x00, 0x00, 0x00, 0x00, 0x00, 0x00,
    0x00, 0x00, 0x00, 0x00, 0x00, 0x00, 0x00, 0x00, 0x00, 0x00, 0x00, 0x00,
    0x00, 0x00, 0x00, 0x00, 0x00, 0x00, 0x00, 0x00, 0x00, 0x00, 0x00, 0x00,
    0x00, 0x00, 0x00, 0x00, 0x00, 0x00, 0x00, 0x00, 0x00, 0x00, 0x00, 0x00,
    0x00, 0x00, 0x00, 0x00, 0x00, 0x00, 0x00, 0x00, 0x00, 0x00, 0x00, 0x00,
    0x00, 0x00, 0x00, 0x00, 0x00, 0x00, 0x00, 0x00, 0x00, 0x00, 0x00, 0x00,
    0x00, 0x00, 0x00, 0x00, 0x00, 0x00, 0x00, 0x00, 0x00, 0x00, 0x00, 0x00,
    0x00, 0x00, 0x00, 0x00, 0x00, 0x00, 0x00, 0x00, 0x00, 0x00, 0x00, 0x00,
    0x00, 0x00, 0x00, 0x00, 0x00, 0x00, 0x00, 0x00, 0x00, 0x00, 0x00, 0x00,
    0x00, 0x00, 0x00, 0x00, 0x00, 0x00, 0x00, 0x00, 0x00, 0x00, 0x00, 0x00,
    0x00, 0x00, 0x00, 0x00, 0x00, 0x00, 0x00, 0x00, 0x00, 0x00, 0x00, 0x00,
    0x00, 0x00, 0x00, 0x00, 0x00, 0x00, 0x00, 0x00, 0x00, 0x00, 0x00, 0x00,
    0x00, 0x00, 0x00, 0x00, 0x00, 0x00, 0x00, 0x00, 0x00, 0x00, 0x00, 0x00,
    0x00, 0x00, 0x00, 0x00, 0x00, 0x00, 0x00, 0x00, 0x00, 0x00, 0x00, 0x00,
    0x00, 0x00, 0x00, 0x00, 0x00, 0x00, 0x00, 0x00, 0x00, 0x00, 0x00, 0x00,
    0x00, 0x00, 0x00, 0x00, 0x00, 0x00, 0x00, 0x00, 0x00, 0x00, 0x00, 0x00,
    0x00, 0x00, 0x00, 0x00, 0x00, 0x00, 0x00, 0x00, 0x00, 0x00, 0x00, 0x00,
    0x00, 0x00, 0x00, 0x00, 0x00, 0x00, 0x00, 0x00, 0x00, 0x00, 0x00, 0x00,
    0x00, 0x00, 0x00, 0x00, 0x00, 0x00, 0x00, 0x00, 0x00, 0x00, 0x00, 0x00,
    0x00, 0x00, 0x00, 0x00, 0x00, 0x00, 0x00, 0x00, 0x00, 0x00, 0x00, 0x00,
    0x00, 0x00, 0x00, 0x00, 0x00, 0x00, 0x00, 0x00, 0x00, 0x00, 0x00, 0x00,
    0x00, 0x00, 0x00, 0x00, 0x00, 0x00, 0x00, 0x00, 0x00, 0x00, 0x00, 0x00,
    0x00, 0x00, 0x00, 0x00, 0x00, 0x00, 0x00, 0x00, 0x00, 0x00, 0x00, 0x00,
    0x00, 0x00, 0x00, 0x00, 0x00, 0x00, 0x00, 0x00, 0x00, 0x00, 0x00, 0x00,
    0x00, 0x00, 0x00, 0x00, 0x00, 0x00, 0x00, 0x00, 0x00, 0x00, 0x00, 0x00,
    0x00, 0x00, 0x00, 0x00, 0x00, 0x00, 0x00, 0x00, 0x00, 0x00, 0x00, 0x00,
    0x00, 0x00, 0x00, 0x00, 0x00, 0x00, 0x00, 0x00, 0x00, 0x00, 0x00, 0x00,
    0x00, 0x00, 0x00, 0x00, 0x00, 0x00, 0x00, 0x00, 0x00, 0x00, 0x00, 0x00,
    0x00, 0x00, 0x00, 0x00, 0x00, 0x00, 0x00, 0x00, 0x00, 0x00, 0x00, 0x00,
    0x00, 0x00, 0x00, 0x00, 0x00, 0x00, 0x00, 0x00, 0x00, 0x00, 0x00, 0x00,
    0x00, 0x00, 0x00, 0x00, 0x00, 0x00, 0x00, 0x00, 0x00, 0x00, 0x00, 0x00,
    0x00, 0x00, 0x00, 0x00, 0x00, 0x00, 0x00, 0x00, 0x00, 0x00, 0x00, 0x00,
    0x00, 0x00, 0x00, 0x00, 0x00, 0x00, 0x00, 0x00, 0x00, 0x00, 0x00, 0x00,
    0x00, 0x00, 0x00, 0x00, 0x00, 0x00, 0x00, 0x00, 0x00, 0x00, 0x00, 0x00,
    0x00, 0x00, 0x00, 0x00, 0x00, 0x00, 0x00, 0x00, 0x00, 0x00, 0x00, 0x00,
    0x00, 0x00, 0x00, 0x00, 0x00, 0x00, 0x00, 0x00, 0x00, 0x00, 0x00, 0x00,
    0x00, 0x00, 0x00, 0x00, 0x00, 0x00, 0x00, 0x00, 0x00, 0x00, 0x00, 0x00,
    0x00, 0x00, 0x00, 0x00, 0x00, 0x00, 0x00, 0x00, 0x00, 0x00, 0x00, 0x00,
    0x00, 0x00, 0x00, 0x00, 0x00, 0x00, 0x00, 0x00, 0x00, 0x00, 0x00, 0x00,
    0x00, 0x00, 0x00, 0x00, 0x00, 0x00, 0x00, 0x00, 0x00, 0x00, 0x00, 0x00,
    0x00, 0x00, 0x00, 0x00, 0x00, 0x00, 0x00, 0x00, 0x00, 0x00, 0x00, 0x00,
    0x00, 0x00, 0x00, 0x00, 0x00, 0x00, 0x00, 0x00, 0x00, 0x00, 0x00, 0x00,
    0x00, 0x00, 0x00, 0x00, 0x00, 0x00, 0x00, 0x00, 0x00, 0x00, 0x00, 0x00,
    0x00, 0x00, 0x00, 0x00, 0x00, 0x00, 0x00, 0x00, 0x00, 0x00, 0x00, 0x00,
    0x00, 0x00, 0x00, 0x00, 0x00, 0x00, 0x00, 0x00, 0x00, 0x00, 0x00, 0x00,
    0x00, 0x00, 0x00, 0x00, 0x00, 0x00, 0x00, 0x00, 0x00, 0x00, 0x00, 0x00,
    0x00, 0x00, 0x00, 0x00, 0x00, 0x00, 0x00, 0x00, 0x00, 0x00, 0x00, 0x00,
    0x00, 0x00, 0x00, 0x00, 0x00, 0x00, 0x00, 0x00, 0x00, 0x00, 0x00, 0x00,
    0x00, 0x00, 0x00, 0x00, 0x00, 0x00, 0x00, 0x00, 0x00, 0x00, 0x00, 0x00,
    0x00, 0x00, 0x00, 0x00, 0x00, 0x00, 0x00, 0x00, 0x00, 0x00, 0x00, 0x00,
    0x00, 0x00, 0x00, 0x00, 0x00, 0x00, 0x00, 0x00, 0x00, 0x00, 0x00, 0x00,
    0x00, 0x00, 0x00, 0x00, 0x00, 0x00, 0x00, 0x00, 0x00, 0x00, 0x00, 0x00,
    0x00, 0x00, 0x00, 0x00, 0x00, 0x00, 0x00, 0x00, 0x00, 0x00, 0x00, 0x00,
    0x00, 0x00, 0x00, 0x00, 0x00, 0x00, 0x00, 0x00, 0x00, 0x00, 0x00, 0x00,
    0x00, 0x00, 0x00, 0x00, 0x00, 0x00, 0x00, 0x00, 0x00, 0x00, 0x00, 0x00,
    0x00, 0x00, 0x00, 0x00, 0x00, 0x00, 0x00, 0x00, 0x00, 0x00, 0x00, 0x00,
    0x00, 0x00, 0x00, 0x00, 0x00, 0x00, 0x00, 0x00, 0x00, 0x00, 0x00, 0x00,
    0x00, 0x00, 0x00, 0x00, 0x00, 0x00, 0x00, 0x00, 0x00, 0x00, 0x00, 0x00,
    0x00, 0x00, 0x00, 0x00, 0x00, 0x00, 0x00, 0x00, 0x00, 0x00, 0x00, 0x00,
    0x00, 0x00, 0x00, 0x00, 0x00, 0x00, 0x00, 0x00, 0x00, 0x00, 0x00, 0x00,
    0x00, 0x00, 0x00, 0x00, 0x00, 0x00, 0x00, 0x00, 0x00, 0x00, 0x00, 0x00,
    0x00, 0x00, 0x00, 0x00, 0x00, 0x00, 0x00, 0x00, 0x00, 0x00, 0x00, 0x00,
    0x00, 0x00, 0x00, 0x00, 0x00, 0x00, 0x00, 0x00, 0x00, 0x00, 0x00, 0x00,
    0x00, 0x00, 0x00, 0x00, 0x00, 0x00, 0x00, 0x00, 0x00, 0x00, 0x00, 0x00,
    0x00, 0x00, 0x00, 0x00, 0x00, 0x00, 0x00, 0x00, 0x00, 0x00, 0x00, 0x00,
    0x00, 0x00, 0x00, 0x00, 0x00, 0x00, 0x00, 0x00, 0x00, 0x00, 0x00, 0x00,
    0x00, 0x00, 0x00, 0x00, 0x00, 0x00, 0x00, 0x00, 0x00, 0x00, 0x00, 0x00,
    0x00, 0x00, 0x00, 0x00, 0x00, 0x00, 0x00, 0x00, 0x00, 0x00, 0x00, 0x00,
    0x00, 0x00, 0x00, 0x00, 0x00, 0x00, 0x00, 0x00, 0x00, 0x00, 0x00, 0x00,
    0x00, 0x00, 0x00, 0x00, 0x00, 0x00, 0x00, 0x00, 0x00, 0x00, 0x00, 0x00,
    0x00, 0x00, 0x00, 0x00, 0x00, 0x00, 0x00, 0x00, 0x00, 0x00, 0x00, 0x00,
    0x00, 0x00, 0x00, 0x00, 0x00, 0x00, 0x00, 0x00, 0x00, 0x00, 0x00, 0x00,
    0x00, 0x00, 0x00, 0x00, 0x00, 0x00, 0x00, 0x00, 0x00, 0x00, 0x00, 0x00,
    0x00, 0x00, 0x00, 0x00, 0x00, 0x00, 0x00, 0x00, 0x00, 0x00, 0x00, 0x00,
    0x00, 0x00, 0x00, 0x00, 0x00, 0x00, 0x00, 0x00, 0x00, 0x00, 0x00, 0x00,
    0x00, 0x00, 0x00, 0x00, 0x00, 0x00, 0x00, 0x00, 0x00, 0x00, 0x00, 0x00,
    0x00, 0x00, 0x00, 0x00, 0x00, 0x00, 0x00, 0x00, 0x00, 0x00, 0x00, 0x00,
    0x00, 0x00, 0x00, 0x00, 0x00, 0x00, 0x00, 0x00, 0x00, 0x00, 0x00, 0x00,
    0x00, 0x00, 0x00, 0x00, 0x00, 0x00, 0x00, 0x00, 0x00, 0x00, 0x00, 0x00,
    0x00, 0x00, 0x00, 0x00, 0x00, 0x00, 0x00, 0x00, 0x00, 0x00, 0x00, 0x00,
    0x00, 0x00, 0x00, 0x00, 0x00, 0x00, 0x00, 0x00, 0x00, 0x00, 0x00, 0x00,
    0x00, 0x00, 0x00, 0x00, 0x00, 0x00, 0x00, 0x00, 0x00, 0x00, 0x00, 0x00,
    0x00, 0x00, 0x00, 0x00, 0x00, 0x00, 0x00, 0x00, 0x00, 0x00, 0x00, 0x00,
    0x00, 0x00, 0x00, 0x00, 0x00, 0x00, 0x00, 0x00, 0x00, 0x00, 0x00, 0x00,
    0x00, 0x00, 0x00, 0x00, 0x00, 0x00, 0x00, 0x00, 0x00, 0x00, 0x00, 0x00,
    0x00, 0x00, 0x00, 0x00, 0x00, 0x00, 0x00, 0x00, 0x00, 0x00, 0x00, 0x00,
    0x00, 0x00, 0x00, 0x00, 0x00, 0x00, 0x00, 0x00, 0x00, 0x00, 0x00, 0x00,
    0x00, 0x00, 0x00, 0x00, 0x00, 0x00, 0x00, 0x00, 0x00, 0x00, 0x00, 0x00,
    0x00, 0x00, 0x00, 0x00, 0x00, 0x00, 0x00, 0x00, 0x00, 0x00, 0x00, 0x00,
    0x00, 0x00, 0x00, 0x00, 0x00, 0x00, 0x00, 0x00, 0x00, 0x00, 0x00, 0x00,
    0x00, 0x00, 0x00, 0x00, 0x00, 0x00, 0x00, 0x00, 0x00, 0x00, 0x00, 0x00,
    0x00, 0x00, 0x00, 0x00, 0x00, 0x00, 0x00, 0x00, 0x00, 0x00, 0x00, 0x00,
    0x00, 0x00, 0x00, 0x00, 0x00, 0x00, 0x00, 0x00, 0x00, 0x00, 0x00, 0x00,
    0x00, 0x00, 0x00, 0x00, 0x00, 0x00, 0x00, 0x00, 0x00, 0x00, 0x00, 0x00,
    0x00, 0x00, 0x00, 0x00, 0x00, 0x00, 0x00, 0x00, 0x00, 0x00, 0x00, 0x00,
    0x00, 0x00, 0x00, 0x00, 0x00, 0x00, 0x00, 0x00, 0x00, 0x00, 0x00, 0x00,
    0x00, 0x00, 0x00, 0x00, 0x00, 0x00, 0x00, 0x00, 0x00, 0x00, 0x00, 0x00,
    0x00, 0x00, 0x00, 0x00, 0x00, 0x00, 0x00, 0x00, 0x00, 0x00, 0x00, 0x00,
    0x00, 0x00, 0x00, 0x00, 0x01, 0x00, 0x02, 0x00, 0x00, 0x00, 0xf0, 0x44,
    0x00, 0x00, 0x87, 0x44, 0x00, 0x00, 0x00, 0x3f, 0x00, 0x00, 0x01, 0x43,
    0x00, 0x80, 0x22, 0x44, 0x00, 0x00, 0x91, 0x43, 0x00, 0x00, 0x34, 0x43,
    0x00, 0x00, 0x56, 0x43, 0x00, 0x00, 0x00, 0x42, 0x00, 0x00, 0xe0, 0x43,
    0x00, 0x80, 0xf8, 0x43, 0x00, 0x80, 0x0e, 0x44, 0x00, 0x00, 0x90, 0x41,
    0x00, 0x80, 0xe3, 0x43, 0x00, 0x40, 0x2b, 0x44, 0x00, 0x00, 0x37, 0x44,
    0x00, 0xc0, 0x3f, 0x44, 0x2e, 0x2e, 0x2f, 0x73, 0x72, 0x63, 0x2f, 0x71,
    0x72, 0x63, 0x6f, 0x64, 0x65, 0x67, 0x65, 0x6e, 0x2e, 0x63, 0x00, 0x30,
    0x20, 0x3c, 0x3d, 0x20, 0x65, 0x20, 0x26, 0x26, 0x20, 0x65, 0x20, 0x3c,
    0x20, 0x34, 0x00, 0x66, 0x61, 0x6c, 0x73, 0x65, 0x00, 0x62, 0x69, 0x74,
    0x73, 0x20, 0x3e, 0x3e, 0x20, 0x31, 0x35, 0x20, 0x3d, 0x3d, 0x20, 0x30,
    0x00, 0x56, 0x54, 0x5f, 0x41, 0x43, 0x54, 0x49, 0x56, 0x41, 0x54, 0x45,
    0x20, 0xe5, 0x88, 0x87, 0xe6, 0x8d, 0xa2, 0xe5, 0xa4, 0xb1, 0xe8, 0xb4,
    0xa5, 0x00, 0x46, 0x54, 0x5f, 0x49, 0x6e, 0x69, 0x74, 0x5f, 0x46, 0x72,
    0x65, 0x65, 0x54, 0x79, 0x70, 0x65, 0x20, 0xe5, 0xa4, 0xb1, 0xe8, 0xb4,
    0xa5, 0x0a, 0x00, 0x73, 0x65, 0x67, 0x73, 0x20, 0x21, 0x3d, 0x20, 0x4e,
    0x55, 0x4c, 0x4c, 0x20, 0x7c, 0x7c, 0x20, 0x6c, 0x65, 0x6e, 0x20, 0x3d,
    0x3d, 0x20, 0x30, 0x00, 0x30, 0x20, 0x3c, 0x3d, 0x20, 0x63, 0x63, 0x62,
    0x69, 0x74, 0x73, 0x20, 0x26, 0x26, 0x20, 0x63, 0x63, 0x62, 0x69, 0x74,
    0x73, 0x20, 0x3c, 0x3d, 0x20, 0x31, 0x36, 0x00, 0x62, 0x69, 0x74, 0x4c,
    0x65, 0x6e, 0x20, 0x3d, 0x3d, 0x20, 0x64, 0x61, 0x74, 0x61, 0x55, 0x73,
    0x65, 0x64, 0x42, 0x69, 0x74, 0x73, 0x00, 0x62, 0x69, 0x74, 0x4c, 0x65,
    0x6e, 0x20, 0x3c, 0x3d, 0x20, 0x64, 0x61, 0x74, 0x61, 0x43, 0x61, 0x70,
    0x61, 0x63, 0x69, 0x74, 0x79, 0x42, 0x69, 0x74, 0x73, 0x00, 0x62, 0x69,
    0x74, 0x4c, 0x65, 0x6e, 0x20, 0x25, 0x20, 0x38, 0x20, 0x3d, 0x3d, 0x20,
    0x30, 0x00, 0x69, 0x20, 0x3d, 0x3d, 0x20, 0x64, 0x61, 0x74, 0x61, 0x4c,
    0x65, 0x6e, 0x20, 0x2a, 0x20, 0x38, 0x00, 0x6e, 0x20, 0x3c, 0x3d, 0x20,
    0x71, 0x72, 0x73, 0x69, 0x7a, 0x65, 0x20, 0x2a, 0x20, 0x33, 0x00, 0x30,
    0x20, 0x3c, 0x3d, 0x20, 0x6b, 0x20, 0x26, 0x26, 0x20, 0x6b, 0x20, 0x3c,
    0x3d, 0x20, 0x39, 0x00, 0x4c, 0x43, 0x5f, 0x41, 0x4c, 0x4c, 0x00, 0x4c,
    0x43, 0x5f, 0x4d, 0x45, 0x53, 0x53, 0x41, 0x47, 0x45, 0x53, 0x00, 0x4c,
    0x41, 0x4e, 0x47, 0x00, 0x7a, 0x68, 0x00, 0x48, 0x4b, 0x00, 0x4d, 0x4f,
    0x00, 0x48, 0x61, 0x6e, 0x74, 0x00, 0x6a, 0x61, 0x00, 0x6b, 0x6f, 0x00,
    0x5b, 0x25, 0x64, 0x2f, 0x25, 0x64, 0x5d, 0x20, 0x25, 0x73, 0x0a, 0x00,
    0x27, 0x30, 0x27, 0x20, 0x3c, 0x3d, 0x20, 0x63, 0x20, 0x26, 0x26, 0x20,
    0x63, 0x20, 0x3c, 0x3d, 0x20, 0x27, 0x39, 0x27, 0x00, 0x72, 0x65, 0x73,
    0x75, 0x6c, 0x74, 0x2e, 0x62, 0x69, 0x74, 0x4c, 0x65, 0x6e, 0x67, 0x74,
    0x68, 0x20, 0x3d, 0x3d, 0x20, 0x62, 0x69, 0x74, 0x4c, 0x65, 0x6e, 0x00,
    0x74, 0x65, 0x6d, 0x70, 0x20, 0x21, 0x3d, 0x20, 0x4e, 0x55, 0x4c, 0x4c,
    0x00, 0x3a, 0x28, 0x00, 0x4e, 0x6f, 0x74, 0x6f, 0x20, 0x53, 0x61, 0x6e,
    0x73, 0x20, 0x43, 0x4a, 0x4b, 0x20, 0x54, 0x43, 0x00, 0x4e, 0x6f, 0x74,
    0x6f, 0x20, 0x53, 0x61, 0x6e, 0x73, 0x20, 0x43, 0x4a, 0x4b, 0x20, 0x4a,
    0x50, 0x00, 0x4e, 0x6f, 0x74, 0x6f, 0x20, 0x53, 0x61, 0x6e, 0x73, 0x20,
    0x43, 0x4a, 0x4b, 0x20, 0x4b, 0x52, 0x00, 0x4e, 0x6f, 0x74, 0x6f, 0x20,
    0x53, 0x61, 0x6e, 0x73, 0x00, 0x4e, 0x6f, 0x74, 0x6f, 0x20, 0x53, 0x61,
    0x6e, 0x73, 0x20, 0x43, 0x4a, 0x4b, 0x20, 0x53, 0x43, 0x00, 0x2f, 0x64,
    0x65, 0x76, 0x2f, 0x74, 0x74, 0x79, 0x30, 0x00, 0xe6, 0x89, 0x93, 0xe5,
    0xbc, 0x80, 0x20, 0x2f, 0x64, 0x65, 0x76, 0x2f, 0x74, 0x74, 0x79, 0x30,
    0x20, 0xe5, 0xa4, 0xb1, 0xe8, 0xb4, 0xa5, 0x00, 0xe8, 0x8e, 0xb7, 0xe5,
    0x8f, 0x96, 0xe5, 0xbd, 0x93, 0xe5, 0x89, 0x8d, 0x20, 0x56, 0x54, 0x20,
    0xe7, 0xbc, 0x96, 0xe5, 0x8f, 0xb7, 0xe5, 0xa4, 0xb1, 0xe8, 0xb4, 0xa5,
    0x00, 0x2f, 0x64, 0x65, 0x76, 0x2f, 0x64, 0x72, 0x69, 0x2f, 0x63, 0x61,
    0x72, 0x64, 0x25, 0x64, 0x00, 0xe8, 0x8e, 0xb7, 0xe5, 0x8f, 0x96, 0x20,
    0x44, 0x52, 0x4d, 0x20, 0xe8, 0xb5, 0x84, 0xe6, 0xba, 0x90, 0xe5, 0xa4,
    0xb1, 0xe8, 0xb4, 0xa5, 0x00, 0xe5, 0x88, 0x9b, 0xe5, 0xbb, 0xba, 0x20,
    0x44, 0x75, 0x6d, 0x62, 0x20, 0x42, 0x75, 0x66, 0x66, 0x65, 0x72, 0x20,
    0xe5, 0xa4, 0xb1, 0xe8, 0xb4, 0xa5, 0x00, 0x64, 0x72, 0x6d, 0x4d, 0x6f,
    0x64, 0x65, 0x41, 0x64, 0x64, 0x46, 0x42, 0x20, 0xe5, 0xa4, 0xb1, 0xe8,
    0xb4, 0xa5, 0x00, 0x4d, 0x41, 0x50, 0x5f, 0x44, 0x55, 0x4d, 0x42, 0x20,
    0xe5, 0xa4, 0xb1, 0xe8, 0xb4, 0xa5, 0x00, 0x6d, 0x6d, 0x61, 0x70, 0x20,
    0xe6, 0x98, 0xbe, 0xe5, 0xad, 0x98, 0xe5, 0xa4, 0xb1, 0xe8, 0xb4, 0xa5,
    0x00, 0x7a, 0x68, 0x2d, 0x54, 0x57, 0x00, 0x7a, 0x68, 0x2d, 0x43, 0x4e,
    0x00, 0x66, 0x61, 0x6d, 0x69, 0x6c, 0x79, 0x00, 0x7a, 0x68, 0x2d, 0x63,
    0x6e, 0x00, 0x6c, 0x61, 0x6e, 0x67, 0x00, 0x66, 0x69, 0x6c, 0x65, 0x00,
    0x69, 0x6e, 0x64, 0x65, 0x78, 0x00, 0x64, 0x72, 0x6d, 0x4d, 0x6f, 0x64,
    0x65, 0x53, 0x65, 0x74, 0x43, 0x72, 0x74, 0x63, 0x20, 0xe5, 0x88, 0xb7,
    0xe6, 0x96, 0xb0, 0xe5, 0xa4, 0xb1, 0xe8, 0xb4, 0xa5, 0x00, 0xe8, 0xbf,
    0x98, 0xe5, 0x8e, 0x9f, 0x20, 0x43, 0x52, 0x54, 0x43, 0x20, 0xe8, 0xbe,
    0x93, 0xe5, 0x87, 0xba, 0xe5, 0xa4, 0xb1, 0xe8, 0xb4, 0xa5, 0x00, 0x50,
    0x52, 0x49, 0x4f, 0x52, 0x49, 0x54, 0x59, 0x00, 0x4d, 0x45, 0x53, 0x53,
    0x41, 0x47, 0x45, 0x00, 0x53, 0x59, 0x53, 0x4c, 0x4f, 0x47, 0x5f, 0x49,
    0x44, 0x45, 0x4e, 0x54, 0x49, 0x46, 0x49, 0x45, 0x52, 0x00, 0x5f, 0x43,
    0x4f, 0x4d, 0x4d, 0x00, 0x55, 0x4e, 0x49, 0x54, 0x00, 0x5f, 0x50, 0x49,
    0x44, 0x00, 0x66, 0x61, 0x69, 0x6c, 0x65, 0x64, 0x00, 0x65, 0x72, 0x72,
    0x6f, 0x72, 0x00, 0x72, 0x65, 0x73, 0x75, 0x6c, 0x74, 0x3a, 0x20, 0x66,
    0x61, 0x69, 0x6c, 0x00, 0x6d, 0x61, 0x69, 0x6e, 0x20, 0x70, 0x72, 0x6f,
    0x63, 0x65, 0x73, 0x73, 0x20, 0x65, 0x78, 0x69, 0x74, 0x65, 0x64, 0x00,
    0x66, 0x61, 0x69, 0x6c, 0x65, 0x64, 0x20, 0x74, 0x6f, 0x20, 0x73, 0x74,
    0x61, 0x72, 0x74, 0x00, 0x25, 0x73, 0x3a, 0x20, 0x25, 0x73, 0x00, 0x2d,
    0x2d, 0x68, 0x65, 0x6c, 0x70, 0x00, 0x2d, 0x2d, 0x6d, 0x6f, 0x6e, 0x69,
    0x74, 0x6f, 0x72, 0x00, 0x2d, 0x2d, 0x64, 0x61, 0x65, 0x6d, 0x6f, 0x6e,
    0x00, 0x2d, 0x2d, 0x64, 0x72, 0x79, 0x2d, 0x72, 0x75, 0x6e, 0x00, 0x2d,
    0x2d, 0x72, 0x65, 0x73, 0x74, 0x6f, 0x72, 0x65, 0x00, 0x2d, 0x2d, 0x73,
    0x68, 0x6f, 0x77, 0x00, 0x2f, 0x64, 0x65, 0x76, 0x2f, 0x6e, 0x75, 0x6c,
    0x6c, 0x00, 0xea, 0xb8, 0xb0, 0xeb, 0xb3, 0xb8, 0x20, 0xed, 0x95, 0xb4,
    0xec, 0x83, 0x81, 0xeb, 0x8f, 0x84, 0x3a, 0x20, 0x25, 0x75, 0x78, 0x25,
    0x75, 0x00, 0xec, 0x8b, 0x9c, 0xec, 0x8a, 0xa4, 0xed, 0x85, 0x9c, 0x20,
    0xec, 0x9e, 0xac, 0xeb, 0xb6, 0x80, 0xed, 0x8c, 0x85, 0x00, 0xeb, 0xb3,
    0xb5, 0xec, 0x9b, 0x90, 0x20, 0xed, 0x9b, 0x84, 0x20, 0xec, 0xa2, 0x85,
    0xeb, 0xa3, 0x8c, 0x00, 0xeb, 0x8d, 0xb0, 0xec, 0x8a, 0xa4, 0xed, 0x81,
    0xac, 0xed, 0x86, 0xb1, 0x20, 0xeb, 0xb3, 0xb5, 0xec, 0x9b, 0x90, 0x20,
    0xec, 0x99, 0x84, 0xeb, 0xa3, 0x8c, 0x2e, 0x0a, 0x00, 0x25, 0x64, 0x25,
    0x25, 0x20, 0xec, 0x99, 0x84, 0xeb, 0xa3, 0x8c, 0x00, 0x31, 0x30, 0x30,
    0x25, 0x20, 0xec, 0x99, 0x84, 0xeb, 0xa3, 0x8c, 0x00, 0xec, 0xa4, 0x91,
    0xec, 0xa7, 0x80, 0x20, 0xec, 0xbd, 0x94, 0xeb, 0x93, 0x9c, 0x3a, 0x20,
    0x25, 0x73, 0x00, 0xec, 0x9b, 0x90, 0xec, 0x9d, 0xb8, 0x20, 0xec, 0xb6,
    0x9c, 0xeb, 0xa0, 0xa5, 0x28, 0x64, 0x72, 0x79, 0x2d, 0x72, 0x75, 0x6e,
    0x29, 0x00, 0xeb, 0xb8, 0x94, 0xeb, 0xa3, 0xa8, 0x20, 0xec, 0x8a, 0xa4,
    0xed, 0x81, 0xac, 0xeb, 0xa6, 0xb0, 0x20, 0xed, 0x91, 0x9c, 0xec, 0x8b,
    0x9c, 0x00, 0x73, 0x64, 0x5f, 0x6a, 0x6f, 0x75, 0x72, 0x6e, 0x61, 0x6c,
    0x5f, 0x6f, 0x70, 0x65, 0x6e, 0x20, 0xec, 0x8b, 0xa4, 0xed, 0x8c, 0xa8,
    0x3a, 0x20, 0x25, 0x73, 0x0a, 0x00, 0x73, 0x64, 0x5f, 0x6a, 0x6f, 0x75,
    0x72, 0x6e, 0x61, 0x6c, 0x5f, 0x6e, 0x65, 0x78, 0x74, 0x20, 0xec, 0x8b,
    0xa4, 0xed, 0x8c, 0xa8, 0x3a, 0x20, 0x25, 0x73, 0x0a, 0x00, 0x73, 0x64,
    0x5f, 0x6a, 0x6f, 0x75, 0x72, 0x6e, 0x61, 0x6c, 0x5f, 0x77, 0x61, 0x69,
    0x74, 0x20, 0xec, 0x8b, 0xa4, 0xed, 0x8c, 0xa8, 0x3a, 0x20, 0x25, 0x73,
    0x0a, 0x00, 0xec, 0x95, 0x8c, 0x20, 0xec, 0x88, 0x98, 0x20, 0xec, 0x97,
    0x86, 0xeb, 0x8a, 0x94, 0x20, 0xec, 0x98, 0xb5, 0xec, 0x85, 0x98, 0x3a,
    0x20, 0x25, 0x73, 0x0a, 0x00, 0xeb, 0x8d, 0xb0, 0xeb, 0xaa, 0xac, 0xed,
    0x99, 0x94, 0x20, 0xec, 0x8b, 0xa4, 0xed, 0x8c, 0xa8, 0x00, 0xe3, 0x82,
    0xb7, 0xe3, 0x82, 0xb9, 0xe3, 0x83, 0x86, 0xe3, 0x83, 0xa0, 0xe3, 0x82,
    0x92, 0xe5, 0x86, 0x8d, 0xe8, 0xb5, 0xb7, 0xe5, 0x8b, 0x95, 0x00, 0xe5,
    0xbe, 0xa9, 0xe5, 0x85, 0x83, 0xe3, 0x81, 0x97, 0xe3, 0x81, 0xa6, 0xe7,
    0xb5, 0x82, 0xe4, 0xba, 0x86, 0x00, 0x25, 0x64, 0x25, 0x25, 0x20, 0xe5,
    0xae, 0x8c, 0xe4, 0xba, 0x86, 0x00, 0x31, 0x30, 0x30, 0x25, 0x20, 0xe5,
    0xae, 0x8c, 0xe4, 0xba, 0x86, 0x00, 0xe5, 0x81, 0x9c, 0xe6, 0xad, 0xa2,
    0xe3, 0x82, 0xb3, 0xe3, 0x83, 0xbc, 0xe3, 0x83, 0x89, 0x3a, 0x20, 0x25,
    0x73, 0x00, 0xe5, 0x8e, 0x9f, 0xe5, 0x9b, 0xa0, 0xe3, 0x82, 0x92, 0xe5,
    0x87, 0xba, 0xe5, 0x8a, 0x9b, 0xef, 0xbc, 0x88, 0x64, 0x72, 0x79, 0x2d,
    0x72, 0x75, 0x6e, 0xef, 0xbc, 0x89, 0x00, 0xe4, 0xb8, 0x8d, 0xe6, 0x98,
    0x8e, 0xe3, 0x81, 0xaa, 0xe3, 0x82, 0xaa, 0xe3, 0x83, 0x97, 0xe3, 0x82,
    0xb7, 0xe3, 0x83, 0xa7, 0xe3, 0x83, 0xb3, 0x3a, 0x20, 0x25, 0x73, 0x0a,
    0x00, 0xe5, 0xa1, 0xab, 0xe5, 0x85, 0xa5, 0xe8, 0x97, 0x8d, 0xe5, 0xb1,
    0x8f, 0xe5, 0x83, 0x8f, 0xe7, 0xb4, 0xa0, 0xe8, 0xb3, 0x87, 0xe6, 0x96,
    0x99, 0x2e, 0x2e, 0x2e, 0x00, 0xe9, 0x87, 0x8d, 0xe6, 0x96, 0xb0, 0xe5,
    0x95, 0x9f, 0xe5, 0x8b, 0x95, 0xe7, 0xb3, 0xbb, 0xe7, 0xb5, 0xb1, 0x00,
    0xe6, 0x81, 0xa2, 0xe5, 0xbe, 0xa9, 0xe4, 0xb8, 0xa6, 0xe9, 0x80, 0x80,
    0xe5, 0x87, 0xba, 0x00, 0xe6, 0xa1, 0x8c, 0xe9, 0x9d, 0xa2, 0xe6, 0x81,
    0xa2, 0xe5, 0xbe, 0xa9, 0xe5, 0xae, 0x8c, 0xe6, 0x88, 0x90, 0xe3, 0x80,
    0x82, 0x0a, 0x00, 0x25, 0x64, 0x25, 0x25, 0x20, 0xe5, 0xae, 0x8c, 0xe6,
    0x88, 0x90, 0x00, 0x31, 0x30, 0x30, 0x25, 0x20, 0xe5, 0xae, 0x8c, 0xe6,
    0x88, 0x90, 0x00, 0xe7, 0xb5, 0x82, 0xe6, 0xad, 0xa2, 0xe4, 0xbb, 0xa3,
    0xe7, 0xa2, 0xbc, 0xef, 0xbc, 0x9a, 0x25, 0x73, 0x00, 0xe5, 0x88, 0x97,
    0xe5, 0x8d, 0xb0, 0xe5, 0x8e, 0x9f, 0xe5, 0x9b, 0xa0, 0xef, 0xbc, 0x88,
    0x64, 0x72, 0x79, 0x2d, 0x72, 0x75, 0x6e, 0xef, 0xbc, 0x89, 0x00, 0xe9,
    0xa1, 0xaf, 0xe7, 0xa4, 0xba, 0xe8, 0x97, 0x8d, 0xe5, 0xb1, 0x8f, 0x00,
    0x5b, 0x6d, 0x6f, 0x6e, 0x69, 0x74, 0x6f, 0x72, 0x5d, 0x20, 0xe9, 0xa1,
    0xaf, 0xe7, 0xa4, 0xba, 0xe8, 0x97, 0x8d, 0xe5, 0xb1, 0x8f, 0x2e, 0x2e,
    0x2e, 0x0a, 0x00, 0x73, 0x64, 0x5f, 0x6a, 0x6f, 0x75, 0x72, 0x6e, 0x61,
    0x6c, 0x5f, 0x6f, 0x70, 0x65, 0x6e, 0x20, 0xe5, 0xa4, 0xb1, 0xe6, 0x95,
    0x97, 0x3a, 0x20, 0x25, 0x73, 0x0a, 0x00, 0x73, 0x64, 0x5f, 0x6a, 0x6f,
    0x75, 0x72, 0x6e, 0x61, 0x6c, 0x5f, 0x6e, 0x65, 0x78, 0x74, 0x20, 0xe5,
    0xa4, 0xb1, 0xe6, 0x95, 0x97, 0x3a, 0x20, 0x25, 0x73, 0x0a, 0x00, 0x73,
    0x64, 0x5f, 0x6a, 0x6f, 0x75, 0x72, 0x6e, 0x61, 0x6c, 0x5f, 0x77, 0x61,
    0x69, 0x74, 0x20, 0xe5, 0xa4, 0xb1, 0xe6, 0x95, 0x97, 0x3a, 0x20, 0x25,
    0x73, 0x0a, 0x00, 0xe6, 0x9c, 0xaa, 0xe7, 0x9f, 0xa5, 0xe9, 0x81, 0xb8,
    0xe9, 0xa0, 0x85, 0x3a, 0x20, 0x25, 0x73, 0x0a, 0x00, 0xe5, 0xae, 0x88,
    0xe8, 0xad, 0xb7, 0xe8, 0xa1, 0x8c, 0xe7, 0xa8, 0x8b, 0xe5, 0x8c, 0x96,
    0xe5, 0xa4, 0xb1, 0xe6, 0x95, 0x97, 0x00, 0xe5, 0xa1, 0xab, 0xe5, 0x85,
    0x85, 0xe8, 0x93, 0x9d, 0xe5, 0xb1, 0x8f, 0xe5, 0x83, 0x8f, 0xe7, 0xb4,
    0xa0, 0xe6, 0x95, 0xb0, 0xe6, 0x8d, 0xae, 0x2e, 0x2e, 0x2e, 0x00, 0xe9,
    0x87, 0x8d, 0xe5, 0x90, 0xaf, 0xe7, 0xb3, 0xbb, 0xe7, 0xbb, 0x9f, 0x00,
    0xe6, 0x81, 0xa2, 0xe5, 0xa4, 0x8d, 0xe5, 0xb9, 0xb6, 0xe9, 0x80, 0x80,
    0xe5, 0x87, 0xba, 0x00, 0xe6, 0xa1, 0x8c, 0xe9, 0x9d, 0xa2, 0xe6, 0x81,
    0xa2, 0xe5, 0xa4, 0x8d, 0xe5, 0xae, 0x8c, 0xe6, 0x88, 0x90, 0xe3, 0x80,
    0x82, 0x0a, 0x00, 0xe7, 0xbb, 0x88, 0xe6, 0xad, 0xa2, 0xe4, 0xbb, 0xa3,
    0xe7, 0xa0, 0x81, 0xef, 0xbc, 0x9a, 0x25, 0x73, 0x00, 0xe6, 0x89, 0x93,
    0xe5, 0x8d, 0xb0, 0xe5, 0x8e, 0x9f, 0xe5, 0x9b, 0xa0, 0xef, 0xbc, 0x88,
    0x64, 0x72, 0x79, 0x2d, 0x72, 0x75, 0x6e, 0xef, 0xbc, 0x89, 0x00, 0xe6,
    0x98, 0xbe, 0xe7, 0xa4, 0xba, 0xe8, 0x93, 0x9d, 0xe5, 0xb1, 0x8f, 0x00,
    0x5b, 0x6d, 0x6f, 0x6e, 0x69, 0x74, 0x6f, 0x72, 0x5d, 0x20, 0xe6, 0x98,
    0xbe, 0xe7, 0xa4, 0xba, 0xe8, 0x93, 0x9d, 0xe5, 0xb1, 0x8f, 0x2e, 0x2e,
    0x2e, 0x0a, 0x00, 0x73, 0x64, 0x5f, 0x6a, 0x6f, 0x75, 0x72, 0x6e, 0x61,
    0x6c, 0x5f, 0x6f, 0x70, 0x65, 0x6e, 0x20, 0xe5, 0xa4, 0xb1, 0xe8, 0xb4,
    0xa5, 0x3a, 0x20, 0x25, 0x73, 0x0a, 0x00, 0x73, 0x64, 0x5f, 0x6a, 0x6f,
    0x75, 0x72, 0x6e, 0x61, 0x6c, 0x5f, 0x6e, 0x65, 0x78, 0x74, 0x20, 0xe5,
    0xa4, 0xb1, 0xe8, 0xb4, 0xa5, 0x3a, 0x20, 0x25, 0x73, 0x0a, 0x00, 0x73,
    0x64, 0x5f, 0x6a, 0x6f, 0x75, 0x72, 0x6e, 0x61, 0x6c, 0x5f, 0x77, 0x61,
    0x69, 0x74, 0x20, 0xe5, 0xa4, 0xb1, 0xe8, 0xb4, 0xa5, 0x3a, 0x20, 0x25,
    0x73, 0x0a, 0x00, 0xe6, 0x9c, 0xaa, 0xe7, 0x9f, 0xa5, 0xe9, 0x80, 0x89,
    0xe9, 0xa1, 0xb9, 0x3a, 0x20, 0x25, 0x73, 0x0a, 0x00, 0xe5, 0xae, 0x88,
    0xe6, 0x8a, 0xa4, 0xe8, 0xbf, 0x9b, 0xe7, 0xa8, 0x8b, 0xe5, 0x8c, 0x96,
    0xe5, 0xa4, 0xb1, 0xe8, 0xb4, 0xa5, 0x00, 0x44, 0x65, 0x73, 0x6b, 0x74,
    0x6f, 0x70, 0x20, 0x69, 0x73, 0x20, 0x72, 0x75, 0x6e, 0x6e, 0x69, 0x6e,
    0x67, 0x20, 0x6f, 0x6e, 0x20, 0x74, 0x74, 0x79, 0x25, 0x64, 0x0a, 0x00,
    0x41, 0x63, 0x71, 0x75, 0x69, 0x72, 0x69, 0x6e, 0x67, 0x20, 0x44, 0x52,
    0x4d, 0x20, 0x4d, 0x61, 0x73, 0x74, 0x65, 0x72, 0x2e, 0x2e, 0x2e, 0x00,
    0x4e, 0x61, 0x74, 0x69, 0x76, 0x65, 0x20, 0x72, 0x65, 0x73, 0x6f, 0x6c,
    0x75, 0x74, 0x69, 0x6f, 0x6e, 0x3a, 0x20, 0x25, 0x75, 0x78, 0x25, 0x75,
    0x00, 0x46, 0x69, 0x6c, 0x6c, 0x69, 0x6e, 0x67, 0x20, 0x62, 0x6c, 0x75,
    0x65, 0x20, 0x73, 0x63, 0x72, 0x65, 0x65, 0x6e, 0x20, 0x70, 0x69, 0x78,
    0x65, 0x6c, 0x73, 0x2e, 0x2e, 0x2e, 0x00, 0x72, 0x65, 0x62, 0x6f, 0x6f,
    0x74, 0x20, 0x73, 0x79, 0x73, 0x74, 0x65, 0x6d, 0x00, 0x72, 0x65, 0x73,
    0x74, 0x6f, 0x72, 0x65, 0x20, 0x61, 0x6e, 0x64, 0x20, 0x65, 0x78, 0x69,
    0x74, 0x00, 0x44, 0x65, 0x73, 0x6b, 0x74, 0x6f, 0x70, 0x20, 0x72, 0x65,
    0x73, 0x74, 0x6f, 0x72, 0x65, 0x64, 0x2e, 0x0a, 0x00, 0x25, 0x64, 0x25,
    0x25, 0x20, 0x63, 0x6f, 0x6d, 0x70, 0x6c, 0x65, 0x74, 0x65, 0x00, 0x31,
    0x30, 0x30, 0x25, 0x20, 0x63, 0x6f, 0x6d, 0x70, 0x6c, 0x65, 0x74, 0x65,
    0x00, 0x53, 0x74, 0x6f, 0x70, 0x20, 0x63, 0x6f, 0x64, 0x65, 0x3a, 0x20,
    0x25, 0x73, 0x00, 0x70, 0x72, 0x69, 0x6e, 0x74, 0x20, 0x72, 0x65, 0x61,
    0x73, 0x6f, 0x6e, 0x20, 0x28, 0x64, 0x72, 0x79, 0x2d, 0x72, 0x75, 0x6e,
    0x29, 0x00, 0x73, 0x68, 0x6f, 0x77, 0x20, 0x62, 0x6c, 0x75, 0x65, 0x20,
    0x73, 0x63, 0x72, 0x65, 0x65, 0x6e, 0x00, 0x73, 0x64, 0x5f, 0x6a, 0x6f,
    0x75, 0x72, 0x6e, 0x61, 0x6c, 0x5f, 0x6f, 0x70, 0x65, 0x6e, 0x20, 0x66,
    0x61, 0x69, 0x6c, 0x65, 0x64, 0x3a, 0x20, 0x25, 0x73, 0x0a, 0x00, 0x73,
    0x64, 0x5f, 0x6a, 0x6f, 0x75, 0x72, 0x6e, 0x61, 0x6c, 0x5f, 0x6e, 0x65,
    0x78, 0x74, 0x20, 0x66, 0x61, 0x69, 0x6c, 0x65, 0x64, 0x3a, 0x20, 0x25,
    0x73, 0x0a, 0x00, 0x73, 0x64, 0x5f, 0x6a, 0x6f, 0x75, 0x72, 0x6e, 0x61,
    0x6c, 0x5f, 0x77, 0x61, 0x69, 0x74, 0x20, 0x66, 0x61, 0x69, 0x6c, 0x65,
    0x64, 0x3a, 0x20, 0x25, 0x73, 0x0a, 0x00, 0x55, 0x6e, 0x6b, 0x6e, 0x6f,
    0x77, 0x6e, 0x20, 0x6f, 0x70, 0x74, 0x69, 0x6f, 0x6e, 0x3a, 0x20, 0x25,
    0x73, 0x0a, 0x00, 0x46, 0x61, 0x69, 0x6c, 0x65, 0x64, 0x20, 0x74, 0x6f,
    0x20, 0x64, 0x61, 0x65, 0x6d, 0x6f, 0x6e, 0x69, 0x7a, 0x65, 0x00, 0x00,
    0x71, 0x72, 0x63, 0x6f, 0x64, 0x65, 0x67, 0x65, 0x6e, 0x5f, 0x56, 0x45,
    0x52, 0x53, 0x49, 0x4f, 0x4e, 0x5f, 0x4d, 0x49, 0x4e, 0x20, 0x3c, 0x3d,
    0x20, 0x76, 0x65, 0x72, 0x20, 0x26, 0x26, 0x20, 0x76, 0x65, 0x72, 0x20,
    0x3c, 0x3d, 0x20, 0x71, 0x72, 0x63, 0x6f, 0x64, 0x65, 0x67, 0x65, 0x6e,
    0x5f, 0x56, 0x45, 0x52, 0x53, 0x49, 0x4f, 0x4e, 0x5f, 0x4d, 0x41, 0x58,
    0x00, 0x00, 0x00, 0x00, 0x00, 0x00, 0x00, 0x00, 0x00, 0x00, 0x00, 0x00,
    0x32, 0x30, 0x38, 0x20, 0x3c, 0x3d, 0x20, 0x72, 0x65, 0x73, 0x75, 0x6c,
    0x74, 0x20, 0x26, 0x26, 0x20, 0x72, 0x65, 0x73, 0x75, 0x6c, 0x74, 0x20,
    0x3c, 0x3d, 0x20, 0x32, 0x39, 0x36, 0x34, 0x38, 0x00, 0x00, 0x00, 0x00,
    0x00, 0x00, 0x00, 0x00, 0x30, 0x20, 0x3c, 0x3d, 0x20, 0x6e, 0x75, 0x6d,
    0x42, 0x69, 0x74, 0x73, 0x20, 0x26, 0x26, 0x20, 0x6e, 0x75, 0x6d, 0x42,
    0x69, 0x74, 0x73, 0x20, 0x3c, 0x3d, 0x20, 0x31, 0x36, 0x20, 0x26, 0x26,
    0x20, 0x28, 0x75, 0x6e, 0x73, 0x69, 0x67, 0x6e, 0x65, 0x64, 0x20, 0x6c,
    0x6f, 0x6e, 0x67, 0x29, 0x76, 0x61, 0x6c, 0x20, 0x3e, 0x3e, 0x20, 0x6e,
    0x75, 0x6d, 0x42, 0x69, 0x74, 0x73, 0x20, 0x3d, 0x3d, 0x20, 0x30, 0x00,
    0x00, 0x00, 0x00, 0x00, 0x32, 0x31, 0x20, 0x3c, 0x3d, 0x20, 0x71, 0x72,
    0x73, 0x69, 0x7a, 0x65, 0x20, 0x26, 0x26, 0x20, 0x71, 0x72, 0x73, 0x69,
    0x7a, 0x65, 0x20, 0x3c, 0x3d, 0x20, 0x31, 0x37, 0x37, 0x20, 0x26, 0x26,
    0x20, 0x30, 0x20, 0x3c, 0x3d, 0x20, 0x78, 0x20, 0x26, 0x26, 0x20, 0x78,
    0x20, 0x3c, 0x20, 0x71, 0x72, 0x73, 0x69, 0x7a, 0x65, 0x20, 0x26, 0x26,
    0x20, 0x30, 0x20, 0x3c, 0x3d, 0x20, 0x79, 0x20, 0x26, 0x26, 0x20, 0x79,
    0x20, 0x3c, 0x20, 0x71, 0x72, 0x73, 0x69, 0x7a, 0x65, 0x00, 0x00, 0x00,
    0x28, 0x71, 0x72, 0x63, 0x6f, 0x64, 0x65, 0x67, 0x65, 0x6e, 0x5f, 0x56,
    0x45, 0x52, 0x53, 0x49, 0x4f, 0x4e, 0x5f, 0x4d, 0x49, 0x4e, 0x20, 0x2a,
    0x20, 0x34, 0x20, 0x2b, 0x20, 0x31, 0x37, 0x29, 0x20, 0x3c, 0x3d, 0x20,
    0x72, 0x65, 0x73, 0x75, 0x6c, 0x74, 0x20, 0x26, 0x26, 0x20, 0x72, 0x65,
    0x73, 0x75, 0x6c, 0x74, 0x20, 0x3c, 0x3d, 0x20, 0x28, 0x71, 0x72, 0x63,
    0x6f, 0x64, 0x65, 0x67, 0x65, 0x6e, 0x5f, 0x56, 0x45, 0x52, 0x53, 0x49,
    0x4f, 0x4e, 0x5f, 0x4d, 0x41, 0x58, 0x20, 0x2a, 0x20, 0x34, 0x20, 0x2b,
    0x20, 0x31, 0x37, 0x29, 0x00, 0x00, 0x00, 0x00, 0x00, 0x00, 0x00, 0x00,
    0x56, 0x54, 0x5f, 0x57, 0x41, 0x49, 0x54, 0x41, 0x43, 0x54, 0x49, 0x56,
    0x45, 0x20, 0xe7, 0xad, 0x89, 0xe5, 0xbe, 0x85, 0xe5, 0x88, 0x87, 0xe6,
    0x8d, 0xa2, 0xe5, 0xa4, 0xb1, 0xe8, 0xb4, 0xa5, 0x00, 0x00, 0x00, 0x00,
    0x00, 0x00, 0x00, 0x00, 0x46, 0x54, 0x5f, 0x53, 0x65, 0x74, 0x5f, 0x50,
    0x69, 0x78, 0x65, 0x6c, 0x5f, 0x53, 0x69, 0x7a, 0x65, 0x73, 0x28, 0x25,
    0x75, 0x29, 0x20, 0xe5, 0xa4, 0xb1, 0xe8, 0xb4, 0xa5, 0x0a, 0x00, 0x00,
    0x46, 0x54, 0x5f, 0x4e, 0x65, 0x77, 0x5f, 0x46, 0x61, 0x63, 0x65, 0x20,
    0xe5, 0xa4, 0xb1, 0xe8, 0xb4, 0xa5, 0x3a, 0x20, 0x25, 0x73, 0x20, 0x28,
    0x66, 0x61, 0x63, 0x65, 0x3d, 0x25, 0x64, 0x29, 0x0a, 0x00, 0x00, 0x00,
    0x00, 0x00, 0x00, 0x00, 0x30, 0x20, 0x3c, 0x3d, 0x20, 0x6e, 0x75, 0x6d,
    0x43, 0x68, 0x61, 0x72, 0x73, 0x20, 0x26, 0x26, 0x20, 0x6e, 0x75, 0x6d,
    0x43, 0x68, 0x61, 0x72, 0x73, 0x20, 0x3c, 0x3d, 0x20, 0x49, 0x4e, 0x54,
    0x31, 0x36, 0x5f, 0x4d, 0x41, 0x58, 0x00, 0x00, 0x30, 0x20, 0x3c, 0x3d,
    0x20, 0x62, 0x69, 0x74, 0x4c, 0x65, 0x6e, 0x67, 0x74, 0x68, 0x20, 0x26,
    0x26, 0x20, 0x62, 0x69, 0x74, 0x4c, 0x65, 0x6e, 0x67, 0x74, 0x68, 0x20,
    0x3c, 0x3d, 0x20, 0x49, 0x4e, 0x54, 0x31, 0x36, 0x5f, 0x4d, 0x41, 0x58,
    0x00, 0x00, 0x00, 0x00, 0x00, 0x00, 0x00, 0x00, 0x31, 0x20, 0x3c, 0x3d,
    0x20, 0x64, 0x65, 0x67, 0x72, 0x65, 0x65, 0x20, 0x26, 0x26, 0x20, 0x64,
    0x65, 0x67, 0x72, 0x65, 0x65, 0x20, 0x3c, 0x3d, 0x20, 0x71, 0x72, 0x63,
    0x6f, 0x64, 0x65, 0x67, 0x65, 0x6e, 0x5f, 0x52, 0x45, 0x45, 0x44, 0x5f,
    0x53, 0x4f, 0x4c, 0x4f, 0x4d, 0x4f, 0x4e, 0x5f, 0x44, 0x45, 0x47, 0x52,
    0x45, 0x45, 0x5f, 0x4d, 0x41, 0x58, 0x00, 0x00, 0x00, 0x00, 0x00, 0x00,
    0x30, 0x20, 0x3c, 0x3d, 0x20, 0x72, 0x65, 0x73, 0x75, 0x6c, 0x74, 0x20,
    0x26, 0x26, 0x20, 0x72, 0x65, 0x73, 0x75, 0x6c, 0x74, 0x20, 0x3c, 0x3d,
    0x20, 0x32, 0x35, 0x36, 0x38, 0x38, 0x38, 0x38, 0x4c, 0x00, 0x00, 0x00,
    0x00, 0x00, 0x00, 0x00, 0x30, 0x20, 0x3c, 0x3d, 0x20, 0x28, 0x69, 0x6e,
    0x74, 0x29, 0x6d, 0x61, 0x73, 0x6b, 0x20, 0x26, 0x26, 0x20, 0x28, 0x69,
    0x6e, 0x74, 0x29, 0x6d, 0x61, 0x73, 0x6b, 0x20, 0x3c, 0x3d, 0x20, 0x37,
    0x00, 0x00, 0x00, 0x00, 0x00, 0x00, 0x00, 0x00, 0x68, 0x74, 0x74, 0x70,
    0x73, 0x3a, 0x2f, 0x2f, 0x73, 0x74, 0x61, 0x63, 0x6b, 0x6f, 0x76, 0x65,
    0x72, 0x66, 0x6c, 0x6f, 0x77, 0x2e, 0x63, 0x6f, 0x6d, 0x2f, 0x73, 0x65,
    0x61, 0x72, 0x63, 0x68, 0x3f, 0x71, 0x3d, 0x25, 0x73, 0x00, 0x00, 0x00,
    0x30, 0x31, 0x32, 0x33, 0x34, 0x35, 0x36, 0x37, 0x38, 0x39, 0x41, 0x42,
    0x43, 0x44, 0x45, 0x46, 0x47, 0x48, 0x49, 0x4a, 0x4b, 0x4c, 0x4d, 0x4e,
    0x4f, 0x50, 0x51, 0x52, 0x53, 0x54, 0x55, 0x56, 0x57, 0x58, 0x59, 0x5a,
    0x20, 0x24, 0x25, 0x2a, 0x2b, 0x2d, 0x2e, 0x2f, 0x3a, 0x00, 0x00, 0x00,
    0x5b, 0x64, 0x72, 0x6d, 0x5d, 0x20, 0xe6, 0x9c, 0xaa, 0xe6, 0x89, 0xbe,
    0xe5, 0x88, 0xb0, 0xe5, 0x8f, 0xaf, 0xe7, 0x94, 0xa8, 0xe7, 0x9a, 0x84,
    0x20, 0x44, 0x52, 0x4d, 0x20, 0xe8, 0xae, 0xbe, 0xe5, 0xa4, 0x87, 0xef,
    0xbc, 0x88, 0xe5, 0xb7, 0xb2, 0xe5, 0xb0, 0x9d, 0xe8, 0xaf, 0x95, 0x20,
    0x2f, 0x64, 0x65, 0x76, 0x2f, 0x64, 0x72, 0x69, 0x2f, 0x63, 0x61, 0x72,
    0x64, 0x30, 0x2e, 0x2e, 0x63, 0x61, 0x72, 0x64, 0x37, 0xef, 0xbc, 0x89,
    0xef, 0xbc, 0x8c, 0xe5, 0x8f, 0xaf, 0xe5, 0x85, 0x88, 0xe6, 0x89, 0xa7,
    0xe8, 0xa1, 0x8c, 0x20, 0x6c, 0x73, 0x20, 0x2f, 0x64, 0x65, 0x76, 0x2f,
    0x64, 0x72, 0x69, 0x20, 0xe6, 0x9f, 0xa5, 0xe7, 0x9c, 0x8b, 0xe5, 0xae,
    0x9e, 0xe9, 0x99, 0x85, 0xe8, 0xae, 0xbe, 0xe5, 0xa4, 0x87, 0xe5, 0x90,
    0x8d, 0x0a, 0x00, 0x00, 0x00, 0x00, 0x00, 0x00, 0x64, 0x72, 0x6d, 0x53,
    0x65, 0x74, 0x4d, 0x61, 0x73, 0x74, 0x65, 0x72, 0x20, 0xe6, 0x8a, 0xa2,
    0xe5, 0x8d, 0xa0, 0xe6, 0x8e, 0xa7, 0xe5, 0x88, 0xb6, 0xe6, 0x9d, 0x83,
    0xe5, 0xa4, 0xb1, 0xe8, 0xb4, 0xa5, 0x00, 0x00, 0x00, 0x00, 0x00, 0x00,
    0x5b, 0x64, 0x72, 0x6d, 0x5d, 0x20, 0xe6, 0x9c, 0xaa, 0xe6, 0x89, 0xbe,
    0xe5, 0x88, 0xb0, 0xe5, 0xb7, 0xb2, 0xe8, 0xbf, 0x9e, 0xe6, 0x8e, 0xa5,
    0xe7, 0x9a, 0x84, 0xe6, 0x98, 0xbe, 0xe7, 0xa4, 0xba, 0xe5, 0x99, 0xa8,
    0x0a, 0x00, 0x00, 0x00, 0x5b, 0x66, 0x6f, 0x6e, 0x74, 0x5d, 0x20, 0x66,
    0x6f, 0x6e, 0x74, 0x63, 0x6f, 0x6e, 0x66, 0x69, 0x67, 0x20, 0xe6, 0x9c,
    0xaa, 0xe6, 0x89, 0xbe, 0xe5, 0x88, 0xb0, 0xe6, 0x97, 0x8f, 0xe5, 0x90,
    0x8d, 0x20, 0x25, 0x73, 0xef, 0xbc, 0x8c, 0xe5, 0x9b, 0x9e, 0xe9, 0x80,
    0x80, 0xe7, 0x9b, 0xae, 0xe5, 0xbd, 0x95, 0xe6, 0x89, 0xab, 0xe6, 0x8f,
    0x8f, 0x0a, 0x00, 0x00, 0x00, 0x00, 0x00, 0x00, 0x5b, 0x66, 0x6f, 0x6e,
    0x74, 0x5d, 0x20, 0xe4, 0xbd, 0xbf, 0xe7, 0x94, 0xa8, 0xe5, 0x9b, 0x9e,
    0xe9, 0x80, 0x80, 0xe5, 0xad, 0x97, 0xe4, 0xbd, 0x93, 0x3a, 0x20, 0x25,
    0x73, 0x0a, 0x00, 0x00, 0xe6, 0x9c, 0xaa, 0xe6, 0x89, 0xbe, 0xe5, 0x88,
    0xb0, 0xe5, 0x8f, 0xaf, 0xe7, 0x94, 0xa8, 0xe5, 0xad, 0x97, 0xe4, 0xbd,
    0x93, 0xef, 0xbc, 0x88, 0x66, 0x61, 0x6d, 0x69, 0x6c, 0x79, 0x3d, 0x25,
    0x73, 0xef, 0xbc, 0x89, 0x0a, 0x00, 0x00, 0x00, 0x64, 0x72, 0x6d, 0x4d,
    0x6f, 0x64, 0x65, 0x47, 0x65, 0x74, 0x43, 0x72, 0x74, 0x63, 0x20, 0xe4,
    0xbf, 0x9d, 0xe5, 0xad, 0x98, 0xe5, 0x8e, 0x9f, 0xe5, 0xa7, 0x8b, 0xe7,
    0x8a, 0xb6, 0xe6, 0x80, 0x81, 0xe5, 0xa4, 0xb1, 0xe8, 0xb4, 0xa5, 0x00,
    0x2f, 0x64, 0x65, 0x76, 0x2f, 0x74, 0x74, 0x79, 0x30, 0xec, 0x9d, 0x84,
    0x20, 0xec, 0x97, 0xb4, 0xea, 0xb3, 0xa0, 0x20, 0xed, 0x98, 0x84, 0xec,
    0x9e, 0xac, 0x20, 0x56, 0x54, 0xeb, 0xa5, 0xbc, 0x20, 0xea, 0xb0, 0x80,
    0xec, 0xa0, 0xb8, 0xec, 0x98, 0xa4, 0xeb, 0x8a, 0x94, 0x20, 0xec, 0xa4,
    0x91, 0x2e, 0x2e, 0x2e, 0x00, 0x00, 0x00, 0x00, 0xeb, 0x8d, 0xb0, 0xec,
    0x8a, 0xa4, 0xed, 0x81, 0xac, 0xed, 0x86, 0xb1, 0xec, 0x9d, 0xb4, 0x20,
    0x74, 0x74, 0x79, 0x25, 0x64, 0xec, 0x97, 0x90, 0xec, 0x84, 0x9c, 0x20,
    0xec, 0x8b, 0xa4, 0xed, 0x96, 0x89, 0x20, 0xec, 0xa4, 0x91, 0xec, 0x9e,
    0x85, 0xeb, 0x8b, 0x88, 0xeb, 0x8b, 0xa4, 0x0a, 0x00, 0x00, 0x00, 0x00,
    0x00, 0x00, 0x00, 0x00, 0x74, 0x74, 0x79, 0x25, 0x64, 0xeb, 0xa1, 0x9c,
    0x20, 0xec, 0xa0, 0x84, 0xed, 0x99, 0x98, 0xed, 0x95, 0x98, 0xec, 0x97,
    0xac, 0x20, 0xeb, 0x8d, 0xb0, 0xec, 0x8a, 0xa4, 0xed, 0x81, 0xac, 0xed,
    0x86, 0xb1, 0xec, 0x9d, 0x84, 0x20, 0xec, 0xa4, 0x91, 0xec, 0xa7, 0x80,
    0xed, 0x95, 0x98, 0xea, 0xb3, 0xa0, 0x20, 0x44, 0x52, 0x4d, 0xec, 0x9d,
    0x84, 0x20, 0xed, 0x95, 0xb4, 0xec, 0xa0, 0x9c, 0xed, 0x95, 0x98, 0xeb,
    0x8a, 0x94, 0x20, 0xec, 0xa4, 0x91, 0x2e, 0x2e, 0x2e, 0x00, 0x00, 0x00,
    0x44, 0x52, 0x4d, 0x20, 0xec, 0x9e, 0xa5, 0xec, 0xb9, 0x98, 0x20, 0xec,
    0x97, 0xac, 0xeb, 0x8a, 0x94, 0x20, 0xec, 0xa4, 0x91, 0xef, 0xbc, 0x88,
    0x2f, 0x64, 0x65, 0x76, 0x2f, 0x64, 0x72, 0x69, 0x2f, 0x63, 0x61, 0x72,
    0x64, 0x2a, 0x20, 0xec, 0x9e, 0x90, 0xeb, 0x8f, 0x99, 0x20, 0xea, 0xb0,
    0x90, 0xec, 0xa7, 0x80, 0xef, 0xbc, 0x89, 0x2e, 0x2e, 0x2e, 0x00, 0x00,
    0x00, 0x00, 0x00, 0x00, 0x44, 0x52, 0x4d, 0x20, 0x4d, 0x61, 0x73, 0x74,
    0x65, 0x72, 0xeb, 0xa5, 0xbc, 0x20, 0xed, 0x9a, 0x8d, 0xeb, 0x93, 0x9d,
    0xed, 0x95, 0x98, 0xeb, 0x8a, 0x94, 0x20, 0xec, 0xa4, 0x91, 0x2e, 0x2e,
    0x2e, 0x00, 0x00, 0x00, 0x00, 0x00, 0x00, 0x00, 0xeb, 0xb8, 0x94, 0xeb,
    0xa3, 0xa8, 0x20, 0xec, 0x8a, 0xa4, 0xed, 0x81, 0xac, 0xeb, 0xa6, 0xb0,
    0x20, 0xed, 0x94, 0xbd, 0xec, 0x85, 0x80, 0xec, 0x9d, 0x84, 0x20, 0xec,
    0xb1, 0x84, 0xec, 0x9a, 0xb0, 0xeb, 0x8a, 0x94, 0x20, 0xec, 0xa4, 0x91,
    0x2e, 0x2e, 0x2e, 0x00, 0x00, 0x00, 0x00, 0x00, 0xeb, 0xb8, 0x94, 0xeb,
    0xa3, 0xa8, 0x20, 0xec, 0x8a, 0xa4, 0xed, 0x81, 0xac, 0xeb, 0xa6, 0xb0,
    0x20, 0xed, 0x91, 0x9c, 0xec, 0x8b, 0x9c, 0x20, 0xec, 0x99, 0x84, 0xeb,
    0xa3, 0x8c, 0x21, 0x20, 0x31, 0x30, 0x30, 0x25, 0xec, 0x97, 0x90, 0x20,
    0xeb, 0x8f, 0x84, 0xeb, 0x8b, 0xac, 0xed, 0x95, 0x98, 0xeb, 0xa9, 0xb4,
    0x20, 0xec, 0x9e, 0xac, 0xeb, 0xb6, 0x80, 0xed, 0x8c, 0x85, 0xed, 0x95,
    0xa9, 0xeb, 0x8b, 0x88, 0xeb, 0x8b, 0xa4, 0x2e, 0x2e, 0x2e, 0x00, 0x00,
    0x00, 0x00, 0x00, 0x00, 0x5b, 0x62, 0x73, 0x6f, 0x64, 0x5d, 0x20, 0xec,
    0xa7, 0x84, 0xed, 0x96, 0x89, 0x20, 0xec, 0x99, 0x84, 0xeb, 0xa3, 0x8c,
    0x2c, 0x20, 0x25, 0x64, 0xec, 0xb4, 0x88, 0x20, 0xed, 0x9b, 0x84, 0x20,
    0x25, 0x73, 0x2e, 0x2e, 0x2e, 0x0a, 0x00, 0x00, 0x5b, 0x62, 0x73, 0x6f,
    0x64, 0x5d, 0x20, 0x72, 0x65, 0x62, 0x6f, 0x6f, 0x74, 0x20, 0xec, 0x8b,
    0xa4, 0xed, 0x8c, 0xa8, 0x2c, 0x20, 0xeb, 0xb3, 0xb5, 0xec, 0x9b, 0x90,
    0x20, 0xed, 0x9b, 0x84, 0x20, 0xec, 0xa2, 0x85, 0xeb, 0xa3, 0x8c, 0xeb,
    0xa1, 0x9c, 0x20, 0xec, 0xa0, 0x84, 0xed, 0x99, 0x98, 0xed, 0x95, 0xa9,
    0xeb, 0x8b, 0x88, 0xeb, 0x8b, 0xa4, 0x00, 0x00, 0x00, 0x00, 0x00, 0x00,
    0x0a, 0x44, 0x52, 0x4d, 0x20, 0xeb, 0xa6, 0xac, 0xec, 0x86, 0x8c, 0xec,
    0x8a, 0xa4, 0xeb, 0xa5, 0xbc, 0x20, 0xec, 0xa0, 0x95, 0xeb, 0xa6, 0xac,
    0xed, 0x95, 0x98, 0xea, 0xb3, 0xa0, 0x20, 0xed, 0x84, 0xb0, 0xeb, 0xaf,
    0xb8, 0xeb, 0x84, 0x90, 0x20, 0xed, 0x99, 0x98, 0xea, 0xb2, 0xbd, 0xec,
    0x9d, 0x84, 0x20, 0xeb, 0xb3, 0xb5, 0xec, 0x9b, 0x90, 0xed, 0x95, 0x98,
    0xeb, 0x8a, 0x94, 0x20, 0xec, 0xa4, 0x91, 0x2e, 0x2e, 0x2e, 0x0a, 0x00,
    0xeb, 0x8d, 0xb0, 0xec, 0x8a, 0xa4, 0xed, 0x81, 0xac, 0xed, 0x86, 0xb1,
    0x28, 0x74, 0x74, 0x79, 0x25, 0x64, 0x29, 0xec, 0x9c, 0xbc, 0xeb, 0xa1,
    0x9c, 0x20, 0xeb, 0x8f, 0x8c, 0xec, 0x95, 0x84, 0xea, 0xb0, 0x80, 0xeb,
    0x8a, 0x94, 0x20, 0xec, 0xa4, 0x91, 0x2e, 0x2e, 0x2e, 0x0a, 0x00, 0x00,
    0x50, 0x43, 0xec, 0x97, 0x90, 0x20, 0xeb, 0xac, 0xb8, 0xec, 0xa0, 0x9c,
    0xea, 0xb0, 0x80, 0x20, 0xeb, 0xb0, 0x9c, 0xec, 0x83, 0x9d, 0xed, 0x95,
    0x98, 0xec, 0x97, 0xac, 0x20, 0xeb, 0x8b, 0xa4, 0xec, 0x8b, 0x9c, 0x20,
    0xec, 0x8b, 0x9c, 0xec, 0x9e, 0x91, 0xed, 0x95, 0xb4, 0xec, 0x95, 0xbc,
    0x20, 0xed, 0x95, 0xa9, 0xeb, 0x8b, 0x88, 0xeb, 0x8b, 0xa4, 0x2e, 0x00,
    0x00, 0x00, 0x00, 0x00, 0xec, 0x98, 0xa4, 0xeb, 0xa5, 0x98, 0x20, 0xec,
    0xa0, 0x95, 0xeb, 0xb3, 0xb4, 0xeb, 0xa5, 0xbc, 0x20, 0xec, 0x88, 0x98,
    0xec, 0xa7, 0x91, 0xed, 0x95, 0x9c, 0x20, 0xeb, 0x8b, 0xa4, 0xec, 0x9d,
    0x8c, 0x20, 0xeb, 0x8b, 0xa4, 0xec, 0x8b, 0x9c, 0x20, 0xec, 0x8b, 0x9c,
    0xec, 0x9e, 0x91, 0xed, 0x95, 0xa0, 0x20, 0xec, 0x88, 0x98, 0x20, 0xec,
    0x9e, 0x88, 0xec, 0x8a, 0xb5, 0xeb, 0x8b, 0x88, 0xeb, 0x8b, 0xa4, 0x2e,
    0x00, 0x00, 0x00, 0x00, 0xec, 0x9d, 0xb4, 0x20, 0xeb, 0xac, 0xb8, 0xec,
    0xa0, 0x9c, 0xec, 0x97, 0x90, 0x20, 0xeb, 0x8c, 0x80, 0xed, 0x95, 0x9c,
    0x20, 0xec, 0x9e, 0x90, 0xec, 0x84, 0xb8, 0xed, 0x95, 0x9c, 0x20, 0xeb,
    0x82, 0xb4, 0xec, 0x9a, 0xa9, 0xea, 0xb3, 0xbc, 0x20, 0xea, 0xb0, 0x80,
    0xeb, 0x8a, 0xa5, 0xed, 0x95, 0x9c, 0x20, 0xed, 0x95, 0xb4, 0xea, 0xb2,
    0xb0, 0x20, 0xeb, 0xb0, 0xa9, 0xeb, 0xb2, 0x95, 0xec, 0x9d, 0x80, 0x20,
    0xeb, 0x8b, 0xa4, 0xec, 0x9d, 0x8c, 0xec, 0x9d, 0x84, 0x20, 0xec, 0xb0,
    0xb8, 0xec, 0xa1, 0xb0, 0xed, 0x95, 0x98, 0xec, 0x84, 0xb8, 0xec, 0x9a,
    0x94, 0x2e, 0x00, 0x00, 0xec, 0xa7, 0x80, 0xec, 0x9b, 0x90, 0x20, 0xeb,
    0x8b, 0xb4, 0xeb, 0x8b, 0xb9, 0xec, 0x9e, 0x90, 0xec, 0x97, 0x90, 0xea,
    0xb2, 0x8c, 0x20, 0xeb, 0xac, 0xb8, 0xec, 0x9d, 0x98, 0xed, 0x95, 0x98,
    0xeb, 0x8a, 0x94, 0x20, 0xea, 0xb2, 0xbd, 0xec, 0x9a, 0xb0, 0x20, 0xeb,
    0x8b, 0xa4, 0xec, 0x9d, 0x8c, 0x20, 0xec, 0xa0, 0x95, 0xeb, 0xb3, 0xb4,
    0xeb, 0xa5, 0xbc, 0x20, 0xec, 0xa0, 0x9c, 0xea, 0xb3, 0xb5, 0xed, 0x95,
    0x98, 0xec, 0x84, 0xb8, 0xec, 0x9a, 0x94, 0x3a, 0x00, 0x00, 0x00, 0x00,
    0x5b, 0x6d, 0x6f, 0x6e, 0x69, 0x74, 0x6f, 0x72, 0x5d, 0x20, 0xec, 0x8b,
    0x9c, 0xec, 0x8a, 0xa4, 0xed, 0x85, 0x9c, 0x20, 0xeb, 0xa1, 0x9c, 0xea,
    0xb7, 0xb8, 0xeb, 0xa5, 0xbc, 0x20, 0xea, 0xb0, 0x90, 0xec, 0x8b, 0x9c,
    0x20, 0xec, 0xa4, 0x91, 0x2c, 0x20, 0xec, 0x98, 0xa4, 0xeb, 0xa5, 0x98,
    0x20, 0xec, 0x8b, 0x9c, 0x20, 0x25, 0x73, 0x2e, 0x2e, 0x2e, 0x0a, 0x00,
    0x00, 0x00, 0x00, 0x00, 0x0a, 0x5b, 0x6d, 0x6f, 0x6e, 0x69, 0x74, 0x6f,
    0x72, 0x5d, 0x20, 0xec, 0x8b, 0x9c, 0xec, 0x8a, 0xa4, 0xed, 0x85, 0x9c,
    0x20, 0xec, 0x98, 0xa4, 0xeb, 0xa5, 0x98, 0x20, 0xea, 0xb0, 0x90, 0xec,
    0xa7, 0x80, 0x3a, 0x20, 0x25, 0x73, 0x0a, 0x00, 0x5b, 0x6d, 0x6f, 0x6e,
    0x69, 0x74, 0x6f, 0x72, 0x5d, 0x20, 0xeb, 0xb8, 0x94, 0xeb, 0xa3, 0xa8,
    0x20, 0xec, 0x8a, 0xa4, 0xed, 0x81, 0xac, 0xeb, 0xa6, 0xb0, 0xec, 0x9d,
    0x84, 0x20, 0xed, 0x91, 0x9c, 0xec, 0x8b, 0x9c, 0xed, 0x95, 0x98, 0xeb,
    0x8a, 0x94, 0x20, 0xec, 0xa4, 0x91, 0x2e, 0x2e, 0x2e, 0x0a, 0x00, 0x00,
    0x00, 0x00, 0x00, 0x00, 0x5b, 0x6d, 0x6f, 0x6e, 0x69, 0x74, 0x6f, 0x72,
    0x5d, 0x20, 0xeb, 0xb8, 0x94, 0xeb, 0xa3, 0xa8, 0x20, 0xec, 0x8a, 0xa4,
    0xed, 0x81, 0xac, 0xeb, 0xa6, 0xb0, 0x20, 0xec, 0xa2, 0x85, 0xeb, 0xa3,
    0x8c, 0x2c, 0x20, 0xed, 0x94, 0x84, 0xeb, 0xa1, 0x9c, 0xea, 0xb7, 0xb8,
    0xeb, 0x9e, 0xa8, 0x20, 0xec, 0xa2, 0x85, 0xeb, 0xa3, 0x8c, 0x2e, 0x0a,
    0x00, 0x00, 0x00, 0x00, 0x00, 0x00, 0x00, 0x00, 0xec, 0x82, 0xac, 0xec,
    0x9a, 0xa9, 0xeb, 0xb2, 0x95, 0x3a, 0x20, 0x25, 0x73, 0x20, 0x5b, 0xec,
    0x98, 0xb5, 0xec, 0x85, 0x98, 0x5d, 0x0a, 0x0a, 0xeb, 0xaa, 0xa8, 0xeb,
    0x93, 0x9c, 0x28, 0xed, 0x95, 0x98, 0xeb, 0x82, 0x98, 0xeb, 0xa5, 0xbc,
    0x20, 0xec, 0x84, 0xa0, 0xed, 0x83, 0x9d, 0x29, 0x3a, 0x0a, 0x20, 0x20,
    0x2d, 0x2d, 0x6d, 0x6f, 0x6e, 0x69, 0x74, 0x6f, 0x72, 0x20, 0x20, 0x20,
    0x20, 0x20, 0x20, 0x20, 0x20, 0x20, 0x20, 0xed, 0x8f, 0xac, 0xea, 0xb7,
    0xb8, 0xeb, 0x9d, 0xbc, 0xec, 0x9a, 0xb4, 0xeb, 0x93, 0x9c, 0xec, 0x97,
    0x90, 0xec, 0x84, 0x9c, 0x20, 0xec, 0x8b, 0x9c, 0xec, 0x8a, 0xa4, 0xed,
    0x85, 0x9c, 0x20, 0xeb, 0xa1, 0x9c, 0xea, 0xb7, 0xb8, 0xeb, 0xa5, 0xbc,
    0x20, 0xea, 0xb0, 0x90, 0xec, 0x8b, 0x9c, 0xed, 0x95, 0x98, 0xea, 0xb3,
    0xa0, 0x20, 0xec, 0x98, 0xa4, 0xeb, 0xa5, 0x98, 0x20, 0xec, 0x8b, 0x9c,
    0x20, 0xeb, 0xb8, 0x94, 0xeb, 0xa3, 0xa8, 0x20, 0xec, 0x8a, 0xa4, 0xed,
    0x81, 0xac, 0xeb, 0xa6, 0xb0, 0x20, 0xed, 0x91, 0x9c, 0xec, 0x8b, 0x9c,
    0x0a, 0x20, 0x20, 0x2d, 0x2d, 0x64, 0x61, 0x65, 0x6d, 0x6f, 0x6e, 0x20,
    0x20, 0x20, 0x20, 0x20, 0x20, 0x20, 0x20, 0x20, 0x20, 0x20, 0xeb, 0xb0,
    0xb1, 0xea, 0xb7, 0xb8, 0xeb, 0x9d, 0xbc, 0xec, 0x9a, 0xb4, 0xeb, 0x93,
    0x9c, 0x20, 0xeb, 0x8d, 0xb0, 0xeb, 0xaa, 0xac, 0xec, 0x9c, 0xbc, 0xeb,
    0xa1, 0x9c, 0x20, 0xea, 0xb0, 0x90, 0xec, 0x8b, 0x9c, 0x0a, 0x20, 0x20,
    0x2d, 0x2d, 0x73, 0x68, 0x6f, 0x77, 0x20, 0x22, 0xec, 0x9b, 0x90, 0xec,
    0x9d, 0xb8, 0x22, 0x20, 0x20, 0x20, 0x20, 0x20, 0x20, 0xeb, 0xb8, 0x94,
    0xeb, 0xa3, 0xa8, 0x20, 0xec, 0x8a, 0xa4, 0xed, 0x81, 0xac, 0xeb, 0xa6,
    0xb0, 0xec, 0x9d, 0x84, 0x20, 0xed, 0x95, 0x9c, 0x20, 0xeb, 0xb2, 0x88,
    0x20, 0xed, 0x91, 0x9c, 0xec, 0x8b, 0x9c, 0x0a, 0x20, 0x20, 0x2d, 0x2d,
    0x64, 0x72, 0x79, 0x2d, 0x72, 0x75, 0x6e, 0x20, 0x20, 0x20, 0x20, 0x20,
    0x20, 0x20, 0x20, 0x20, 0x20, 0xea, 0xb0, 0x90, 0xec, 0x8b, 0x9c, 0xeb,
    0xa7, 0x8c, 0x20, 0xed, 0x95, 0x98, 0xea, 0xb3, 0xa0, 0x20, 0xea, 0xb0,
    0x90, 0xec, 0xa7, 0x80, 0xeb, 0x90, 0x9c, 0x20, 0xec, 0x98, 0xa4, 0xeb,
    0xa5, 0x98, 0xeb, 0xa7, 0x8c, 0x20, 0xec, 0xb6, 0x9c, 0xeb, 0xa0, 0xa5,
    0x28, 0xeb, 0x94, 0x94, 0xeb, 0xb2, 0x84, 0xea, 0xb7, 0xb8, 0x29, 0x0a,
    0x0a, 0xec, 0x98, 0xb5, 0xec, 0x85, 0x98, 0x3a, 0x0a, 0x20, 0x20, 0x2d,
    0x2d, 0x72, 0x65, 0x73, 0x74, 0x6f, 0x72, 0x65, 0x20, 0x20, 0x20, 0x20,
    0x20, 0x20, 0x20, 0x20, 0x20, 0x20, 0xeb, 0xb8, 0x94, 0xeb, 0xa3, 0xa8,
    0x20, 0xec, 0x8a, 0xa4, 0xed, 0x81, 0xac, 0xeb, 0xa6, 0xb0, 0x20, 0xed,
    0x9b, 0x84, 0x20, 0xeb, 0x8d, 0xb0, 0xec, 0x8a, 0xa4, 0xed, 0x81, 0xac,
    0xed, 0x86, 0xb1, 0xec, 0x9d, 0x84, 0x20, 0xeb, 0xb3, 0xb5, 0xec, 0x9b,
    0x90, 0xed, 0x95, 0x98, 0xea, 0xb3, 0xa0, 0x20, 0xec, 0xa2, 0x85, 0xeb,
    0xa3, 0x8c, 0x28, 0xea, 0xb8, 0xb0, 0xeb, 0xb3, 0xb8, 0xec, 0x9d, 0x80,
    0x20, 0xec, 0x9e, 0xac, 0xeb, 0xb6, 0x80, 0xed, 0x8c, 0x85, 0x29, 0x0a,
    0x20, 0x20, 0x2d, 0x2d, 0x68, 0x65, 0x6c, 0x70, 0x2c, 0x20, 0x2d, 0x68,
    0x20, 0x20, 0x20, 0x20, 0x20, 0x20, 0x20, 0x20, 0x20, 0xeb, 0x8f, 0x84,
    0xec, 0x9b, 0x80, 0xeb, 0xa7, 0x90, 0x20, 0xed, 0x91, 0x9c, 0xec, 0x8b,
    0x9c, 0x0a, 0x0a, 0xec, 0x9d, 0xb8, 0xec, 0x88, 0x98, 0x20, 0xec, 0x97,
    0x86, 0xec, 0x9d, 0xb4, 0x20, 0xec, 0x8b, 0xa4, 0xed, 0x96, 0x89, 0xed,
    0x95, 0x98, 0xeb, 0xa9, 0xb4, 0x20, 0xec, 0x9d, 0xb4, 0x20, 0xeb, 0x8f,
    0x84, 0xec, 0x9b, 0x80, 0xeb, 0xa7, 0x90, 0xec, 0x9d, 0x84, 0x20, 0xed,
    0x91, 0x9c, 0xec, 0x8b, 0x9c, 0xed, 0x95, 0xa9, 0xeb, 0x8b, 0x88, 0xeb,
    0x8b, 0xa4, 0x2e, 0x0a, 0x00, 0x00, 0x00, 0x00, 0x00, 0x00, 0x00, 0x00,
    0xec, 0x98, 0xa4, 0xeb, 0xa5, 0x98, 0x3a, 0x20, 0xec, 0x9d, 0xb4, 0x20,
    0xed, 0x94, 0x84, 0xeb, 0xa1, 0x9c, 0xea, 0xb7, 0xb8, 0xeb, 0x9e, 0xa8,
    0xec, 0x9d, 0x80, 0x20, 0x56, 0x54, 0x20, 0xeb, 0xb0, 0x8f, 0x20, 0x44,
    0x52, 0x4d, 0x20, 0xec, 0xa0, 0x9c, 0xec, 0x96, 0xb4, 0xec, 0x97, 0x90,
    0x20, 0x72, 0x6f, 0x6f, 0x74, 0x20, 0xea, 0xb6, 0x8c, 0xed, 0x95, 0x9c,
    0xec, 0x9d, 0xb4, 0x20, 0xed, 0x95, 0x84, 0xec, 0x9a, 0x94, 0xed, 0x95,
    0xa9, 0xeb, 0x8b, 0x88, 0xeb, 0x8b, 0xa4, 0x21, 0x0a, 0x73, 0x75, 0x64,
    0x6f, 0x20, 0x62, 0x73, 0x6f, 0x64, 0xeb, 0xa1, 0x9c, 0x20, 0xec, 0x8b,
    0xa4, 0xed, 0x96, 0x89, 0xed, 0x95, 0x98, 0xec, 0x84, 0xb8, 0xec, 0x9a,
    0x94, 0x0a, 0x00, 0x00, 0x2f, 0x64, 0x65, 0x76, 0x2f, 0x74, 0x74, 0x79,
    0x30, 0x20, 0xe3, 0x82, 0x92, 0xe9, 0x96, 0x8b, 0xe3, 0x81, 0x8d, 0xe3,
    0x80, 0x81, 0xe7, 0x8f, 0xbe, 0xe5, 0x9c, 0xa8, 0xe3, 0x81, 0xae, 0x20,
    0x56, 0x54, 0x20, 0xe3, 0x82, 0x92, 0xe5, 0x8f, 0x96, 0xe5, 0xbe, 0x97,
    0xe3, 0x81, 0x97, 0xe3, 0x81, 0xa6, 0xe3, 0x81, 0x84, 0xe3, 0x81, 0xbe,
    0xe3, 0x81, 0x99, 0x2e, 0x2e, 0x2e, 0x00, 0x00, 0xe3, 0x83, 0x87, 0xe3,
    0x82, 0xb9, 0xe3, 0x82, 0xaf, 0xe3, 0x83, 0x88, 0xe3, 0x83, 0x83, 0xe3,
    0x83, 0x97, 0xe3, 0x81, 0xaf, 0x20, 0x74, 0x74, 0x79, 0x25, 0x64, 0x20,
    0xe3, 0x81, 0xa7, 0xe5, 0x8b, 0x95, 0xe4, 0xbd, 0x9c, 0xe3, 0x81, 0x97,
    0xe3, 0x81, 0xa6, 0xe3, 0x81, 0x84, 0xe3, 0x81, 0xbe, 0xe3, 0x81, 0x99,
    0x0a, 0x00, 0x00, 0x00, 0x74, 0x74, 0x79, 0x25, 0x64, 0x20, 0xe3, 0x81,
    0xab, 0xe5, 0x88, 0x87, 0xe3, 0x82, 0x8a, 0xe6, 0x9b, 0xbf, 0xe3, 0x81,
    0x88, 0xe3, 0x81, 0xa6, 0xe3, 0x80, 0x81, 0xe3, 0x83, 0x87, 0xe3, 0x82,
    0xb9, 0xe3, 0x82, 0xaf, 0xe3, 0x83, 0x88, 0xe3, 0x83, 0x83, 0xe3, 0x83,
    0x97, 0xe3, 0x82, 0x92, 0xe5, 0x81, 0x9c, 0xe6, 0xad, 0xa2, 0xe3, 0x81,
    0x97, 0x20, 0x44, 0x52, 0x4d, 0x20, 0xe3, 0x82, 0x92, 0xe8, 0xa7, 0xa3,
    0xe6, 0x94, 0xbe, 0xe3, 0x81, 0x97, 0xe3, 0x81, 0xa6, 0xe3, 0x81, 0x84,
    0xe3, 0x81, 0xbe, 0xe3, 0x81, 0x99, 0x2e, 0x2e, 0x2e, 0x00, 0x00, 0x00,
    0x00, 0x00, 0x00, 0x00, 0x44, 0x52, 0x4d, 0x20, 0xe3, 0x83, 0x87, 0xe3,
    0x83, 0x90, 0xe3, 0x82, 0xa4, 0xe3, 0x82, 0xb9, 0xe3, 0x82, 0x92, 0xe9,
    0x96, 0x8b, 0xe3, 0x81, 0x84, 0xe3, 0x81, 0xa6, 0xe3, 0x81, 0x84, 0xe3,
    0x81, 0xbe, 0xe3, 0x81, 0x99, 0xef, 0xbc, 0x88, 0x2f, 0x64, 0x65, 0x76,
    0x2f, 0x64, 0x72, 0x69, 0x2f, 0x63, 0x61, 0x72, 0x64, 0x2a, 0x20, 0xe3,
    0x82, 0x92, 0xe8, 0x87, 0xaa, 0xe5, 0x8b, 0x95, 0xe6, 0xa4, 0x9c, 0xe5,
    0x87, 0xba, 0xef, 0xbc, 0x89, 0x2e, 0x2e, 0x2e, 0x00, 0x00, 0x00, 0x00,
    0x44, 0x52, 0x4d, 0x20, 0x4d, 0x61, 0x73, 0x74, 0x65, 0x72, 0x20, 0xe3,
    0x82, 0x92, 0xe5, 0x8f, 0x96, 0xe5, 0xbe, 0x97, 0xe3, 0x81, 0x97, 0xe3,
    0x81, 0xa6, 0xe3, 0x81, 0x84, 0xe3, 0x81, 0xbe, 0xe3, 0x81, 0x99, 0x2e,
    0x2e, 0x2e, 0x00, 0x00, 0xe3, 0x83, 0x8d, 0xe3, 0x82, 0xa4, 0xe3, 0x83,
    0x86, 0xe3, 0x82, 0xa3, 0xe3, 0x83, 0x96, 0xe8, 0xa7, 0xa3, 0xe5, 0x83,
    0x8f, 0xe5, 0xba, 0xa6, 0x3a, 0x20, 0x25, 0x75, 0x78, 0x25, 0x75, 0x00,
    0xe3, 0x83, 0x96, 0xe3, 0x83, 0xab, 0xe3, 0x83, 0xbc, 0xe3, 0x82, 0xb9,
    0xe3, 0x82, 0xaf, 0xe3, 0x83, 0xaa, 0xe3, 0x83, 0xbc, 0xe3, 0x83, 0xb3,
    0xe3, 0x81, 0xae, 0xe3, 0x83, 0x94, 0xe3, 0x82, 0xaf, 0xe3, 0x82, 0xbb,
    0xe3, 0x83, 0xab, 0xe3, 0x82, 0x92, 0xe5, 0xa1, 0x97, 0xe3, 0x82, 0x8a,
    0xe3, 0x81, 0xa4, 0xe3, 0x81, 0xb6, 0xe3, 0x81, 0x97, 0xe3, 0x81, 0xa6,
    0xe3, 0x81, 0x84, 0xe3, 0x81, 0xbe, 0xe3, 0x81, 0x99, 0x2e, 0x2e, 0x2e,
    0x00, 0x00, 0x00, 0x00, 0x00, 0x00, 0x00, 0x00, 0xe3, 0x83, 0x96, 0xe3,
    0x83, 0xab, 0xe3, 0x83, 0xbc, 0xe3, 0x82, 0xb9, 0xe3, 0x82, 0xaf, 0xe3,
    0x83, 0xaa, 0xe3, 0x83, 0xbc, 0xe3, 0x83, 0xb3, 0xe3, 0x82, 0x92, 0xe8,
    0xa1, 0xa8, 0xe7, 0xa4, 0xba, 0xe3, 0x81, 0x97, 0xe3, 0x81, 0xbe, 0xe3,
    0x81, 0x97, 0xe3, 0x81, 0x9f, 0xef, 0xbc, 0x81, 0x31, 0x30, 0x30, 0x25,
    0x20, 0xe3, 0x81, 0xab, 0xe9, 0x81, 0x94, 0xe3, 0x81, 0x99, 0xe3, 0x82,
    0x8b, 0xe3, 0x81, 0xa8, 0xe5, 0x86, 0x8d, 0xe8, 0xb5, 0xb7, 0xe5, 0x8b,
    0x95, 0xe3, 0x81, 0x97, 0xe3, 0x81, 0xbe, 0xe3, 0x81, 0x99, 0x2e, 0x2e,
    0x2e, 0x00, 0x00, 0x00, 0x00, 0x00, 0x00, 0x00, 0x5b, 0x62, 0x73, 0x6f,
    0x64, 0x5d, 0x20, 0xe9, 0x80, 0xb2, 0xe6, 0x8d, 0x97, 0xe5, 0xae, 0x8c,
    0xe4, 0xba, 0x86, 0xe3, 0x80, 0x81, 0x25, 0x64, 0x20, 0xe7, 0xa7, 0x92,
    0xe5, 0xbe, 0x8c, 0xe3, 0x81, 0xab, 0x25, 0x73, 0x2e, 0x2e, 0x2e, 0x0a,
    0x00, 0x00, 0x00, 0x00, 0x00, 0x00, 0x00, 0x00, 0x5b, 0x62, 0x73, 0x6f,
    0x64, 0x5d, 0x20, 0x72, 0x65, 0x62, 0x6f, 0x6f, 0x74, 0x20, 0xe3, 0x81,
    0xab, 0xe5, 0xa4, 0xb1, 0xe6, 0x95, 0x97, 0xe3, 0x81, 0x97, 0xe3, 0x81,
    0x9f, 0xe3, 0x81, 0x9f, 0xe3, 0x82, 0x81, 0xe3, 0x80, 0x81, 0xe5, 0xbe,
    0xa9, 0xe5, 0x85, 0x83, 0xe3, 0x81, 0x97, 0xe3, 0x81, 0xa6, 0xe7, 0xb5,
    0x82, 0xe4, 0xba, 0x86, 0xe3, 0x81, 0x97, 0xe3, 0x81, 0xbe, 0xe3, 0x81,
    0x99, 0x00, 0x00, 0x00, 0x00, 0x00, 0x00, 0x00, 0x0a, 0x44, 0x52, 0x4d,
    0x20, 0xe3, 0x83, 0xaa, 0xe3, 0x82, 0xbd, 0xe3, 0x83, 0xbc, 0xe3, 0x82,
    0xb9, 0xe3, 0x82, 0x92, 0xe8, 0xa7, 0xa3, 0xe6, 0x94, 0xbe, 0xe3, 0x81,
    0x97, 0xe3, 0x80, 0x81, 0xe3, 0x82, 0xbf, 0xe3, 0x83, 0xbc, 0xe3, 0x83,
    0x9f, 0xe3, 0x83, 0x8a, 0xe3, 0x83, 0xab, 0xe7, 0x92, 0xb0, 0xe5, 0xa2,
    0x83, 0xe3, 0x82, 0x92, 0xe5, 0xbe, 0xa9, 0xe5, 0x85, 0x83, 0xe3, 0x81,
    0x97, 0xe3, 0x81, 0xa6, 0xe3, 0x81, 0x84, 0xe3, 0x81, 0xbe, 0xe3, 0x81,
    0x99, 0x2e, 0x2e, 0x2e, 0x0a, 0x00, 0x00, 0x00, 0x00, 0x00, 0x00, 0x00,
    0xe3, 0x83, 0x87, 0xe3, 0x82, 0xb9, 0xe3, 0x82, 0xaf, 0xe3, 0x83, 0x88,
    0xe3, 0x83, 0x83, 0xe3, 0x83, 0x97, 0x20, 0x28, 0x74, 0x74, 0x79, 0x25,
    0x64, 0x29, 0x20, 0xe3, 0x81, 0xab, 0xe6, 0x88, 0xbb, 0xe3, 0x81, 0x97,
    0xe3, 0x81, 0xa6, 0xe3, 0x81, 0x84, 0xe3, 0x81, 0xbe, 0xe3, 0x81, 0x99,
    0x2e, 0x2e, 0x2e, 0x0a, 0x00, 0x00, 0x00, 0x00, 0xe3, 0x83, 0x87, 0xe3,
    0x82, 0xb9, 0xe3, 0x82, 0xaf, 0xe3, 0x83, 0x88, 0xe3, 0x83, 0x83, 0xe3,
    0x83, 0x97, 0xe3, 0x82, 0x92, 0xe5, 0xbe, 0xa9, 0xe5, 0x85, 0x83, 0xe3,
    0x81, 0x97, 0xe3, 0x81, 0xbe, 0xe3, 0x81, 0x97, 0xe3, 0x81, 0x9f, 0xe3,
    0x80, 0x82, 0x0a, 0x00, 0x00, 0x00, 0x00, 0x00, 0xe3, 0x81, 0x8a, 0xe4,
    0xbd, 0xbf, 0xe3, 0x81, 0x84, 0xe3, 0x81, 0xae, 0x20, 0x50, 0x43, 0x20,
    0xe3, 0x81, 0xab, 0xe5, 0x95, 0x8f, 0xe9, 0xa1, 0x8c, 0xe3, 0x81, 0x8c,
    0xe7, 0x99, 0xba, 0xe7, 0x94, 0x9f, 0xe3, 0x81, 0x97, 0xe3, 0x81, 0x9f,
    0xe3, 0x81, 0x9f, 0xe3, 0x82, 0x81, 0xe3, 0x80, 0x81, 0xe5, 0x86, 0x8d,
    0xe8, 0xb5, 0xb7, 0xe5, 0x8b, 0x95, 0xe3, 0x81, 0x99, 0xe3, 0x82, 0x8b,
    0xe5, 0xbf, 0x85, 0xe8, 0xa6, 0x81, 0xe3, 0x81, 0x8c, 0xe3, 0x81, 0x82,
    0xe3, 0x82, 0x8a, 0xe3, 0x81, 0xbe, 0xe3, 0x81, 0x99, 0xe3, 0x80, 0x82,
    0x00, 0x00, 0x00, 0x00, 0x00, 0x00, 0x00, 0x00, 0xe3, 0x82, 0xa8, 0xe3,
    0x83, 0xa9, 0xe3, 0x83, 0xbc, 0xe6, 0x83, 0x85, 0xe5, 0xa0, 0xb1, 0xe3,
    0x82, 0x92, 0xe5, 0x8f, 0x8e, 0xe9, 0x9b, 0x86, 0xe3, 0x81, 0x97, 0xe3,
    0x81, 0xa6, 0xe3, 0x81, 0x84, 0xe3, 0x81, 0xbe, 0xe3, 0x81, 0x99, 0xe3,
    0x80, 0x82, 0xe3, 0x81, 0x9d, 0xe3, 0x81, 0xae, 0xe5, 0xbe, 0x8c, 0xe3,
    0x80, 0x81, 0xe5, 0x86, 0x8d, 0xe8, 0xb5, 0xb7, 0xe5, 0x8b, 0x95, 0xe3,
    0x81, 0xa7, 0xe3, 0x81, 0x8d, 0xe3, 0x81, 0xbe, 0xe3, 0x81, 0x99, 0xe3,
    0x80, 0x82, 0x00, 0x00, 0xe3, 0x81, 0x93, 0xe3, 0x81, 0xae, 0xe5, 0x95,
    0x8f, 0xe9, 0xa1, 0x8c, 0xe3, 0x81, 0xae, 0xe8, 0xa9, 0xb3, 0xe7, 0xb4,
    0xb0, 0xe3, 0x81, 0xa8, 0xe5, 0x8f, 0xaf, 0xe8, 0x83, 0xbd, 0xe3, 0x81,
    0xaa, 0xe8, 0xa7, 0xa3, 0xe6, 0xb1, 0xba, 0xe7, 0xad, 0x96, 0xe3, 0x81,
    0xab, 0xe3, 0x81, 0xa4, 0xe3, 0x81, 0x84, 0xe3, 0x81, 0xa6, 0xe3, 0x81,
    0xaf, 0xe3, 0x80, 0x81, 0xe6, 0xac, 0xa1, 0xe3, 0x82, 0x92, 0xe5, 0x8f,
    0x82, 0xe7, 0x85, 0xa7, 0xe3, 0x81, 0x97, 0xe3, 0x81, 0xa6, 0xe3, 0x81,
    0x8f, 0xe3, 0x81, 0xa0, 0xe3, 0x81, 0x95, 0xe3, 0x81, 0x84, 0xe3, 0x80,
    0x82, 0x00, 0x00, 0x00, 0xe3, 0x82, 0xb5, 0xe3, 0x83, 0x9d, 0xe3, 0x83,
    0xbc, 0xe3, 0x83, 0x88, 0xe6, 0x8b, 0x85, 0xe5, 0xbd, 0x93, 0xe8, 0x80,
    0x85, 0xe3, 0x81, 0xab, 0xe5, 0x95, 0x8f, 0xe3, 0x81, 0x84, 0xe5, 0x90,
    0x88, 0xe3, 0x82, 0x8f, 0xe3, 0x81, 0x9b, 0xe3, 0x82, 0x8b, 0xe5, 0xa0,
    0xb4, 0xe5, 0x90, 0x88, 0xe3, 0x81, 0xaf, 0xe3, 0x80, 0x81, 0xe6, 0xac,
    0xa1, 0xe3, 0x81, 0xae, 0xe6, 0x83, 0x85, 0xe5, 0xa0, 0xb1, 0xe3, 0x82,
    0x92, 0xe6, 0x8f, 0x90, 0xe4, 0xbe, 0x9b, 0xe3, 0x81, 0x97, 0xe3, 0x81,
    0xa6, 0xe3, 0x81, 0x8f, 0xe3, 0x81, 0xa0, 0xe3, 0x81, 0x95, 0xe3, 0x81,
    0x84, 0xef, 0xbc, 0x9a, 0x00, 0x00, 0x00, 0x00, 0x00, 0x00, 0x00, 0x00,
    0x5b, 0x6d, 0x6f, 0x6e, 0x69, 0x74, 0x6f, 0x72, 0x5d, 0x20, 0xe3, 0x82,
    0xb7, 0xe3, 0x82, 0xb9, 0xe3, 0x83, 0x86, 0xe3, 0x83, 0xa0, 0xe3, 0x83,
    0xad, 0xe3, 0x82, 0xb0, 0xe3, 0x82, 0x92, 0xe7, 0x9b, 0xa3, 0xe8, 0xa6,
    0x96, 0xe4, 0xb8, 0xad, 0xe3, 0x80, 0x81, 0xe3, 0x82, 0xa8, 0xe3, 0x83,
    0xa9, 0xe3, 0x83, 0xbc, 0xe6, 0x99, 0x82, 0xe3, 0x81, 0xab, 0x25, 0x73,
    0x2e, 0x2e, 0x2e, 0x0a, 0x00, 0x00, 0x00, 0x00, 0x00, 0x00, 0x00, 0x00,
    0xe3, 0x83, 0x96, 0xe3, 0x83, 0xab, 0xe3, 0x83, 0xbc, 0xe3, 0x82, 0xb9,
    0xe3, 0x82, 0xaf, 0xe3, 0x83, 0xaa, 0xe3, 0x83, 0xbc, 0xe3, 0x83, 0xb3,
    0xe3, 0x82, 0x92, 0xe8, 0xa1, 0xa8, 0xe7, 0xa4, 0xba, 0x00, 0x00, 0x00,
    0x00, 0x00, 0x00, 0x00, 0x0a, 0x5b, 0x6d, 0x6f, 0x6e, 0x69, 0x74, 0x6f,
    0x72, 0x5d, 0x20, 0xe3, 0x82, 0xb7, 0xe3, 0x82, 0xb9, 0xe3, 0x83, 0x86,
    0xe3, 0x83, 0xa0, 0xe3, 0x82, 0xa8, 0xe3, 0x83, 0xa9, 0xe3, 0x83, 0xbc,
    0xe3, 0x82, 0x92, 0xe6, 0xa4, 0x9c, 0xe5, 0x87, 0xba, 0x3a, 0x20, 0x25,
    0x73, 0x0a, 0x00, 0x00, 0x5b, 0x6d, 0x6f, 0x6e, 0x69, 0x74, 0x6f, 0x72,
    0x5d, 0x20, 0xe3, 0x83, 0x96, 0xe3, 0x83, 0xab, 0xe3, 0x83, 0xbc, 0xe3,
    0x82, 0xb9, 0xe3, 0x82, 0xaf, 0xe3, 0x83, 0xaa, 0xe3, 0x83, 0xbc, 0xe3,
    0x83, 0xb3, 0xe3, 0x82, 0x92, 0xe8, 0xa1, 0xa8, 0xe7, 0xa4, 0xba, 0xe4,
    0xb8, 0xad, 0x2e, 0x2e, 0x2e, 0x0a, 0x00, 0x00, 0x00, 0x00, 0x00, 0x00,
    0x5b, 0x6d, 0x6f, 0x6e, 0x69, 0x74, 0x6f, 0x72, 0x5d, 0x20, 0xe3, 0x83,
    0x96, 0xe3, 0x83, 0xab, 0xe3, 0x83, 0xbc, 0xe3, 0x82, 0xb9, 0xe3, 0x82,
    0xaf, 0xe3, 0x83, 0xaa, 0xe3, 0x83, 0xbc, 0xe3, 0x83, 0xb3, 0xe7, 0xb5,
    0x82, 0xe4, 0xba, 0x86, 0xe3, 0x80, 0x81, 0xe9, 0x80, 0x80, 0xe5, 0x87,
    0xba, 0xe3, 0x81, 0x97, 0xe3, 0x81, 0xbe, 0xe3, 0x81, 0x99, 0xe3, 0x80,
    0x82, 0x0a, 0x00, 0x00, 0x73, 0x64, 0x5f, 0x6a, 0x6f, 0x75, 0x72, 0x6e,
    0x61, 0x6c, 0x5f, 0x6f, 0x70, 0x65, 0x6e, 0x20, 0xe3, 0x81, 0xab, 0xe5,
    0xa4, 0xb1, 0xe6, 0x95, 0x97, 0x3a, 0x20, 0x25, 0x73, 0x0a, 0x00, 0x00,
    0x73, 0x64, 0x5f, 0x6a, 0x6f, 0x75, 0x72, 0x6e, 0x61, 0x6c, 0x5f, 0x6e,
    0x65, 0x78, 0x74, 0x20, 0xe3, 0x81, 0xab, 0xe5, 0xa4, 0xb1, 0xe6, 0x95,
    0x97, 0x3a, 0x20, 0x25, 0x73, 0x0a, 0x00, 0x00, 0x73, 0x64, 0x5f, 0x6a,
    0x6f, 0x75, 0x72, 0x6e, 0x61, 0x6c, 0x5f, 0x77, 0x61, 0x69, 0x74, 0x20,
    0xe3, 0x81, 0xab, 0xe5, 0xa4, 0xb1, 0xe6, 0x95, 0x97, 0x3a, 0x20, 0x25,
    0x73, 0x0a, 0x00, 0x00, 0xe4, 0xbd, 0xbf, 0xe7, 0x94, 0xa8, 0xe6, 0x96,
    0xb9, 0xe6, 0xb3, 0x95, 0x3a, 0x20, 0x25, 0x73, 0x20, 0x5b, 0xe3, 0x82,
    0xaa, 0xe3, 0x83, 0x97, 0xe3, 0x82, 0xb7, 0xe3, 0x83, 0xa7, 0xe3, 0x83,
    0xb3, 0x5d, 0x0a, 0x0a, 0xe3, 0x83, 0xa2, 0xe3, 0x83, 0xbc, 0xe3, 0x83,
    0x89, 0xef, 0xbc, 0x88, 0xe3, 0x81, 0x84, 0xe3, 0x81, 0x9a, 0xe3, 0x82,
    0x8c, 0xe3, 0x81, 0x8b, 0x31, 0xe3, 0x81, 0xa4, 0xe3, 0x82, 0x92, 0xe6,
    0x8c, 0x87, 0xe5, 0xae, 0x9a, 0xef, 0xbc, 0x89, 0xef, 0xbc, 0x9a, 0x0a,
    0x20, 0x20, 0x2d, 0x2d, 0x6d, 0x6f, 0x6e, 0x69, 0x74, 0x6f, 0x72, 0x20,
    0x20, 0x20, 0x20, 0x20, 0x20, 0x20, 0x20, 0x20, 0x20, 0xe3, 0x83, 0x95,
    0xe3, 0x82, 0xa9, 0xe3, 0x82, 0xa2, 0xe3, 0x82, 0xb0, 0xe3, 0x83, 0xa9,
    0xe3, 0x82, 0xa6, 0xe3, 0x83, 0xb3, 0xe3, 0x83, 0x89, 0xe3, 0x81, 0xa7,
    0xe3, 0x82, 0xb7, 0xe3, 0x82, 0xb9, 0xe3, 0x83, 0x86, 0xe3, 0x83, 0xa0,
    0xe3, 0x83, 0xad, 0xe3, 0x82, 0xb0, 0xe3, 0x82, 0x92, 0xe7, 0x9b, 0xa3,
    0xe8, 0xa6, 0x96, 0xe3, 0x81, 0x97, 0xe3, 0x80, 0x81, 0xe3, 0x82, 0xa8,
    0xe3, 0x83, 0xa9, 0xe3, 0x83, 0xbc, 0xe6, 0x99, 0x82, 0xe3, 0x81, 0xab,
    0xe3, 0x83, 0x96, 0xe3, 0x83, 0xab, 0xe3, 0x83, 0xbc, 0xe3, 0x82, 0xb9,
    0xe3, 0x82, 0xaf, 0xe3, 0x83, 0xaa, 0xe3, 0x83, 0xbc, 0xe3, 0x83, 0xb3,
    0xe3, 0x82, 0x92, 0xe8, 0xa1, 0xa8, 0xe7, 0xa4, 0xba, 0x0a, 0x20, 0x20,
    0x2d, 0x2d, 0x64, 0x61, 0x65, 0x6d, 0x6f, 0x6e, 0x20, 0x20, 0x20, 0x20,
    0x20, 0x20, 0x20, 0x20, 0x20, 0x20, 0x20, 0xe3, 0x83, 0x90, 0xe3, 0x83,
    0x83, 0xe3, 0x82, 0xaf, 0xe3, 0x82, 0xb0, 0xe3, 0x83, 0xa9, 0xe3, 0x82,
    0xa6, 0xe3, 0x83, 0xb3, 0xe3, 0x83, 0x89, 0xe3, 0x83, 0x87, 0xe3, 0x83,
    0xbc, 0xe3, 0x83, 0xa2, 0xe3, 0x83, 0xb3, 0xe3, 0x81, 0xa8, 0xe3, 0x81,
    0x97, 0xe3, 0x81, 0xa6, 0xe7, 0x9b, 0xa3, 0xe8, 0xa6, 0x96, 0x0a, 0x20,
    0x20, 0x2d, 0x2d, 0x73, 0x68, 0x6f, 0x77, 0x20, 0x22, 0xe5, 0x8e, 0x9f,
    0xe5, 0x9b, 0xa0, 0x22, 0x20, 0x20, 0x20, 0x20, 0x20, 0x20, 0xe3, 0x83,
    0x96, 0xe3, 0x83, 0xab, 0xe3, 0x83, 0xbc, 0xe3, 0x82, 0xb9, 0xe3, 0x82,
    0xaf, 0xe3, 0x83, 0xaa, 0xe3, 0x83, 0xbc, 0xe3, 0x83, 0xb3, 0xe3, 0x82,
    0x92, 0xe4, 0xb8, 0x80, 0xe5, 0xba, 0xa6, 0xe3, 0x81, 0xa0, 0xe3, 0x81,
    0x91, 0xe8, 0xa1, 0xa8, 0xe7, 0xa4, 0xba, 0x0a, 0x20, 0x20, 0x2d, 0x2d,
    0x64, 0x72, 0x79, 0x2d, 0x72, 0x75, 0x6e, 0x20, 0x20, 0x20, 0x20, 0x20,
    0x20, 0x20, 0x20, 0x20, 0x20, 0xe7, 0x9b, 0xa3, 0xe8, 0xa6, 0x96, 0xe3,
    0x81, 0x99, 0xe3, 0x82, 0x8b, 0xe3, 0x81, 0x8c, 0xe3, 0x80, 0x81, 0xe6,
    0xa4, 0x9c, 0xe5, 0x87, 0xba, 0xe3, 0x81, 0x97, 0xe3, 0x81, 0x9f, 0xe3,
    0x82, 0xa8, 0xe3, 0x83, 0xa9, 0xe3, 0x83, 0xbc, 0xe3, 0x81, 0xae, 0xe3,
    0x81, 0xbf, 0xe3, 0x82, 0x92, 0xe5, 0x87, 0xba, 0xe5, 0x8a, 0x9b, 0xef,
    0xbc, 0x88, 0xe3, 0x83, 0x87, 0xe3, 0x83, 0x90, 0xe3, 0x83, 0x83, 0xe3,
    0x82, 0xb0, 0xef, 0xbc, 0x89, 0x0a, 0x0a, 0xe3, 0x82, 0xaa, 0xe3, 0x83,
    0x97, 0xe3, 0x82, 0xb7, 0xe3, 0x83, 0xa7, 0xe3, 0x83, 0xb3, 0xef, 0xbc,
    0x9a, 0x0a, 0x20, 0x20, 0x2d, 0x2d, 0x72, 0x65, 0x73, 0x74, 0x6f, 0x72,
    0x65, 0x20, 0x20, 0x20, 0x20, 0x20, 0x20, 0x20, 0x20, 0x20, 0x20, 0xe3,
    0x83, 0x96, 0xe3, 0x83, 0xab, 0xe3, 0x83, 0xbc, 0xe3, 0x82, 0xb9, 0xe3,
    0x82, 0xaf, 0xe3, 0x83, 0xaa, 0xe3, 0x83, 0xbc, 0xe3, 0x83, 0xb3, 0xe5,
    0xbe, 0x8c, 0xe3, 0x81, 0xab, 0xe3, 0x83, 0x87, 0xe3, 0x82, 0xb9, 0xe3,
    0x82, 0xaf, 0xe3, 0x83, 0x88, 0xe3, 0x83, 0x83, 0xe3, 0x83, 0x97, 0xe3,
    0x82, 0x92, 0xe5, 0xbe, 0xa9, 0xe5, 0x85, 0x83, 0xe3, 0x81, 0x97, 0xe3,
    0x81, 0xa6, 0xe7, 0xb5, 0x82, 0xe4, 0xba, 0x86, 0xef, 0xbc, 0x88, 0xe6,
    0x97, 0xa2, 0xe5, 0xae, 0x9a, 0xe3, 0x81, 0xaf, 0xe5, 0x86, 0x8d, 0xe8,
    0xb5, 0xb7, 0xe5, 0x8b, 0x95, 0xef, 0xbc, 0x89, 0x0a, 0x20, 0x20, 0x2d,
    0x2d, 0x68, 0x65, 0x6c, 0x70, 0x2c, 0x20, 0x2d, 0x68, 0x20, 0x20, 0x20,
    0x20, 0x20, 0x20, 0x20, 0x20, 0x20, 0xe3, 0x81, 0x93, 0xe3, 0x81, 0xae,
    0xe3, 0x83, 0x98, 0xe3, 0x83, 0xab, 0xe3, 0x83, 0x97, 0xe3, 0x82, 0x92,
    0xe8, 0xa1, 0xa8, 0xe7, 0xa4, 0xba, 0x0a, 0x0a, 0xe5, 0xbc, 0x95, 0xe6,
    0x95, 0xb0, 0xe3, 0x81, 0xaa, 0xe3, 0x81, 0x97, 0xe3, 0x81, 0xa7, 0xe5,
    0xae, 0x9f, 0xe8, 0xa1, 0x8c, 0xe3, 0x81, 0x99, 0xe3, 0x82, 0x8b, 0xe3,
    0x81, 0xa8, 0xe3, 0x81, 0x93, 0xe3, 0x81, 0xae, 0xe3, 0x83, 0x98, 0xe3,
    0x83, 0xab, 0xe3, 0x83, 0x97, 0xe3, 0x82, 0x92, 0xe8, 0xa1, 0xa8, 0xe7,
    0xa4, 0xba, 0xe3, 0x81, 0x97, 0xe3, 0x81, 0xbe, 0xe3, 0x81, 0x99, 0xe3,
    0x80, 0x82, 0x0a, 0x00, 0xe3, 0x82, 0xa8, 0xe3, 0x83, 0xa9, 0xe3, 0x83,
    0xbc, 0x3a, 0x20, 0xe3, 0x81, 0x93, 0xe3, 0x81, 0xae, 0xe3, 0x83, 0x97,
    0xe3, 0x83, 0xad, 0xe3, 0x82, 0xb0, 0xe3, 0x83, 0xa9, 0xe3, 0x83, 0xa0,
    0xe3, 0x81, 0xaf, 0x20, 0x56, 0x54, 0x20, 0xe3, 0x81, 0xa8, 0x20, 0x44,
    0x52, 0x4d, 0x20, 0xe3, 0x81, 0xae, 0xe6, 0x93, 0x8d, 0xe4, 0xbd, 0x9c,
    0xe3, 0x81, 0xab, 0x20, 0x72, 0x6f, 0x6f, 0x74, 0x20, 0xe6, 0xa8, 0xa9,
    0xe9, 0x99, 0x90, 0xe3, 0x81, 0x8c, 0xe5, 0xbf, 0x85, 0xe8, 0xa6, 0x81,
    0xe3, 0x81, 0xa7, 0xe3, 0x81, 0x99, 0xef, 0xbc, 0x81, 0x0a, 0x73, 0x75,
    0x64, 0x6f, 0x20, 0x62, 0x73, 0x6f, 0x64, 0x20, 0xe3, 0x81, 0xa8, 0xe3,
    0x81, 0x97, 0xe3, 0x81, 0xa6, 0xe5, 0xae, 0x9f, 0xe8, 0xa1, 0x8c, 0xe3,
    0x81, 0x97, 0xe3, 0x81, 0xa6, 0xe3, 0x81, 0x8f, 0xe3, 0x81, 0xa0, 0xe3,
    0x81, 0x95, 0xe3, 0x81, 0x84, 0x0a, 0x00, 0x00, 0xe3, 0x83, 0x87, 0xe3,
    0x83, 0xbc, 0xe3, 0x83, 0xa2, 0xe3, 0x83, 0xb3, 0xe5, 0x8c, 0x96, 0xe3,
    0x81, 0xab, 0xe5, 0xa4, 0xb1, 0xe6, 0x95, 0x97, 0xe3, 0x81, 0x97, 0xe3,
    0x81, 0xbe, 0xe3, 0x81, 0x97, 0xe3, 0x81, 0x9f, 0x00, 0x00, 0x00, 0x00,
    0xe6, 0xad, 0xa3, 0xe5, 0x9c, 0xa8, 0xe9, 0x96, 0x8b, 0xe5, 0x95, 0x9f,
    0x20, 0x2f, 0x64, 0x65, 0x76, 0x2f, 0x74, 0x74, 0x79, 0x30, 0x20, 0xe4,
    0xb8, 0xa6, 0xe5, 0x8f, 0x96, 0xe5, 0xbe, 0x97, 0xe7, 0x9b, 0xae, 0xe5,
    0x89, 0x8d, 0xe4, 0xbd, 0xbf, 0xe7, 0x94, 0xa8, 0xe7, 0x9a, 0x84, 0x20,
    0x56, 0x54, 0x2e, 0x2e, 0x2e, 0x00, 0x00, 0x00, 0xe5, 0x81, 0xb5, 0xe6,
    0xb8, 0xac, 0xe5, 0x88, 0xb0, 0xe7, 0x9b, 0xae, 0xe5, 0x89, 0x8d, 0xe6,
    0xa1, 0x8c, 0xe9, 0x9d, 0xa2, 0xe5, 0x9f, 0xb7, 0xe8, 0xa1, 0x8c, 0xe6,
    0x96, 0xbc, 0x20, 0x74, 0x74, 0x79, 0x25, 0x64, 0x0a, 0x00, 0x00, 0x00,
    0xe6, 0xad, 0xa3, 0xe5, 0x9c, 0xa8, 0xe5, 0x88, 0x87, 0xe6, 0x8f, 0x9b,
    0xe8, 0x87, 0xb3, 0x20, 0x74, 0x74, 0x79, 0x25, 0x64, 0x20, 0xe4, 0xbb,
    0xa5, 0xe8, 0xae, 0x93, 0xe5, 0x9c, 0x96, 0xe5, 0xbd, 0xa2, 0xe4, 0xbb,
    0x8b, 0xe9, 0x9d, 0xa2, 0xe6, 0x8e, 0x9b, 0xe8, 0xb5, 0xb7, 0xe4, 0xb8,
    0xa6, 0xe9, 0x87, 0x8b, 0xe6, 0x94, 0xbe, 0x20, 0x44, 0x52, 0x4d, 0x20,
    0xe6, 0xac, 0x8a, 0xe9, 0x99, 0x90, 0x2e, 0x2e, 0x2e, 0x00, 0x00, 0x00,
    0xe6, 0xad, 0xa3, 0xe5, 0x9c, 0xa8, 0xe9, 0x96, 0x8b, 0xe5, 0x95, 0x9f,
    0x20, 0x44, 0x52, 0x4d, 0x20, 0xe8, 0xa3, 0x9d, 0xe7, 0xbd, 0xae, 0xef,
    0xbc, 0x88, 0xe8, 0x87, 0xaa, 0xe5, 0x8b, 0x95, 0xe5, 0x81, 0xb5, 0xe6,
    0xb8, 0xac, 0x20, 0x2f, 0x64, 0x65, 0x76, 0x2f, 0x64, 0x72, 0x69, 0x2f,
    0x63, 0x61, 0x72, 0x64, 0x2a, 0xef, 0xbc, 0x89, 0x2e, 0x2e, 0x2e, 0x00,
    0x00, 0x00, 0x00, 0x00, 0xe6, 0xad, 0xa3, 0xe5, 0x9c, 0xa8, 0xe5, 0x8f,
    0x96, 0xe5, 0xbe, 0x97, 0x20, 0x44, 0x52, 0x4d, 0x20, 0x4d, 0x61, 0x73,
    0x74, 0x65, 0x72, 0x20, 0xe6, 0x8e, 0xa7, 0xe5, 0x88, 0xb6, 0xe6, 0xac,
    0x8a, 0x2e, 0x2e, 0x2e, 0x00, 0x00, 0x00, 0x00, 0xe6, 0x88, 0x90, 0xe5,
    0x8a, 0x9f, 0xe5, 0x8f, 0x96, 0xe5, 0xbe, 0x97, 0xe5, 0xaf, 0xa6, 0xe9,
    0xab, 0x94, 0xe5, 0x8e, 0x9f, 0xe7, 0x94, 0x9f, 0xe8, 0xa7, 0xa3, 0xe6,
    0x9e, 0x90, 0xe5, 0xba, 0xa6, 0x3a, 0x20, 0x25, 0x75, 0x78, 0x25, 0x75,
    0x00, 0x00, 0x00, 0x00, 0x00, 0x00, 0x00, 0x00, 0xe8, 0x97, 0x8d, 0xe5,
    0xb1, 0x8f, 0xe6, 0x8e, 0xa8, 0xe9, 0x80, 0x81, 0xe6, 0x88, 0x90, 0xe5,
    0x8a, 0x9f, 0xef, 0xbc, 0x81, 0xe9, 0x80, 0xb2, 0xe5, 0xba, 0xa6, 0xe5,
    0x88, 0xb0, 0x20, 0x31, 0x30, 0x30, 0x25, 0x20, 0xe5, 0xbe, 0x8c, 0xe5,
    0xb0, 0x87, 0xe8, 0x87, 0xaa, 0xe5, 0x8b, 0x95, 0xe9, 0x87, 0x8d, 0xe6,
    0x96, 0xb0, 0xe5, 0x95, 0x9f, 0xe5, 0x8b, 0x95, 0x2e, 0x2e, 0x2e, 0x00,
    0x5b, 0x62, 0x73, 0x6f, 0x64, 0x5d, 0x20, 0xe9, 0x80, 0xb2, 0xe5, 0xba,
    0xa6, 0xe5, 0xae, 0x8c, 0xe6, 0x88, 0x90, 0xef, 0xbc, 0x8c, 0x25, 0x64,
    0x20, 0xe7, 0xa7, 0x92, 0xe5, 0xbe, 0x8c, 0x25, 0x73, 0x2e, 0x2e, 0x2e,
    0x0a, 0x00, 0x00, 0x00, 0x5b, 0x62, 0x73, 0x6f, 0x64, 0x5d, 0x20, 0x72,
    0x65, 0x62, 0x6f, 0x6f, 0x74, 0x20, 0xe5, 0xa4, 0xb1, 0xe6, 0x95, 0x97,
    0xef, 0xbc, 0x8c, 0xe6, 0x94, 0xb9, 0xe7, 0x82, 0xba, 0xe6, 0x81, 0xa2,
    0xe5, 0xbe, 0xa9, 0xe4, 0xb8, 0xa6, 0xe9, 0x80, 0x80, 0xe5, 0x87, 0xba,
    0x00, 0x00, 0x00, 0x00, 0x0a, 0xe6, 0xad, 0xa3, 0xe5, 0x9c, 0xa8, 0xe6,
    0xb8, 0x85, 0xe7, 0x90, 0x86, 0x20, 0x44, 0x52, 0x4d, 0x20, 0xe8, 0xb3,
    0x87, 0xe6, 0xba, 0x90, 0xe4, 0xb8, 0xa6, 0xe6, 0x81, 0xa2, 0xe5, 0xbe,
    0xa9, 0xe5, 0x8e, 0x9f, 0xe6, 0x9c, 0xac, 0xe7, 0x9a, 0x84, 0xe7, 0xb5,
    0x82, 0xe7, 0xab, 0xaf, 0xe7, 0x92, 0xb0, 0xe5, 0xa2, 0x83, 0x2e, 0x2e,
    0x2e, 0x0a, 0x00, 0x00, 0x00, 0x00, 0x00, 0x00, 0xe6, 0xad, 0xa3, 0xe5,
    0x9c, 0xa8, 0xe8, 0x87, 0xaa, 0xe5, 0x8b, 0x95, 0xe5, 0x88, 0x87, 0xe5,
    0x9b, 0x9e, 0xe5, 0x8e, 0x9f, 0xe6, 0xa1, 0x8c, 0xe9, 0x9d, 0xa2, 0x20,
    0x28, 0x74, 0x74, 0x79, 0x25, 0x64, 0x29, 0x2e, 0x2e, 0x2e, 0x0a, 0x00,
    0xe6, 0x82, 0xa8, 0xe7, 0x9a, 0x84, 0xe9, 0x9b, 0xbb, 0xe8, 0x85, 0xa6,
    0xe7, 0x99, 0xbc, 0xe7, 0x94, 0x9f, 0xe5, 0x95, 0x8f, 0xe9, 0xa1, 0x8c,
    0xef, 0xbc, 0x8c, 0xe9, 0x9c, 0x80, 0xe8, 0xa6, 0x81, 0xe9, 0x87, 0x8d,
    0xe6, 0x96, 0xb0, 0xe5, 0x95, 0x9f, 0xe5, 0x8b, 0x95, 0xe3, 0x80, 0x82,
    0x00, 0x00, 0x00, 0x00, 0x00, 0x00, 0x00, 0x00, 0xe6, 0x88, 0x91, 0xe5,
    0x80, 0x91, 0xe5, 0x8f, 0xaa, 0xe6, 0x98, 0xaf, 0xe6, 0x94, 0xb6, 0xe9,
    0x9b, 0x86, 0xe4, 0xb8, 0x80, 0xe4, 0xba, 0x9b, 0xe9, 0x8c, 0xaf, 0xe8,
    0xaa, 0xa4, 0xe8, 0xb3, 0x87, 0xe8, 0xa8, 0x8a, 0xef, 0xbc, 0x8c, 0xe7,
    0x84, 0xb6, 0xe5, 0xbe, 0x8c, 0xe6, 0x82, 0xa8, 0xe5, 0x8f, 0xaf, 0xe4,
    0xbb, 0xa5, 0xe9, 0x87, 0x8d, 0xe6, 0x96, 0xb0, 0xe5, 0x95, 0x9f, 0xe5,
    0x8b, 0x95, 0xe3, 0x80, 0x82, 0x00, 0x00, 0x00, 0xe5, 0xa6, 0x82, 0xe9,
    0x9c, 0x80, 0xe6, 0xad, 0xa4, 0xe5, 0x95, 0x8f, 0xe9, 0xa1, 0x8c, 0xe7,
    0x9a, 0x84, 0xe8, 0xa9, 0xb3, 0xe7, 0xb4, 0xb0, 0xe8, 0xb3, 0x87, 0xe8,
    0xa8, 0x8a, 0xe5, 0x92, 0x8c, 0xe5, 0x8f, 0xaf, 0xe8, 0x83, 0xbd, 0xe7,
    0x9a, 0x84, 0xe8, 0xa7, 0xa3, 0xe6, 0xb1, 0xba, 0xe6, 0x96, 0xb9, 0xe6,
    0xb3, 0x95, 0xef, 0xbc, 0x8c, 0xe8, 0xab, 0x8b, 0xe7, 0x80, 0x8f, 0xe8,
    0xa6, 0xbd, 0x00, 0x00, 0x00, 0x00, 0x00, 0x00, 0xe5, 0xa6, 0x82, 0xe6,
    0x9e, 0x9c, 0xe6, 0x82, 0xa8, 0xe9, 0x9c, 0x80, 0xe8, 0xa6, 0x81, 0xe8,
    0x81, 0xaf, 0xe7, 0xb5, 0xa1, 0xe6, 0x8a, 0x80, 0xe8, 0xa1, 0x93, 0xe6,
    0x94, 0xaf, 0xe6, 0x8f, 0xb4, 0xef, 0xbc, 0x8c, 0xe8, 0xab, 0x8b, 0xe5,
    0x90, 0x91, 0xe4, 0xbb, 0x96, 0xe5, 0x80, 0x91, 0xe6, 0x8f, 0x90, 0xe4,
    0xbe, 0x9b, 0xe6, 0xad, 0xa4, 0xe8, 0xb3, 0x87, 0xe8, 0xa8, 0x8a, 0xef,
    0xbc, 0x9a, 0x00, 0x00, 0x00, 0x00, 0x00, 0x00, 0x5b, 0x6d, 0x6f, 0x6e,
    0x69, 0x74, 0x6f, 0x72, 0x5d, 0x20, 0xe6, 0xad, 0xa3, 0xe5, 0x9c, 0xa8,
    0xe5, 0x8d, 0xb3, 0xe6, 0x99, 0x82, 0xe7, 0x9b, 0xa3, 0xe6, 0x8e, 0xa7,
    0xe7, 0xb3, 0xbb, 0xe7, 0xb5, 0xb1, 0xe6, 0x97, 0xa5, 0xe8, 0xaa, 0x8c,
    0xef, 0xbc, 0x8c, 0xe5, 0x81, 0xb5, 0xe6, 0xb8, 0xac, 0xe5, 0x88, 0xb0,
    0xe9, 0x8c, 0xaf, 0xe8, 0xaa, 0xa4, 0xe6, 0x99, 0x82, 0x25, 0x73, 0x2e,
    0x2e, 0x2e, 0x0a, 0x00, 0x00, 0x00, 0x00, 0x00, 0x0a, 0x5b, 0x6d, 0x6f,
    0x6e, 0x69, 0x74, 0x6f, 0x72, 0x5d, 0x20, 0xe5, 0x81, 0xb5, 0xe6, 0xb8,
    0xac, 0xe5, 0x88, 0xb0, 0xe7, 0xb3, 0xbb, 0xe7, 0xb5, 0xb1, 0xe9, 0x8c,
    0xaf, 0xe8, 0xaa, 0xa4, 0x3a, 0x20, 0x25, 0x73, 0x0a, 0x00, 0x00, 0x00,
    0x5b, 0x6d, 0x6f, 0x6e, 0x69, 0x74, 0x6f, 0x72, 0x5d, 0x20, 0xe8, 0x97,
    0x8d, 0xe5, 0xb1, 0x8f, 0xe5, 0xb7, 0xb2, 0xe7, 0xb5, 0x90, 0xe6, 0x9d,
    0x9f, 0xef, 0xbc, 0x8c, 0xe9, 0x80, 0x80, 0xe5, 0x87, 0xba, 0xe3, 0x80,
    0x82, 0x0a, 0x00, 0x00, 0xe7, 0x94, 0xa8, 0xe6, 0xb3, 0x95, 0x3a, 0x20,
    0x25, 0x73, 0x20, 0x5b, 0xe9, 0x81, 0xb8, 0xe9, 0xa0, 0x85, 0x5d, 0x0a,
    0x0a, 0xe6, 0xa8, 0xa1, 0xe5, 0xbc, 0x8f, 0xef, 0xbc, 0x88, 0xe8, 0x87,
    0xb3, 0xe5, 0xb0, 0x91, 0xe6, 0x8c, 0x87, 0xe5, 0xae, 0x9a, 0xe5, 0x85,
    0xb6, 0xe4, 0xb8, 0x80, 0xef, 0xbc, 0x89, 0xef, 0xbc, 0x9a, 0x0a, 0x20,
    0x20, 0x2d, 0x2d, 0x6d, 0x6f, 0x6e, 0x69, 0x74, 0x6f, 0x72, 0x20, 0x20,
    0x20, 0x20, 0x20, 0x20, 0x20, 0x20, 0x20, 0x20, 0xe5, 0x89, 0x8d, 0xe6,
    0x99, 0xaf, 0xe7, 0x9b, 0xa3, 0xe6, 0x8e, 0xa7, 0xe7, 0xb3, 0xbb, 0xe7,
    0xb5, 0xb1, 0xe6, 0x97, 0xa5, 0xe8, 0xaa, 0x8c, 0xef, 0xbc, 0x8c, 0xe9,
    0x8c, 0xaf, 0xe8, 0xaa, 0xa4, 0xe6, 0x99, 0x82, 0xe9, 0xa1, 0xaf, 0xe7,
    0xa4, 0xba, 0xe8, 0x97, 0x8d, 0xe5, 0xb1, 0x8f, 0x0a, 0x20, 0x20, 0x2d,
    0x2d, 0x64, 0x61, 0x65, 0x6d, 0x6f, 0x6e, 0x20, 0x20, 0x20, 0x20, 0x20,
    0x20, 0x20, 0x20, 0x20, 0x20, 0x20, 0xe4, 0xbb, 0xa5, 0xe5, 0xae, 0x88,
    0xe8, 0xad, 0xb7, 0xe8, 0xa1, 0x8c, 0xe7, 0xa8, 0x8b, 0xe6, 0x96, 0xb9,
    0xe5, 0xbc, 0x8f, 0xe6, 0x96, 0xbc, 0xe8, 0x83, 0x8c, 0xe6, 0x99, 0xaf,
    0xe7, 0x9b, 0xa3, 0xe6, 0x8e, 0xa7, 0x0a, 0x20, 0x20, 0x2d, 0x2d, 0x73,
    0x68, 0x6f, 0x77, 0x20, 0x22, 0xe5, 0x8e, 0x9f, 0xe5, 0x9b, 0xa0, 0x22,
    0x20, 0x20, 0x20, 0x20, 0x20, 0xe4, 0xb8, 0x80, 0xe6, 0xac, 0xa1, 0xe9,
    0xa1, 0xaf, 0xe7, 0xa4, 0xba, 0xe8, 0x97, 0x8d, 0xe5, 0xb1, 0x8f, 0x0a,
    0x20, 0x20, 0x2d, 0x2d, 0x64, 0x72, 0x79, 0x2d, 0x72, 0x75, 0x6e, 0x20,
    0x20, 0x20, 0x20, 0x20, 0x20, 0x20, 0x20, 0x20, 0x20, 0xe7, 0x9b, 0xa3,
    0xe6, 0x8e, 0xa7, 0xe4, 0xbd, 0x86, 0xe5, 0x8f, 0xaa, 0xe5, 0x88, 0x97,
    0xe5, 0x8d, 0xb0, 0xe5, 0x81, 0xb5, 0xe6, 0xb8, 0xac, 0xe5, 0x88, 0xb0,
    0xe7, 0x9a, 0x84, 0xe9, 0x8c, 0xaf, 0xe8, 0xaa, 0xa4, 0xef, 0xbc, 0x8c,
    0xe4, 0xb8, 0x8d, 0xe9, 0xa1, 0xaf, 0xe7, 0xa4, 0xba, 0xe8, 0x97, 0x8d,
    0xe5, 0xb1, 0x8f, 0xef, 0xbc, 0x88, 0xe9, 0x99, 0xa4, 0xe9, 0x8c, 0xaf,
    0xef, 0xbc, 0x89, 0x0a, 0x0a, 0xe9, 0x81, 0xb8, 0xe9, 0xa0, 0x85, 0xef,
    0xbc, 0x9a, 0x0a, 0x20, 0x20, 0x2d, 0x2d, 0x72, 0x65, 0x73, 0x74, 0x6f,
    0x72, 0x65, 0x20, 0x20, 0x20, 0x20, 0x20, 0x20, 0x20, 0x20, 0x20, 0x20,
    0xe8, 0x97, 0x8d, 0xe5, 0xb1, 0x8f, 0xe7, 0xb5, 0x90, 0xe6, 0x9d, 0x9f,
    0xe5, 0xbe, 0x8c, 0xe6, 0x81, 0xa2, 0xe5, 0xbe, 0xa9, 0xe6, 0xa1, 0x8c,
    0xe9, 0x9d, 0xa2, 0xe4, 0xb8, 0xa6, 0xe9, 0x80, 0x80, 0xe5, 0x87, 0xba,
    0xe7, 0xa8, 0x8b, 0xe5, 0xbc, 0x8f, 0xef, 0xbc, 0x88, 0xe9, 0xa0, 0x90,
    0xe8, 0xa8, 0xad, 0xe7, 0x82, 0xba, 0xe9, 0x87, 0x8d, 0xe6, 0x96, 0xb0,
    0xe5, 0x95, 0x9f, 0xe5, 0x8b, 0x95, 0xe7, 0xb3, 0xbb, 0xe7, 0xb5, 0xb1,
    0xef, 0xbc, 0x89, 0x0a, 0x20, 0x20, 0x2d, 0x2d, 0x68, 0x65, 0x6c, 0x70,
    0x2c, 0x20, 0x2d, 0x68, 0x20, 0x20, 0x20, 0x20, 0x20, 0x20, 0x20, 0x20,
    0x20, 0xe9, 0xa1, 0xaf, 0xe7, 0xa4, 0xba, 0xe6, 0x9c, 0xac, 0xe8, 0xaa,
    0xaa, 0xe6, 0x98, 0x8e, 0x0a, 0x0a, 0xe7, 0x84, 0xa1, 0xe5, 0x8f, 0x83,
    0xe6, 0x95, 0xb8, 0xe6, 0x99, 0x82, 0xe9, 0xa1, 0xaf, 0xe7, 0xa4, 0xba,
    0xe6, 0x9c, 0xac, 0xe8, 0xaa, 0xaa, 0xe6, 0x98, 0x8e, 0xe3, 0x80, 0x82,
    0x0a, 0x00, 0x00, 0x00, 0x00, 0x00, 0x00, 0x00, 0xe9, 0x8c, 0xaf, 0xe8,
    0xaa, 0xa4, 0x3a, 0x20, 0xe6, 0xad, 0xa4, 0xe7, 0xa8, 0x8b, 0xe5, 0xbc,
    0x8f, 0xe9, 0x9c, 0x80, 0xe8, 0xa6, 0x81, 0x20, 0x72, 0x6f, 0x6f, 0x74,
    0x20, 0xe6, 0xac, 0x8a, 0xe9, 0x99, 0x90, 0xe6, 0x89, 0x8d, 0xe8, 0x83,
    0xbd, 0xe6, 0x93, 0x8d, 0xe4, 0xbd, 0x9c, 0x20, 0x56, 0x54, 0x20, 0xe8,
    0x88, 0x87, 0x20, 0x44, 0x52, 0x4d, 0xef, 0xbc, 0x81, 0x0a, 0xe8, 0xab,
    0x8b, 0xe4, 0xbd, 0xbf, 0xe7, 0x94, 0xa8, 0x3a, 0x20, 0x73, 0x75, 0x64,
    0x6f, 0x20, 0x62, 0x73, 0x6f, 0x64, 0x0a, 0x00, 0x00, 0x00, 0x00, 0x00,
    0xe6, 0xad, 0xa3, 0xe5, 0x9c, 0xa8, 0xe6, 0x89, 0x93, 0xe5, 0xbc, 0x80,
    0x20, 0x2f, 0x64, 0x65, 0x76, 0x2f, 0x74, 0x74, 0x79, 0x30, 0x20, 0xe5,
    0xb9, 0xb6, 0xe8, 0x8e, 0xb7, 0xe5, 0x8f, 0x96, 0xe5, 0xbd, 0x93, 0xe5,
    0x89, 0x8d, 0xe6, 0xb4, 0xbb, 0xe5, 0x8a, 0xa8, 0x20, 0x56, 0x54, 0x2e,
    0x2e, 0x2e, 0x00, 0x00, 0x00, 0x00, 0x00, 0x00, 0xe6, 0xa3, 0x80, 0xe6,
    0xb5, 0x8b, 0xe5, 0x88, 0xb0, 0xe5, 0xbd, 0x93, 0xe5, 0x89, 0x8d, 0xe6,
    0xa1, 0x8c, 0xe9, 0x9d, 0xa2, 0xe8, 0xbf, 0x90, 0xe8, 0xa1, 0x8c, 0xe5,
    0x9c, 0xa8, 0x20, 0x74, 0x74, 0x79, 0x25, 0x64, 0x0a, 0x00, 0x00, 0x00,
    0xe6, 0xad, 0xa3, 0xe5, 0x9c, 0xa8, 0xe5, 0x88, 0x87, 0xe6, 0x8d, 0xa2,
    0xe8, 0x87, 0xb3, 0x20, 0x74, 0x74, 0x79, 0x25, 0x64, 0x20, 0xe4, 0xbb,
    0xa5, 0xe8, 0xae, 0xa9, 0xe5, 0x9b, 0xbe, 0xe5, 0xbd, 0xa2, 0xe7, 0x95,
    0x8c, 0xe9, 0x9d, 0xa2, 0xe6, 0x8c, 0x82, 0xe8, 0xb5, 0xb7, 0xe5, 0xb9,
    0xb6, 0xe9, 0x87, 0x8a, 0xe6, 0x94, 0xbe, 0x20, 0x44, 0x52, 0x4d, 0x20,
    0xe6, 0x9d, 0x83, 0xe9, 0x99, 0x90, 0x2e, 0x2e, 0x2e, 0x00, 0x00, 0x00,
    0xe6, 0xad, 0xa3, 0xe5, 0x9c, 0xa8, 0xe6, 0x89, 0x93, 0xe5, 0xbc, 0x80,
    0x20, 0x44, 0x52, 0x4d, 0x20, 0xe8, 0xae, 0xbe, 0xe5, 0xa4, 0x87, 0xef,
    0xbc, 0x88, 0xe8, 0x87, 0xaa, 0xe5, 0x8a, 0xa8, 0xe6, 0x8e, 0xa2, 0xe6,
    0xb5, 0x8b, 0x20, 0x2f, 0x64, 0x65, 0x76, 0x2f, 0x64, 0x72, 0x69, 0x2f,
    0x63, 0x61, 0x72, 0x64, 0x2a, 0xef, 0xbc, 0x89, 0x2e, 0x2e, 0x2e, 0x00,
    0x00, 0x00, 0x00, 0x00, 0xe6, 0xad, 0xa3, 0xe5, 0x9c, 0xa8, 0xe6, 0x8a,
    0xa2, 0xe5, 0x8d, 0xa0, 0x20, 0x44, 0x52, 0x4d, 0x20, 0x4d, 0x61, 0x73,
    0x74, 0x65, 0x72, 0x20, 0xe6, 0x8e, 0xa7, 0xe5, 0x88, 0xb6, 0xe6, 0x9d,
    0x83, 0x2e, 0x2e, 0x2e, 0x00, 0x00, 0x00, 0x00, 0xe6, 0x88, 0x90, 0xe5,
    0x8a, 0x9f, 0xe8, 0x8e, 0xb7, 0xe5, 0x8f, 0x96, 0xe7, 0x89, 0xa9, 0xe7,
    0x90, 0x86, 0xe5, 0x8e, 0x9f, 0xe7, 0x94, 0x9f, 0xe5, 0x88, 0x86, 0xe8,
    0xbe, 0xa8, 0xe7, 0x8e, 0x87, 0x3a, 0x20, 0x25, 0x75, 0x78, 0x25, 0x75,
    0x00, 0x00, 0x00, 0x00, 0x00, 0x00, 0x00, 0x00, 0xe8, 0x93, 0x9d, 0xe5,
    0xb1, 0x8f, 0xe6, 0x8e, 0xa8, 0xe9, 0x80, 0x81, 0xe6, 0x88, 0x90, 0xe5,
    0x8a, 0x9f, 0xef, 0xbc, 0x81, 0xe8, 0xbf, 0x9b, 0xe5, 0xba, 0xa6, 0xe5,
    0x88, 0xb0, 0x20, 0x31, 0x30, 0x30, 0x25, 0x20, 0xe5, 0x90, 0x8e, 0xe5,
    0xb0, 0x86, 0xe8, 0x87, 0xaa, 0xe5, 0x8a, 0xa8, 0xe9, 0x87, 0x8d, 0xe5,
    0x90, 0xaf, 0x2e, 0x2e, 0x2e, 0x00, 0x00, 0x00, 0x00, 0x00, 0x00, 0x00,
    0x5b, 0x62, 0x73, 0x6f, 0x64, 0x5d, 0x20, 0xe8, 0xbf, 0x9b, 0xe5, 0xba,
    0xa6, 0xe5, 0xae, 0x8c, 0xe6, 0x88, 0x90, 0xef, 0xbc, 0x8c, 0x25, 0x64,
    0x20, 0xe7, 0xa7, 0x92, 0xe5, 0x90, 0x8e, 0x25, 0x73, 0x2e, 0x2e, 0x2e,
    0x0a, 0x00, 0x00, 0x00, 0x5b, 0x62, 0x73, 0x6f, 0x64, 0x5d, 0x20, 0x72,
    0x65, 0x62, 0x6f, 0x6f, 0x74, 0x20, 0xe5, 0xa4, 0xb1, 0xe8, 0xb4, 0xa5,
    0xef, 0xbc, 0x8c, 0xe6, 0x94, 0xb9, 0xe4, 0xb8, 0xba, 0xe6, 0x81, 0xa2,
    0xe5, 0xa4, 0x8d, 0xe5, 0xb9, 0xb6, 0xe9, 0x80, 0x80, 0xe5, 0x87, 0xba,
    0x00, 0x00, 0x00, 0x00, 0x0a, 0xe6, 0xad, 0xa3, 0xe5, 0x9c, 0xa8, 0xe6,
    0xb8, 0x85, 0xe7, 0x90, 0x86, 0x20, 0x44, 0x52, 0x4d, 0x20, 0xe8, 0xb5,
    0x84, 0xe6, 0xba, 0x90, 0xe5, 0xb9, 0xb6, 0xe6, 0x81, 0xa2, 0xe5, 0xa4,
    0x8d, 0xe5, 0x8e, 0x9f, 0xe6, 0x9c, 0xac, 0xe7, 0x9a, 0x84, 0xe7, 0xbb,
    0x88, 0xe7, 0xab, 0xaf, 0xe7, 0x8e, 0xaf, 0xe5, 0xa2, 0x83, 0x2e, 0x2e,
    0x2e, 0x0a, 0x00, 0x00, 0x00, 0x00, 0x00, 0x00, 0xe6, 0xad, 0xa3, 0xe5,
    0x9c, 0xa8, 0xe8, 0x87, 0xaa, 0xe5, 0x8a, 0xa8, 0xe5, 0x88, 0x87, 0xe5,
    0x9b, 0x9e, 0xe5, 0x8e, 0x9f, 0xe6, 0xa1, 0x8c, 0xe9, 0x9d, 0xa2, 0x20,
    0x28, 0x74, 0x74, 0x79, 0x25, 0x64, 0x29, 0x2e, 0x2e, 0x2e, 0x0a, 0x00,
    0xe4, 0xbd, 0xa0, 0xe7, 0x9a, 0x84, 0xe7, 0x94, 0xb5, 0xe8, 0x84, 0x91,
    0xe9, 0x81, 0x87, 0xe5, 0x88, 0xb0, 0xe9, 0x97, 0xae, 0xe9, 0xa2, 0x98,
    0xef, 0xbc, 0x8c, 0xe9, 0x9c, 0x80, 0xe8, 0xa6, 0x81, 0xe9, 0x87, 0x8d,
    0xe5, 0x90, 0xaf, 0xe3, 0x80, 0x82, 0x00, 0x00, 0x00, 0x00, 0x00, 0x00,
    0xe6, 0x88, 0x91, 0xe4, 0xbb, 0xac, 0xe5, 0x8f, 0xaa, 0xe5, 0xb1, 0x95,
    0xe7, 0xa4, 0xba, 0xe6, 0x9f, 0x90, 0xe4, 0xba, 0x9b, 0xe9, 0x94, 0x99,
    0xe8, 0xaf, 0xaf, 0xe4, 0xbf, 0xa1, 0xe6, 0x81, 0xaf, 0xef, 0xbc, 0x8c,
    0xe7, 0x84, 0xb6, 0xe5, 0x90, 0x8e, 0xe4, 0xbd, 0xa0, 0xe5, 0x8f, 0xaf,
    0xe4, 0xbb, 0xa5, 0xe9, 0x87, 0x8d, 0xe6, 0x96, 0xb0, 0xe5, 0x90, 0xaf,
    0xe5, 0x8a, 0xa8, 0xe3, 0x80, 0x82, 0x00, 0x00, 0x00, 0x00, 0x00, 0x00,
    0xe6, 0x9c, 0x89, 0xe5, 0x85, 0xb3, 0xe6, 0xad, 0xa4, 0xe9, 0x97, 0xae,
    0xe9, 0xa2, 0x98, 0xe7, 0x9a, 0x84, 0xe8, 0xaf, 0xa6, 0xe7, 0xbb, 0x86,
    0xe4, 0xbf, 0xa1, 0xe6, 0x81, 0xaf, 0xe5, 0x92, 0x8c, 0xe5, 0x8f, 0xaf,
    0xe8, 0x83, 0xbd, 0xe7, 0x9a, 0x84, 0xe8, 0xa7, 0xa3, 0xe5, 0x86, 0xb3,
    0xe6, 0x96, 0xb9, 0xe6, 0xb3, 0x95, 0xef, 0xbc, 0x8c, 0xe8, 0xaf, 0xb7,
    0xe8, 0xae, 0xbf, 0xe9, 0x97, 0xae, 0x00, 0x00, 0x00, 0x00, 0x00, 0x00,
    0xe5, 0xa6, 0x82, 0xe6, 0x9e, 0x9c, 0xe8, 0xaf, 0xa2, 0xe9, 0x97, 0xae,
    0xe6, 0x8a, 0x80, 0xe6, 0x9c, 0xaf, 0xe4, 0xba, 0xba, 0xe5, 0x91, 0x98,
    0xef, 0xbc, 0x8c, 0xe8, 0xaf, 0xb7, 0xe5, 0x90, 0x91, 0xe4, 0xbb, 0x96,
    0xe4, 0xbb, 0xac, 0xe6, 0x8f, 0x90, 0xe4, 0xbe, 0x9b, 0xe4, 0xbb, 0xa5,
    0xe4, 0xb8, 0x8b, 0xe4, 0xbf, 0xa1, 0xe6, 0x81, 0xaf, 0x00, 0x00, 0x00,
    0x00, 0x00, 0x00, 0x00, 0x5b, 0x6d, 0x6f, 0x6e, 0x69, 0x74, 0x6f, 0x72,
    0x5d, 0x20, 0xe6, 0xad, 0xa3, 0xe5, 0x9c, 0xa8, 0xe5, 0xae, 0x9e, 0xe6,
    0x97, 0xb6, 0xe7, 0x9b, 0x91, 0xe6, 0x8e, 0xa7, 0xe7, 0xb3, 0xbb, 0xe7,
    0xbb, 0x9f, 0xe6, 0x97, 0xa5, 0xe5, 0xbf, 0x97, 0xef, 0xbc, 0x8c, 0xe6,
    0xa3, 0x80, 0xe6, 0xb5, 0x8b, 0xe5, 0x88, 0xb0, 0xe9, 0x94, 0x99, 0xe8,
    0xaf, 0xaf, 0xe6, 0x97, 0xb6, 0x25, 0x73, 0x2e, 0x2e, 0x2e, 0x0a, 0x00,
    0x00, 0x00, 0x00, 0x00, 0x0a, 0x5b, 0x6d, 0x6f, 0x6e, 0x69, 0x74, 0x6f,
    0x72, 0x5d, 0x20, 0xe6, 0xa3, 0x80, 0xe6, 0xb5, 0x8b, 0xe5, 0x88, 0xb0,
    0xe7, 0xb3, 0xbb, 0xe7, 0xbb, 0x9f, 0xe9, 0x94, 0x99, 0xe8, 0xaf, 0xaf,
    0x3a, 0x20, 0x25, 0x73, 0x0a, 0x00, 0x00, 0x00, 0x5b, 0x6d, 0x6f, 0x6e,
    0x69, 0x74, 0x6f, 0x72, 0x5d, 0x20, 0xe8, 0x93, 0x9d, 0xe5, 0xb1, 0x8f,
    0xe5, 0xb7, 0xb2, 0xe7, 0xbb, 0x93, 0xe6, 0x9d, 0x9f, 0xef, 0xbc, 0x8c,
    0xe9, 0x80, 0x80, 0xe5, 0x87, 0xba, 0xe3, 0x80, 0x82, 0x0a, 0x00, 0x00,
    0xe7, 0x94, 0xa8, 0xe6, 0xb3, 0x95, 0x3a, 0x20, 0x25, 0x73, 0x20, 0x5b,
    0xe9, 0x80, 0x89, 0xe9, 0xa1, 0xb9, 0x5d, 0x0a, 0x0a, 0xe6, 0xa8, 0xa1,
    0xe5, 0xbc, 0x8f, 0xef, 0xbc, 0x88, 0xe8, 0x87, 0xb3, 0xe5, 0xb0, 0x91,
    0xe6, 0x8c, 0x87, 0xe5, 0xae, 0x9a, 0xe5, 0x85, 0xb6, 0xe4, 0xb8, 0x80,
    0xef, 0xbc, 0x89, 0xef, 0xbc, 0x9a, 0x0a, 0x20, 0x20, 0x2d, 0x2d, 0x6d,
    0x6f, 0x6e, 0x69, 0x74, 0x6f, 0x72, 0x20, 0x20, 0x20, 0x20, 0x20, 0x20,
    0x20, 0x20, 0x20, 0x20, 0xe5, 0x89, 0x8d, 0xe5, 0x8f, 0xb0, 0xe7, 0x9b,
    0x91, 0xe6, 0x8e, 0xa7, 0xe7, 0xb3, 0xbb, 0xe7, 0xbb, 0x9f, 0xe6, 0x97,
    0xa5, 0xe5, 0xbf, 0x97, 0xef, 0xbc, 0x8c, 0xe9, 0x94, 0x99, 0xe8, 0xaf,
    0xaf, 0xe6, 0x97, 0xb6, 0xe6, 0x98, 0xbe, 0xe7, 0xa4, 0xba, 0xe8, 0x93,
    0x9d, 0xe5, 0xb1, 0x8f, 0x0a, 0x20, 0x20, 0x2d, 0x2d, 0x64, 0x61, 0x65,
    0x6d, 0x6f, 0x6e, 0x20, 0x20, 0x20, 0x20, 0x20, 0x20, 0x20, 0x20, 0x20,
    0x20, 0x20, 0xe5, 0xae, 0x88, 0xe6, 0x8a, 0xa4, 0xe8, 0xbf, 0x9b, 0xe7,
    0xa8, 0x8b, 0xe6, 0x96, 0xb9, 0xe5, 0xbc, 0x8f, 0xe5, 0x90, 0x8e, 0xe5,
    0x8f, 0xb0, 0xe7, 0x9b, 0x91, 0xe6, 0x8e, 0xa7, 0x0a, 0x20, 0x20, 0x2d,
    0x2d, 0x73, 0x68, 0x6f, 0x77, 0x20, 0x22, 0xe5, 0x8e, 0x9f, 0xe5, 0x9b,
    0xa0, 0x22, 0x20, 0x20, 0x20, 0x20, 0x20, 0xe4, 0xb8, 0x80, 0xe6, 0xac,
    0xa1, 0xe6, 0x80, 0xa7, 0xe6, 0x98, 0xbe, 0xe7, 0xa4, 0xba, 0xe8, 0x93,
    0x9d, 0xe5, 0xb1, 0x8f, 0x0a, 0x20, 0x20, 0x2d, 0x2d, 0x64, 0x72, 0x79,
    0x2d, 0x72, 0x75, 0x6e, 0x20, 0x20, 0x20, 0x20, 0x20, 0x20, 0x20, 0x20,
    0x20, 0x20, 0xe7, 0x9b, 0x91, 0xe6, 0x8e, 0xa7, 0xe4, 0xbd, 0x86, 0xe5,
    0x8f, 0xaa, 0xe6, 0x89, 0x93, 0xe5, 0x8d, 0xb0, 0xe6, 0xa3, 0x80, 0xe6,
    0xb5, 0x8b, 0xe5, 0x88, 0xb0, 0xe7, 0x9a, 0x84, 0xe9, 0x94, 0x99, 0xe8,
    0xaf, 0xaf, 0xef, 0xbc, 0x8c, 0xe4, 0xb8, 0x8d, 0xe6, 0x98, 0xbe, 0xe7,
    0xa4, 0xba, 0xe8, 0x93, 0x9d, 0xe5, 0xb1, 0x8f, 0xef, 0xbc, 0x88, 0xe8,
    0xb0, 0x83, 0xe8, 0xaf, 0x95, 0xef, 0xbc, 0x89, 0x0a, 0x0a, 0xe9, 0x80,
    0x89, 0xe9, 0xa1, 0xb9, 0xef, 0xbc, 0x9a, 0x0a, 0x20, 0x20, 0x2d, 0x2d,
    0x72, 0x65, 0x73, 0x74, 0x6f, 0x72, 0x65, 0x20, 0x20, 0x20, 0x20, 0x20,
    0x20, 0x20, 0x20, 0x20, 0x20, 0xe8, 0x93, 0x9d, 0xe5, 0xb1, 0x8f, 0xe7,
    0xbb, 0x93, 0xe6, 0x9d, 0x9f, 0xe5, 0x90, 0x8e, 0xe6, 0x81, 0xa2, 0xe5,
    0xa4, 0x8d, 0xe6, 0xa1, 0x8c, 0xe9, 0x9d, 0xa2, 0xe5, 0xb9, 0xb6, 0xe9,
    0x80, 0x80, 0xe5, 0x87, 0xba, 0xe7, 0xa8, 0x8b, 0xe5, 0xba, 0x8f, 0xef,
    0xbc, 0x88, 0xe9, 0xbb, 0x98, 0xe8, 0xae, 0xa4, 0xe6, 0x98, 0xaf, 0xe9,
    0x87, 0x8d, 0xe5, 0x90, 0xaf, 0xe7, 0xb3, 0xbb, 0xe7, 0xbb, 0x9f, 0xef,
    0xbc, 0x89, 0x0a, 0x20, 0x20, 0x2d, 0x2d, 0x68, 0x65, 0x6c, 0x70, 0x2c,
    0x20, 0x2d, 0x68, 0x20, 0x20, 0x20, 0x20, 0x20, 0x20, 0x20, 0x20, 0x20,
    0xe6, 0x98, 0xbe, 0xe7, 0xa4, 0xba, 0xe6, 0x9c, 0xac, 0xe5, 0xb8, 0xae,
    0xe5, 0x8a, 0xa9, 0x0a, 0x0a, 0xe6, 0x97, 0xa0, 0xe5, 0x8f, 0x82, 0xe6,
    0x95, 0xb0, 0xe6, 0x97, 0xb6, 0xe6, 0x98, 0xbe, 0xe7, 0xa4, 0xba, 0xe6,
    0x9c, 0xac, 0xe5, 0xb8, 0xae, 0xe5, 0x8a, 0xa9, 0xe3, 0x80, 0x82, 0x0a,
    0x00, 0x00, 0x00, 0x00, 0x00, 0x00, 0x00, 0x00, 0xe9, 0x94, 0x99, 0xe8,
    0xaf, 0xaf, 0x3a, 0x20, 0xe8, 0xaf, 0xa5, 0xe7, 0xa8, 0x8b, 0xe5, 0xba,
    0x8f, 0xe9, 0x9c, 0x80, 0xe8, 0xa6, 0x81, 0x20, 0x72, 0x6f, 0x6f, 0x74,
    0x20, 0xe6, 0x9d, 0x83, 0xe9, 0x99, 0x90, 0xe6, 0x93, 0x8d, 0xe4, 0xbd,
    0x9c, 0x20, 0x56, 0x54, 0x20, 0xe4, 0xb8, 0x8e, 0x20, 0x44, 0x52, 0x4d,
    0xef, 0xbc, 0x81, 0x0a, 0xe8, 0xaf, 0xb7, 0xe4, 0xbd, 0xbf, 0xe7, 0x94,
    0xa8, 0x3a, 0x20, 0x73, 0x75, 0x64, 0x6f, 0x20, 0x62, 0x73, 0x6f, 0x64,
    0x0a, 0x00, 0x00, 0x00, 0x4f, 0x70, 0x65, 0x6e, 0x69, 0x6e, 0x67, 0x20,
    0x2f, 0x64, 0x65, 0x76, 0x2f, 0x74, 0x74, 0x79, 0x30, 0x20, 0x61, 0x6e,
    0x64, 0x20, 0x67, 0x65, 0x74, 0x74, 0x69, 0x6e, 0x67, 0x20, 0x74, 0x68,
    0x65, 0x20, 0x61, 0x63, 0x74, 0x69, 0x76, 0x65, 0x20, 0x56, 0x54, 0x2e,
    0x2e, 0x2e, 0x00, 0x00, 0x53, 0x77, 0x69, 0x74, 0x63, 0x68, 0x69, 0x6e,
    0x67, 0x20, 0x74, 0x6f, 0x20, 0x74, 0x74, 0x79, 0x25, 0x64, 0x20, 0x74,
    0x6f, 0x20, 0x73, 0x75, 0x73, 0x70, 0x65, 0x6e, 0x64, 0x20, 0x74, 0x68,
    0x65, 0x20, 0x64, 0x65, 0x73, 0x6b, 0x74, 0x6f, 0x70, 0x20, 0x61, 0x6e,
    0x64, 0x20, 0x72, 0x65, 0x6c, 0x65, 0x61, 0x73, 0x65, 0x20, 0x44, 0x52,
    0x4d, 0x2e, 0x2e, 0x2e, 0x00, 0x00, 0x00, 0x00, 0x4f, 0x70, 0x65, 0x6e,
    0x69, 0x6e, 0x67, 0x20, 0x44, 0x52, 0x4d, 0x20, 0x64, 0x65, 0x76, 0x69,
    0x63, 0x65, 0x20, 0x28, 0x61, 0x75, 0x74, 0x6f, 0x2d, 0x64, 0x65, 0x74,
    0x65, 0x63, 0x74, 0x20, 0x2f, 0x64, 0x65, 0x76, 0x2f, 0x64, 0x72, 0x69,
    0x2f, 0x63, 0x61, 0x72, 0x64, 0x2a, 0x29, 0x2e, 0x2e, 0x2e, 0x00, 0x00,
    0x00, 0x00, 0x00, 0x00, 0x42, 0x6c, 0x75, 0x65, 0x20, 0x73, 0x63, 0x72,
    0x65, 0x65, 0x6e, 0x20, 0x73, 0x68, 0x6f, 0x77, 0x6e, 0x21, 0x20, 0x57,
    0x69, 0x6c, 0x6c, 0x20, 0x72, 0x65, 0x62, 0x6f, 0x6f, 0x74, 0x20, 0x61,
    0x66, 0x74, 0x65, 0x72, 0x20, 0x72, 0x65, 0x61, 0x63, 0x68, 0x69, 0x6e,
    0x67, 0x20, 0x31, 0x30, 0x30, 0x25, 0x2e, 0x2e, 0x2e, 0x00, 0x00, 0x00,
    0x5b, 0x62, 0x73, 0x6f, 0x64, 0x5d, 0x20, 0x50, 0x72, 0x6f, 0x67, 0x72,
    0x65, 0x73, 0x73, 0x20, 0x64, 0x6f, 0x6e, 0x65, 0x2c, 0x20, 0x69, 0x6e,
    0x20, 0x25, 0x64, 0x20, 0x73, 0x65, 0x63, 0x6f, 0x6e, 0x64, 0x28, 0x73,
    0x29, 0x3a, 0x20, 0x25, 0x73, 0x2e, 0x2e, 0x2e, 0x0a, 0x00, 0x00, 0x00,
    0x5b, 0x62, 0x73, 0x6f, 0x64, 0x5d, 0x20, 0x72, 0x65, 0x62, 0x6f, 0x6f,
    0x74, 0x20, 0x66, 0x61, 0x69, 0x6c, 0x65, 0x64, 0x2c, 0x20, 0x66, 0x61,
    0x6c, 0x6c, 0x69, 0x6e, 0x67, 0x20, 0x62, 0x61, 0x63, 0x6b, 0x20, 0x74,
    0x6f, 0x20, 0x72, 0x65, 0x73, 0x74, 0x6f, 0x72, 0x65, 0x20, 0x61, 0x6e,
    0x64, 0x20, 0x65, 0x78, 0x69, 0x74, 0x00, 0x00, 0x0a, 0x43, 0x6c, 0x65,
    0x61, 0x6e, 0x69, 0x6e, 0x67, 0x20, 0x75, 0x70, 0x20, 0x44, 0x52, 0x4d,
    0x20, 0x72, 0x65, 0x73, 0x6f, 0x75, 0x72, 0x63, 0x65, 0x73, 0x20, 0x61,
    0x6e, 0x64, 0x20, 0x72, 0x65, 0x73, 0x74, 0x6f, 0x72, 0x69, 0x6e, 0x67,
    0x20, 0x74, 0x68, 0x65, 0x20, 0x74, 0x65, 0x72, 0x6d, 0x69, 0x6e, 0x61,
    0x6c, 0x20, 0x65, 0x6e, 0x76, 0x69, 0x72, 0x6f, 0x6e, 0x6d, 0x65, 0x6e,
    0x74, 0x2e, 0x2e, 0x2e, 0x0a, 0x00, 0x00, 0x00, 0x53, 0x77, 0x69, 0x74,
    0x63, 0x68, 0x69, 0x6e, 0x67, 0x20, 0x62, 0x61, 0x63, 0x6b, 0x20, 0x74,
    0x6f, 0x20, 0x74, 0x68, 0x65, 0x20, 0x64, 0x65, 0x73, 0x6b, 0x74, 0x6f,
    0x70, 0x20, 0x28, 0x74, 0x74, 0x79, 0x25, 0x64, 0x29, 0x2e, 0x2e, 0x2e,
    0x0a, 0x00, 0x00, 0x00, 0x00, 0x00, 0x00, 0x00, 0x59, 0x6f, 0x75, 0x72,
    0x20, 0x50, 0x43, 0x20, 0x72, 0x61, 0x6e, 0x20, 0x69, 0x6e, 0x74, 0x6f,
    0x20, 0x61, 0x20, 0x70, 0x72, 0x6f, 0x62, 0x6c, 0x65, 0x6d, 0x20, 0x61,
    0x6e, 0x64, 0x20, 0x6e, 0x65, 0x65, 0x64, 0x73, 0x20, 0x74, 0x6f, 0x20,
    0x72, 0x65, 0x73, 0x74, 0x61, 0x72, 0x74, 0x2e, 0x00, 0x00, 0x00, 0x00,
    0x00, 0x00, 0x00, 0x00, 0x57, 0x65, 0x27, 0x72, 0x65, 0x20, 0x6a, 0x75,
    0x73, 0x74, 0x20, 0x63, 0x6f, 0x6c, 0x6c, 0x65, 0x63, 0x74, 0x69, 0x6e,
    0x67, 0x20, 0x73, 0x6f, 0x6d, 0x65, 0x20, 0x65, 0x72, 0x72, 0x6f, 0x72,
    0x20, 0x69, 0x6e, 0x66, 0x6f, 0x2c, 0x20, 0x61, 0x6e, 0x64, 0x20, 0x74,
    0x68, 0x65, 0x6e, 0x20, 0x79, 0x6f, 0x75, 0x20, 0x63, 0x61, 0x6e, 0x20,
    0x72, 0x65, 0x73, 0x74, 0x61, 0x72, 0x74, 0x2e, 0x00, 0x00, 0x00, 0x00,
    0x00, 0x00, 0x00, 0x00, 0x46, 0x6f, 0x72, 0x20, 0x6d, 0x6f, 0x72, 0x65,
    0x20, 0x69, 0x6e, 0x66, 0x6f, 0x20, 0x61, 0x62, 0x6f, 0x75, 0x74, 0x20,
    0x74, 0x68, 0x69, 0x73, 0x20, 0x69, 0x73, 0x73, 0x75, 0x65, 0x20, 0x61,
    0x6e, 0x64, 0x20, 0x70, 0x6f, 0x73, 0x73, 0x69, 0x62, 0x6c, 0x65, 0x20,
    0x66, 0x69, 0x78, 0x65, 0x73, 0x2c, 0x20, 0x76, 0x69, 0x73, 0x69, 0x74,
    0x00, 0x00, 0x00, 0x00, 0x00, 0x00, 0x00, 0x00, 0x49, 0x66, 0x20, 0x79,
    0x6f, 0x75, 0x20, 0x63, 0x61, 0x6c, 0x6c, 0x20, 0x61, 0x20, 0x73, 0x75,
    0x70, 0x70, 0x6f, 0x72, 0x74, 0x20, 0x70, 0x65, 0x72, 0x73, 0x6f, 0x6e,
    0x2c, 0x20, 0x67, 0x69, 0x76, 0x65, 0x20, 0x74, 0x68, 0x65, 0x6d, 0x20,
    0x74, 0x68, 0x69, 0x73, 0x20, 0x69, 0x6e, 0x66, 0x6f, 0x3a, 0x00, 0x00,
    0x00, 0x00, 0x00, 0x00, 0x5b, 0x6d, 0x6f, 0x6e, 0x69, 0x74, 0x6f, 0x72,
    0x5d, 0x20, 0x57, 0x61, 0x74, 0x63, 0x68, 0x69, 0x6e, 0x67, 0x20, 0x73,
    0x79, 0x73, 0x74, 0x65, 0x6d, 0x20, 0x6c, 0x6f, 0x67, 0x73, 0x3b, 0x20,
    0x6f, 0x6e, 0x20, 0x65, 0x72, 0x72, 0x6f, 0x72, 0x3a, 0x20, 0x25, 0x73,
    0x2e, 0x2e, 0x2e, 0x0a, 0x00, 0x00, 0x00, 0x00, 0x00, 0x00, 0x00, 0x00,
    0x0a, 0x5b, 0x6d, 0x6f, 0x6e, 0x69, 0x74, 0x6f, 0x72, 0x5d, 0x20, 0x53,
    0x79, 0x73, 0x74, 0x65, 0x6d, 0x20, 0x65, 0x72, 0x72, 0x6f, 0x72, 0x20,
    0x64, 0x65, 0x74, 0x65, 0x63, 0x74, 0x65, 0x64, 0x3a, 0x20, 0x25, 0x73,
    0x0a, 0x00, 0x00, 0x00, 0x5b, 0x6d, 0x6f, 0x6e, 0x69, 0x74, 0x6f, 0x72,
    0x5d, 0x20, 0x53, 0x68, 0x6f, 0x77, 0x69, 0x6e, 0x67, 0x20, 0x62, 0x6c,
    0x75, 0x65, 0x20, 0x73, 0x63, 0x72, 0x65, 0x65, 0x6e, 0x2e, 0x2e, 0x2e,
    0x0a, 0x00, 0x00, 0x00, 0x00, 0x00, 0x00, 0x00, 0x5b, 0x6d, 0x6f, 0x6e,
    0x69, 0x74, 0x6f, 0x72, 0x5d, 0x20, 0x42, 0x6c, 0x75, 0x65, 0x20, 0x73,
    0x63, 0x72, 0x65, 0x65, 0x6e, 0x20, 0x66, 0x69, 0x6e, 0x69, 0x73, 0x68,
    0x65, 0x64, 0x2c, 0x20, 0x65, 0x78, 0x69, 0x74, 0x69, 0x6e, 0x67, 0x2e,
    0x0a, 0x00, 0x00, 0x00, 0x00, 0x00, 0x00, 0x00, 0x55, 0x73, 0x61, 0x67,
    0x65, 0x3a, 0x20, 0x25, 0x73, 0x20, 0x5b, 0x6f, 0x70, 0x74, 0x69, 0x6f,
    0x6e, 0x73, 0x5d, 0x0a, 0x0a, 0x4d, 0x6f, 0x64, 0x65, 0x73, 0x20, 0x28,
    0x70, 0x69, 0x63, 0x6b, 0x20, 0x6f, 0x6e, 0x65, 0x29, 0x3a, 0x0a, 0x20,
    0x20, 0x2d, 0x2d, 0x6d, 0x6f, 0x6e, 0x69, 0x74, 0x6f, 0x72, 0x20, 0x20,
    0x20, 0x20, 0x20, 0x20, 0x20, 0x20, 0x20, 0x20, 0x57, 0x61, 0x74, 0x63,
    0x68, 0x20, 0x73, 0x79, 0x73, 0x74, 0x65, 0x6d, 0x20, 0x6c, 0x6f, 0x67,
    0x73, 0x20, 0x69, 0x6e, 0x20, 0x66, 0x6f, 0x72, 0x65, 0x67, 0x72, 0x6f,
    0x75, 0x6e, 0x64, 0x2c, 0x20, 0x73, 0x68, 0x6f, 0x77, 0x20, 0x62, 0x6c,
    0x75, 0x65, 0x20, 0x73, 0x63, 0x72, 0x65, 0x65, 0x6e, 0x20, 0x6f, 0x6e,
    0x20, 0x65, 0x72, 0x72, 0x6f, 0x72, 0x0a, 0x20, 0x20, 0x2d, 0x2d, 0x64,
    0x61, 0x65, 0x6d, 0x6f, 0x6e, 0x20, 0x20, 0x20, 0x20, 0x20, 0x20, 0x20,
    0x20, 0x20, 0x20, 0x20, 0x52, 0x75, 0x6e, 0x20, 0x61, 0x73, 0x20, 0x61,
    0x20, 0x62, 0x61, 0x63, 0x6b, 0x67, 0x72, 0x6f, 0x75, 0x6e, 0x64, 0x20,
    0x64, 0x61, 0x65, 0x6d, 0x6f, 0x6e, 0x20, 0x6d, 0x6f, 0x6e, 0x69, 0x74,
    0x6f, 0x72, 0x0a, 0x20, 0x20, 0x2d, 0x2d, 0x73, 0x68, 0x6f, 0x77, 0x20,
    0x22, 0x72, 0x65, 0x61, 0x73, 0x6f, 0x6e, 0x22, 0x20, 0x20, 0x20, 0x53,
    0x68, 0x6f, 0x77, 0x20, 0x74, 0x68, 0x65, 0x20, 0x62, 0x6c, 0x75, 0x65,
    0x20, 0x73, 0x63, 0x72, 0x65, 0x65, 0x6e, 0x20, 0x6f, 0x6e, 0x63, 0x65,
    0x0a, 0x20, 0x20, 0x2d, 0x2d, 0x64, 0x72, 0x79, 0x2d, 0x72, 0x75, 0x6e,
    0x20, 0x20, 0x20, 0x20, 0x20, 0x20, 0x20, 0x20, 0x20, 0x20, 0x4d, 0x6f,
    0x6e, 0x69, 0x74, 0x6f, 0x72, 0x20, 0x62, 0x75, 0x74, 0x20, 0x6f, 0x6e,
    0x6c, 0x79, 0x20, 0x70, 0x72, 0x69, 0x6e, 0x74, 0x20, 0x64, 0x65, 0x74,
    0x65, 0x63, 0x74, 0x65, 0x64, 0x20, 0x65, 0x72, 0x72, 0x6f, 0x72, 0x73,
    0x20, 0x28, 0x64, 0x65, 0x62, 0x75, 0x67, 0x29, 0x0a, 0x0a, 0x4f, 0x70,
    0x74, 0x69, 0x6f, 0x6e, 0x73, 0x3a, 0x0a, 0x20, 0x20, 0x2d, 0x2d, 0x72,
    0x65, 0x73, 0x74, 0x6f, 0x72, 0x65, 0x20, 0x20, 0x20, 0x20, 0x20, 0x20,
    0x20, 0x20, 0x20, 0x20, 0x52, 0x65, 0x73, 0x74, 0x6f, 0x72, 0x65, 0x20,
    0x74, 0x68, 0x65, 0x20, 0x64, 0x65, 0x73, 0x6b, 0x74, 0x6f, 0x70, 0x20,
    0x61, 0x6e, 0x64, 0x20, 0x65, 0x78, 0x69, 0x74, 0x20, 0x61, 0x66, 0x74,
    0x65, 0x72, 0x20, 0x74, 0x68, 0x65, 0x20, 0x62, 0x6c, 0x75, 0x65, 0x20,
    0x73, 0x63, 0x72, 0x65, 0x65, 0x6e, 0x20, 0x28, 0x64, 0x65, 0x66, 0x61,
    0x75, 0x6c, 0x74, 0x3a, 0x20, 0x72, 0x65, 0x62, 0x6f, 0x6f, 0x74, 0x29,
    0x0a, 0x20, 0x20, 0x2d, 0x2d, 0x68, 0x65, 0x6c, 0x70, 0x2c, 0x20, 0x2d,
    0x68, 0x20, 0x20, 0x20, 0x20, 0x20, 0x20, 0x20, 0x20, 0x20, 0x53, 0x68,
    0x6f, 0x77, 0x20, 0x74, 0x68, 0x69, 0x73, 0x20, 0x68, 0x65, 0x6c, 0x70,
    0x0a, 0x0a, 0x53, 0x68, 0x6f, 0x77, 0x73, 0x20, 0x74, 0x68, 0x69, 0x73,
    0x20, 0x68, 0x65, 0x6c, 0x70, 0x20, 0x77, 0x68, 0x65, 0x6e, 0x20, 0x72,
    0x75, 0x6e, 0x20, 0x77, 0x69, 0x74, 0x68, 0x6f, 0x75, 0x74, 0x20, 0x61,
    0x72, 0x67, 0x75, 0x6d, 0x65, 0x6e, 0x74, 0x73, 0x2e, 0x0a, 0x00, 0x00,
    0x45, 0x72, 0x72, 0x6f, 0x72, 0x3a, 0x20, 0x74, 0x68, 0x69, 0x73, 0x20,
    0x70, 0x72, 0x6f, 0x67, 0x72, 0x61, 0x6d, 0x20, 0x72, 0x65, 0x71, 0x75,
    0x69, 0x72, 0x65, 0x73, 0x20, 0x72, 0x6f, 0x6f, 0x74, 0x20, 0x74, 0x6f,
    0x20, 0x63, 0x6f, 0x6e, 0x74, 0x72, 0x6f, 0x6c, 0x20, 0x56, 0x54, 0x20,
    0x61, 0x6e, 0x64, 0x20, 0x44, 0x52, 0x4d, 0x21, 0x0a, 0x52, 0x75, 0x6e,
    0x20, 0x61, 0x73, 0x3a, 0x20, 0x73, 0x75, 0x64, 0x6f, 0x20, 0x62, 0x73,
    0x6f, 0x64, 0x0a, 0x00, 0x00, 0x00, 0x00, 0x00, 0x2f, 0x75, 0x73, 0x72,
    0x2f, 0x73, 0x68, 0x61, 0x72, 0x65, 0x2f, 0x66, 0x6f, 0x6e, 0x74, 0x73,
    0x2f, 0x6f, 0x70, 0x65, 0x6e, 0x74, 0x79, 0x70, 0x65, 0x2f, 0x6e, 0x6f,
    0x74, 0x6f, 0x2f, 0x4e, 0x6f, 0x74, 0x6f, 0x53, 0x61, 0x6e, 0x73, 0x43,
    0x4a, 0x4b, 0x2d, 0x52, 0x65, 0x67, 0x75, 0x6c, 0x61, 0x72, 0x2e, 0x74,
    0x74, 0x63, 0x00, 0x00, 0x2f, 0x75, 0x73, 0x72, 0x2f, 0x73, 0x68, 0x61,
    0x72, 0x65, 0x2f, 0x66, 0x6f, 0x6e, 0x74, 0x73, 0x2f, 0x6f, 0x70, 0x65,
    0x6e, 0x74, 0x79, 0x70, 0x65, 0x2f, 0x6e, 0x6f, 0x74, 0x6f, 0x2f, 0x4e,
    0x6f, 0x74, 0x6f, 0x53, 0x61, 0x6e, 0x73, 0x43, 0x4a, 0x4b, 0x2d, 0x4d,
    0x65, 0x64, 0x69, 0x75, 0x6d, 0x2e, 0x74, 0x74, 0x63, 0x00, 0x00, 0x00,
    0x2f, 0x75, 0x73, 0x72, 0x2f, 0x73, 0x68, 0x61, 0x72, 0x65, 0x2f, 0x66,
    0x6f, 0x6e, 0x74, 0x73, 0x2f, 0x74, 0x72, 0x75, 0x65, 0x74, 0x79, 0x70,
    0x65, 0x2f, 0x64, 0x72, 0x6f, 0x69, 0x64, 0x2f, 0x44, 0x72, 0x6f, 0x69,
    0x64, 0x53, 0x61, 0x6e, 0x73, 0x46, 0x61, 0x6c, 0x6c, 0x62, 0x61, 0x63,
    0x6b, 0x46, 0x75, 0x6c, 0x6c, 0x2e, 0x74, 0x74, 0x66, 0x00, 0x00, 0x00,
    0x00, 0x00, 0x00, 0x00, 0x2f, 0x75, 0x73, 0x72, 0x2f, 0x73, 0x68, 0x61,
    0x72, 0x65, 0x2f, 0x66, 0x6f, 0x6e, 0x74, 0x73, 0x2f, 0x74, 0x72, 0x75,
    0x65, 0x74, 0x79, 0x70, 0x65, 0x2f, 0x64, 0x65, 0x6a, 0x61, 0x76, 0x75,
    0x2f, 0x44, 0x65, 0x6a, 0x61, 0x56, 0x75, 0x53, 0x61, 0x6e, 0x73, 0x2e,
    0x74, 0x74, 0x66, 0x00, 0x2f, 0x75, 0x73, 0x72, 0x2f, 0x73, 0x68, 0x61,
    0x72, 0x65, 0x2f, 0x66, 0x6f, 0x6e, 0x74, 0x73, 0x2f, 0x74, 0x72, 0x75,
    0x65, 0x74, 0x79, 0x70, 0x65, 0x2f, 0x6c, 0x69, 0x62, 0x65, 0x72, 0x61,
    0x74, 0x69, 0x6f, 0x6e, 0x2f, 0x4c, 0x69, 0x62, 0x65, 0x72, 0x61, 0x74,
    0x69, 0x6f, 0x6e, 0x53, 0x61, 0x6e, 0x73, 0x2d, 0x52, 0x65, 0x67, 0x75,
    0x6c, 0x61, 0x72, 0x2e, 0x74, 0x74, 0x66, 0x00, 0x00, 0x00, 0x00, 0x00,
    0x00, 0x00, 0x00, 0x00, 0x00, 0x00, 0x00, 0x00, 0x00, 0x00, 0x00, 0x00,
    0x00, 0x00, 0x00, 0x00, 0x00, 0x00, 0x00, 0x00, 0x76, 0x5a, 0xff, 0xff,
    0xd0, 0x57, 0xff, 0xff, 0xd0, 0x55, 0xff, 0xff, 0xe0, 0x54, 0xff, 0xff,
    0xc0, 0x56, 0xff, 0xff, 0xe0, 0x53, 0xff, 0xff, 0xd0, 0x52, 0xff, 0xff,
    0x6c, 0x3a, 0xff, 0xff, 0x81, 0x75, 0xff, 0xff, 0x6e, 0x75, 0xff, 0xff,
    0x6c, 0x3a, 0xff, 0xff, 0x5b, 0x75, 0xff, 0xff, 0x6c, 0x3a, 0xff, 0xff,
    0x6c, 0x3a, 0xff, 0xff, 0x94, 0x75, 0xff, 0xff, 0x20, 0x74, 0xff, 0xff,
    0x48, 0x3a, 0xff, 0xff, 0x01, 0x7c, 0xff, 0xff, 0xef, 0x7b, 0xff, 0xff,
    0x48, 0x3a, 0xff, 0xff, 0xdd, 0x7b, 0xff, 0xff, 0x48, 0x3a, 0xff, 0xff,
    0x48, 0x3a, 0xff, 0xff, 0xc6, 0x7b, 0xff, 0xff, 0xd0, 0x75, 0xff, 0xff,
    0x00, 0x00, 0x00, 0x00, 0x00, 0x00, 0x00, 0x00, 0x00, 0x00, 0x00, 0x00,
    0x66, 0x69, 0x6e, 0x64, 0x65, 0x72, 0x50, 0x65, 0x6e, 0x61, 0x6c, 0x74,
    0x79, 0x43, 0x6f, 0x75, 0x6e, 0x74, 0x50, 0x61, 0x74, 0x74, 0x65, 0x72,
    0x6e, 0x73, 0x00, 0x00, 0x00, 0x00, 0x00, 0x00, 0x67, 0x65, 0x74, 0x50,
    0x65, 0x6e, 0x61, 0x6c, 0x74, 0x79, 0x53, 0x63, 0x6f, 0x72, 0x65, 0x00,
    0x64, 0x72, 0x61, 0x77, 0x43, 0x6f, 0x64, 0x65, 0x77, 0x6f, 0x72, 0x64,
    0x73, 0x00, 0x00, 0x00, 0x72, 0x65, 0x65, 0x64, 0x53, 0x6f, 0x6c, 0x6f,
    0x6d, 0x6f, 0x6e, 0x43, 0x6f, 0x6d, 0x70, 0x75, 0x74, 0x65, 0x44, 0x69,
    0x76, 0x69, 0x73, 0x6f, 0x72, 0x00, 0x00, 0x00, 0x00, 0x00, 0x00, 0x00,
    0x08, 0x00, 0x00, 0x00, 0x0a, 0x00, 0x00, 0x00, 0x0c, 0x00, 0x00, 0x00,
    0x00, 0x00, 0x00, 0x00, 0x08, 0x00, 0x00, 0x00, 0x10, 0x00, 0x00, 0x00,
    0x10, 0x00, 0x00, 0x00, 0x00, 0x00, 0x00, 0x00, 0x09, 0x00, 0x00, 0x00,
    0x0b, 0x00, 0x00, 0x00, 0x0d, 0x00, 0x00, 0x00, 0x00, 0x00, 0x00, 0x00,
    0x0a, 0x00, 0x00, 0x00, 0x0c, 0x00, 0x00, 0x00, 0x0e, 0x00, 0x00, 0x00,
    0x00, 0x00, 0x00, 0x00, 0x67, 0x65, 0x74, 0x54, 0x6f, 0x74, 0x61, 0x6c,
    0x42, 0x69, 0x74, 0x73, 0x00, 0x00, 0x00, 0x00, 0x71, 0x72, 0x63, 0x6f,
    0x64, 0x65, 0x67, 0x65, 0x6e, 0x5f, 0x65, 0x6e, 0x63, 0x6f, 0x64, 0x65,
    0x53, 0x65, 0x67, 0x6d, 0x65, 0x6e, 0x74, 0x73, 0x41, 0x64, 0x76, 0x61,
    0x6e, 0x63, 0x65, 0x64, 0x00, 0x00, 0x00, 0x00, 0x00, 0x00, 0x00, 0x00,
    0x00, 0x00, 0x00, 0x00, 0x00, 0x00, 0x00, 0x00, 0x73, 0x65, 0x74, 0x4d,
    0x6f, 0x64, 0x75, 0x6c, 0x65, 0x42, 0x6f, 0x75, 0x6e, 0x64, 0x65, 0x64,
    0x00, 0x00, 0x00, 0x00, 0x00, 0x00, 0x00, 0x00, 0x00, 0x00, 0x00, 0x00,
    0x00, 0x00, 0x00, 0x00, 0x67, 0x65, 0x74, 0x4d, 0x6f, 0x64, 0x75, 0x6c,
    0x65, 0x42, 0x6f, 0x75, 0x6e, 0x64, 0x65, 0x64, 0x00, 0x00, 0x00, 0x00,
    0x00, 0x00, 0x00, 0x00, 0x00, 0x00, 0x00, 0x00, 0x00, 0x00, 0x00, 0x00,
    0x61, 0x70, 0x70, 0x65, 0x6e, 0x64, 0x42, 0x69, 0x74, 0x73, 0x54, 0x6f,
    0x42, 0x75, 0x66, 0x66, 0x65, 0x72, 0x00, 0x00, 0x00, 0x00, 0x00, 0x00,
    0x00, 0x00, 0x00, 0x00, 0x00, 0x00, 0x00, 0x00, 0x6e, 0x75, 0x6d, 0x43,
    0x68, 0x61, 0x72, 0x43, 0x6f, 0x75, 0x6e, 0x74, 0x42, 0x69, 0x74, 0x73,
    0x00, 0x00, 0x00, 0x00, 0x00, 0x00, 0x00, 0x00, 0x00, 0x00, 0x00, 0x00,
    0x00, 0x00, 0x00, 0x00, 0x71, 0x72, 0x63, 0x6f, 0x64, 0x65, 0x67, 0x65,
    0x6e, 0x5f, 0x67, 0x65, 0x74, 0x53, 0x69, 0x7a, 0x65, 0x00, 0x00, 0x00,
    0x00, 0x00, 0x00, 0x00, 0x00, 0x00, 0x00, 0x00, 0x00, 0x00, 0x00, 0x00,
    0x01, 0x00, 0x00, 0x00, 0x00, 0x00, 0x00, 0x00, 0x03, 0x00, 0x00, 0x00,
    0x02, 0x00, 0x00, 0x00, 0x64, 0x72, 0x61, 0x77, 0x46, 0x6f, 0x72, 0x6d,
    0x61, 0x74, 0x42, 0x69, 0x74, 0x73, 0x00, 0x00, 0x67, 0x65, 0x74, 0x4e,
    0x75, 0x6d, 0x44, 0x61, 0x74, 0x61, 0x43, 0x6f, 0x64, 0x65, 0x77, 0x6f,
    0x72, 0x64, 0x73, 0x00, 0x00, 0x00, 0x00, 0x00, 0x00, 0x00, 0x00, 0x00,
    0x00, 0x00, 0x00, 0x00, 0x67, 0x65, 0x74, 0x4e, 0x75, 0x6d, 0x52, 0x61,
    0x77, 0x44, 0x61, 0x74, 0x61, 0x4d, 0x6f, 0x64, 0x75, 0x6c, 0x65, 0x73,
    0x00, 0x00, 0x00, 0x00, 0x00, 0x00, 0x00, 0x00, 0x00, 0x00, 0x00, 0x00,
    0x00, 0x00, 0x00, 0x00, 0x00, 0x00, 0x00, 0x00, 0x00, 0x00, 0x00, 0x00,
    0x00, 0x00, 0x00, 0x00, 0xff, 0x01, 0x01, 0x01, 0x01, 0x01, 0x02, 0x02,
    0x02, 0x02, 0x04, 0x04, 0x04, 0x04, 0x04, 0x06, 0x06, 0x06, 0x06, 0x07,
    0x08, 0x08, 0x09, 0x09, 0x0a, 0x0c, 0x0c, 0x0c, 0x0d, 0x0e, 0x0f, 0x10,
    0x11, 0x12, 0x13, 0x13, 0x14, 0x15, 0x16, 0x18, 0x19, 0xff, 0x01, 0x01,
    0x01, 0x02, 0x02, 0x04, 0x04, 0x04, 0x05, 0x05, 0x05, 0x08, 0x09, 0x09,
    0x0a, 0x0a, 0x0b, 0x0d, 0x0e, 0x10, 0x11, 0x11, 0x12, 0x14, 0x15, 0x17,
    0x19, 0x1a, 0x1c, 0x1d, 0x1f, 0x21, 0x23, 0x25, 0x26, 0x28, 0x2b, 0x2d,
    0x2f, 0x31, 0xff, 0x01, 0x01, 0x02, 0x02, 0x04, 0x04, 0x06, 0x06, 0x08,
    0x08, 0x08, 0x0a, 0x0c, 0x10, 0x0c, 0x11, 0x10, 0x12, 0x15, 0x14, 0x17,
    0x17, 0x19, 0x1b, 0x1d, 0x22, 0x22, 0x23, 0x26, 0x28, 0x2b, 0x2d, 0x30,
    0x33, 0x35, 0x38, 0x3b, 0x3e, 0x41, 0x44, 0xff, 0x01, 0x01, 0x02, 0x04,
    0x04, 0x04, 0x05, 0x06, 0x08, 0x08, 0x0b, 0x0b, 0x10, 0x10, 0x12, 0x10,
    0x13, 0x15, 0x19, 0x19, 0x19, 0x22, 0x1e, 0x20, 0x23, 0x25, 0x28, 0x2a,
    0x2d, 0x30, 0x33, 0x36, 0x39, 0x3c, 0x3f, 0x42, 0x46, 0x4a, 0x4d, 0x51,
    0x00, 0x00, 0x00, 0x00, 0x00, 0x00, 0x00, 0x00, 0x00, 0x00, 0x00, 0x00,
    0x00, 0x00, 0x00, 0x00, 0x00, 0x00, 0x00, 0x00, 0x00, 0x00, 0x00, 0x00,
    0x00, 0x00, 0x00, 0x00, 0xff, 0x07, 0x0a, 0x0f, 0x14, 0x1a, 0x12, 0x14,
    0x18, 0x1e, 0x12, 0x14, 0x18, 0x1a, 0x1e, 0x16, 0x18, 0x1c, 0x1e, 0x1c,
    0x1c, 0x1c, 0x1c, 0x1e, 0x1e, 0x1a, 0x1c, 0x1e, 0x1e, 0x1e, 0x1e, 0x1e,
    0x1e, 0x1e, 0x1e, 0x1e, 0x1e, 0x1e, 0x1e, 0x1e, 0x1e, 0xff, 0x0a, 0x10,
    0x1a, 0x12, 0x18, 0x10, 0x12, 0x16, 0x16, 0x1a, 0x1e, 0x16, 0x16, 0x18,
    0x18, 0x1c, 0x1c, 0x1a, 0x1a, 0x1a, 0x1a, 0x1c, 0x1c, 0x1c, 0x1c, 0x1c,
    0x1c, 0x1c, 0x1c, 0x1c, 0x1c, 0x1c, 0x1c, 0x1c, 0x1c, 0x1c, 0x1c, 0x1c,
    0x1c, 0x1c, 0xff, 0x0d, 0x16, 0x12, 0x1a, 0x12, 0x18, 0x12, 0x16, 0x14,
    0x18, 0x1c, 0x1a, 0x18, 0x14, 0x1e, 0x18, 0x1c, 0x1c, 0x1a, 0x1e, 0x1c,
    0x1e, 0x1e, 0x1e, 0x1e, 0x1c, 0x1e, 0x1e, 0x1e, 0x1e, 0x1e, 0x1e, 0x1e,
    0x1e, 0x1e, 0x1e, 0x1e, 0x1e, 0x1e, 0x1e, 0xff, 0x11, 0x1c, 0x16, 0x10,
    0x16, 0x1c, 0x1a, 0x1a, 0x18, 0x1c, 0x18, 0x1c, 0x16, 0x18, 0x18, 0x1e,
    0x1c, 0x1c, 0x1a, 0x1c, 0x1e, 0x18, 0x1e, 0x1e, 0x1e, 0x1e, 0x1e, 0x1e,
    0x1e, 0x1e, 0x1e, 0x1e, 0x1e, 0x1e, 0x1e, 0x1e, 0x1e, 0x1e, 0x1e, 0x1e,
    0x00, 0x00, 0x00, 0x00, 0x00, 0x00, 0x00, 0x00, 0x00, 0x00, 0x00, 0x00,
    0x0c, 0x00, 0x00, 0x00, 0x1b, 0x00, 0x00, 0x00, 0x2d, 0x00, 0x00, 0x00,
    0x3f, 0x00, 0x00, 0x00, 0x4e, 0x00, 0x00, 0x00, 0x5a, 0x00, 0x00, 0x00,
    0x64, 0x00, 0x00, 0x00, 0x00, 0x00, 0x00, 0x00, 0x71, 0x72, 0x63, 0x6f,
    0x64, 0x65, 0x67, 0x65, 0x6e, 0x5f, 0x6d, 0x61, 0x6b, 0x65, 0x41, 0x6c,
    0x70, 0x68, 0x61, 0x6e, 0x75, 0x6d, 0x65, 0x72, 0x69, 0x63, 0x00, 0x00,
    0x00, 0x00, 0x00, 0x00, 0x71, 0x72, 0x63, 0x6f, 0x64, 0x65, 0x67, 0x65,
    0x6e, 0x5f, 0x6d, 0x61, 0x6b, 0x65, 0x4e, 0x75, 0x6d, 0x65, 0x72, 0x69,
    0x63, 0x00, 0x00, 0x00, 0x00, 0x00, 0x00, 0x00, 0x00, 0x00, 0x00, 0x00,
    0xff, 0x00, 0xff, 0x00, 0xff, 0x00, 0xff, 0x00, 0xff, 0x00, 0xff, 0x00,
    0xff, 0x00, 0xff, 0x00, 0x01, 0x01, 0x01, 0x01, 0x01, 0x01, 0x01, 0x01,
    0x01, 0x01, 0x01, 0x01, 0x01, 0x01, 0x01, 0x01, 0x01, 0x1b, 0x03, 0x3b,
    0x6c, 0x01, 0x00, 0x00, 0x2c, 0x00, 0x00, 0x00, 0xb0, 0x29, 0xff, 0xff,
    0xa0, 0x01, 0x00, 0x00, 0x40, 0x2e, 0xff, 0xff, 0xc8, 0x01, 0x00, 0x00,
    0x50, 0x2e, 0xff, 0xff, 0xe0, 0x01, 0x00, 0x00, 0xd0, 0x32, 0xff, 0xff,
    0x84, 0x02, 0x00, 0x00, 0x0e, 0x33, 0xff, 0xff, 0xb4, 0x02, 0x00, 0x00,
    0x6b, 0x33, 0xff, 0xff, 0xc8, 0x02, 0x00, 0x00, 0x8d, 0x33, 0xff, 0xff,
    0xe4, 0x02, 0x00, 0x00, 0xaf, 0x33, 0xff, 0xff, 0x14, 0x03, 0x00, 0x00,
    0xb5, 0x33, 0xff, 0xff, 0x28, 0x03, 0x00, 0x00, 0xd7, 0x33, 0xff, 0xff,
    0x44, 0x03, 0x00, 0x00, 0xf9, 0x33, 0xff, 0xff, 0x60, 0x03, 0x00, 0x00,
    0x1b, 0x34, 0xff, 0xff, 0x90, 0x03, 0x00, 0x00, 0x21, 0x34, 0xff, 0xff,
    0xf0, 0x03, 0x00, 0x00, 0x4a, 0x34, 0xff, 0xff, 0x78, 0x04, 0x00, 0x00,
    0x54, 0x34, 0xff, 0xff, 0xe8, 0x04, 0x00, 0x00, 0x59, 0x34, 0xff, 0xff,
    0x30, 0x05, 0x00, 0x00, 0x7b, 0x34, 0xff, 0xff, 0x7c, 0x06, 0x00, 0x00,
    0x7b, 0x36, 0xff, 0xff, 0x84, 0x07, 0x00, 0x00, 0x4f, 0x37, 0xff, 0xff,
    0x38, 0x08, 0x00, 0x00, 0x60, 0x38, 0xff, 0xff, 0xb8, 0x08, 0x00, 0x00,
    0x60, 0x3b, 0xff, 0xff, 0x88, 0x01, 0x00, 0x00, 0x50, 0x3c, 0xff, 0xff,
    0xf8, 0x01, 0x00, 0x00, 0x90, 0x3d, 0xff, 0xff, 0x40, 0x02, 0x00, 0x00,
    0xc0, 0x3e, 0xff, 0xff, 0x54, 0x02, 0x00, 0x00, 0x40, 0x3f, 0xff, 0xff,
    0x68, 0x02, 0x00, 0x00, 0xc0, 0x3f, 0xff, 0xff, 0x98, 0x02, 0x00, 0x00,
    0x80, 0x40, 0xff, 0xff, 0x00, 0x03, 0x00, 0x00, 0x10, 0x44, 0xff, 0xff,
    0x7c, 0x03, 0x00, 0x00, 0x30, 0x44, 0xff, 0xff, 0xa4, 0x03, 0x00, 0x00,
    0xd0, 0x4d, 0xff, 0xff, 0x10, 0x04, 0x00, 0x00, 0x50, 0x57, 0xff, 0xff,
    0x98, 0x04, 0x00, 0x00, 0xe0, 0x68, 0xff, 0xff, 0x08, 0x05, 0x00, 0x00,
    0x30, 0x69, 0xff, 0xff, 0x48, 0x05, 0x00, 0x00, 0xb0, 0x69, 0xff, 0xff,
    0x6c, 0x05, 0x00, 0x00, 0x00, 0x6a, 0xff, 0xff, 0x90, 0x05, 0x00, 0x00,
    0xf0, 0x6d, 0xff, 0xff, 0xf8, 0x05, 0x00, 0x00, 0xb0, 0x6e, 0xff, 0xff,
    0x2c, 0x06, 0x00, 0x00, 0xd0, 0x9c, 0xff, 0xff, 0x9c, 0x06, 0x00, 0x00,
    0x50, 0x9e, 0xff, 0xff, 0xc8, 0x06, 0x00, 0x00, 0x90, 0x9e, 0xff, 0xff,
    0xe4, 0x06, 0x00, 0x00, 0xc0, 0x9e, 0xff, 0xff, 0x00, 0x07, 0x00, 0x00,
    0xe0, 0x9f, 0xff, 0xff, 0x2c, 0x07, 0x00, 0x00, 0x90, 0xaf, 0xff, 0xff,
    0xa4, 0x07, 0x00, 0x00, 0x40, 0xbe, 0xff, 0xff, 0x58, 0x08, 0x00, 0x00,
    0x00, 0x00, 0x00, 0x00, 0x14, 0x00, 0x00, 0x00, 0x00, 0x00, 0x00, 0x00,
    0x01, 0x7a, 0x52, 0x00, 0x01, 0x78, 0x10, 0x01, 0x1b, 0x0c, 0x07, 0x08,
    0x90, 0x01, 0x00, 0x00, 0x14, 0x00, 0x00, 0x00, 0x1c, 0x00, 0x00, 0x00,
    0xd0, 0x39, 0xff, 0xff, 0x26, 0x00, 0x00, 0x00, 0x00, 0x44, 0x07, 0x10,
    0x00, 0x00, 0x00, 0x00, 0x24, 0x00, 0x00, 0x00, 0x34, 0x00, 0x00, 0x00,
    0x08, 0x28, 0xff, 0xff, 0x90, 0x04, 0x00, 0x00, 0x00, 0x0e, 0x10, 0x46,
    0x0e, 0x18, 0x4a, 0x0f, 0x0b, 0x77, 0x08, 0x80, 0x00, 0x3f, 0x1a, 0x39,
    0x2a, 0x33, 0x24, 0x22, 0x00, 0x00, 0x00, 0x00, 0x14, 0x00, 0x00, 0x00,
    0x5c, 0x00, 0x00, 0x00, 0x70, 0x2c, 0xff, 0xff, 0x10, 0x00, 0x00, 0x00,
    0x00, 0x00, 0x00, 0x00, 0x00, 0x00, 0x00, 0x00, 0x14, 0x00, 0x00, 0x00,
    0x74, 0x00, 0x00, 0x00, 0x68, 0x2c, 0xff, 0xff, 0x80, 0x04, 0x00, 0x00,
    0x00, 0x00, 0x00, 0x00, 0x00, 0x00, 0x00, 0x00, 0x44, 0x00, 0x00, 0x00,
    0x8c, 0x00, 0x00, 0x00, 0x50, 0x3a, 0xff, 0xff, 0x3e, 0x01, 0x00, 0x00,
    0x00, 0x42, 0x0e, 0x10, 0x8f, 0x02, 0x44, 0x0e, 0x18, 0x8e, 0x03, 0x42,
    0x0e, 0x20, 0x8d, 0x04, 0x42, 0x0e, 0x28, 0x8c, 0x05, 0x41, 0x0e, 0x30,
    0x86, 0x06, 0x4f, 0x0e, 0x38, 0x83, 0x07, 0x02, 0xf5, 0x0a, 0x0e, 0x30,
    0x41, 0x0e, 0x28, 0x42, 0x0e, 0x20, 0x42, 0x0e, 0x18, 0x42, 0x0e, 0x10,
    0x42, 0x0e, 0x08, 0x48, 0x0b, 0x00, 0x00, 0x00, 0x10, 0x00, 0x00, 0x00,
    0xd4, 0x00, 0x00, 0x00, 0x48, 0x3b, 0xff, 0xff, 0x27, 0x01, 0x00, 0x00,
    0x00, 0x00, 0x00, 0x00, 0x10, 0x00, 0x00, 0x00, 0xe8, 0x00, 0x00, 0x00,
    0x64, 0x3c, 0xff, 0xff, 0x75, 0x00, 0x00, 0x00, 0x00, 0x00, 0x00, 0x00,
    0x18, 0x00, 0x00, 0x00, 0xfc, 0x00, 0x00, 0x00, 0xd0, 0x3c, 0xff, 0xff,
    0x72, 0x00, 0x00, 0x00, 0x00, 0x47, 0x0e, 0x10, 0x02, 0x63, 0x0a, 0x0e,
    0x08, 0x41, 0x0b, 0x00, 0x10, 0x00, 0x00, 0x00, 0x18, 0x01, 0x00, 0x00,
    0x44, 0x30, 0xff, 0xff, 0x3e, 0x00, 0x00, 0x00, 0x00, 0x0e, 0x10, 0x00,
    0x18, 0x00, 0x00, 0x00, 0x2c, 0x01, 0x00, 0x00, 0x20, 0x3d, 0xff, 0xff,
    0xb7, 0x00, 0x00, 0x00, 0x00, 0x44, 0x0e, 0x10, 0x02, 0xa2, 0x0a, 0x0e,
    0x08, 0x4a, 0x0b, 0x00, 0x10, 0x00, 0x00, 0x00, 0x48, 0x01, 0x00, 0x00,
    0x52, 0x30, 0xff, 0xff, 0x5d, 0x00, 0x00, 0x00, 0x00, 0x0e, 0x10, 0x00,
    0x18, 0x00, 0x00, 0x00, 0x5c, 0x01, 0x00, 0x00, 0x9b, 0x30, 0xff, 0xff,
    0x22, 0x00, 0x00, 0x00, 0x00, 0x41, 0x0e, 0x10, 0x41, 0x0e, 0x08, 0x5b,
    0x0e, 0x10, 0x00, 0x00, 0x18, 0x00, 0x00, 0x00, 0x78, 0x01, 0x00, 0x00,
    0xa1, 0x30, 0xff, 0xff, 0x22, 0x00, 0x00, 0x00, 0x00, 0x41, 0x0e, 0x10,
    0x41, 0x0e, 0x08, 0x5b, 0x0e, 0x10, 0x00, 0x00, 0x10, 0x00, 0x00, 0x00,
    0x94, 0x01, 0x00, 0x00, 0x78, 0x3d, 0xff, 0xff, 0x8e, 0x03, 0x00, 0x00,
    0x00, 0x00, 0x00, 0x00, 0x10, 0x00, 0x00, 0x00, 0xa8, 0x01, 0x00, 0x00,
    0x93, 0x30, 0xff, 0xff, 0x06, 0x00, 0x00, 0x00, 0x00, 0x41, 0x0e, 0x10,
    0x18, 0x00, 0x00, 0x00, 0xbc, 0x01, 0x00, 0x00, 0x85, 0x30, 0xff, 0xff,
    0x22, 0x00, 0x00, 0x00, 0x00, 0x41, 0x0e, 0x10, 0x41, 0x0e, 0x08, 0x5b,
    0x0e, 0x10, 0x00, 0x00, 0x18, 0x00, 0x00, 0x00, 0xd8, 0x01, 0x00, 0x00,
    0x8b, 0x30, 0xff, 0xff, 0x22, 0x00, 0x00, 0x00, 0x00, 0x41, 0x0e, 0x10,
    0x41, 0x0e, 0x08, 0x5b, 0x0e, 0x10, 0x00, 0x00, 0x18, 0x00, 0x00, 0x00,
    0xf4, 0x01, 0x00, 0x00, 0x91, 0x30, 0xff, 0xff, 0x22, 0x00, 0x00, 0x00,
    0x00, 0x41, 0x0e, 0x10, 0x41, 0x0e, 0x08, 0x5b, 0x0e, 0x10, 0x00, 0x00,
    0x10, 0x00, 0x00, 0x00, 0x10, 0x02, 0x00, 0x00, 0x8c, 0x40, 0xff, 0xff,
    0x13, 0x00, 0x00, 0x00, 0x00, 0x00, 0x00, 0x00, 0x10, 0x00, 0x00, 0x00,
    0x24, 0x02, 0x00, 0x00, 0x83, 0x30, 0xff, 0xff, 0x06, 0x00, 0x00, 0x00,
    0x00, 0x41, 0x0e, 0x10, 0x48, 0x00, 0x00, 0x00, 0x38, 0x02, 0x00, 0x00,
    0x84, 0x40, 0xff, 0xff, 0xa0, 0x09, 0x00, 0x00, 0x00, 0x42, 0x0e, 0x10,
    0x8f, 0x02, 0x4f, 0x0e, 0x18, 0x8e, 0x03, 0x42, 0x0e, 0x20, 0x8d, 0x04,
    0x42, 0x0e, 0x28, 0x8c, 0x05, 0x41, 0x0e, 0x30, 0x86, 0x06, 0x41, 0x0e,
    0x38, 0x83, 0x07, 0x44, 0x0e, 0x50, 0x03, 0x7a, 0x09, 0x0e, 0x38, 0x41,
    0x0e, 0x30, 0x41, 0x0e, 0x28, 0x42, 0x0e, 0x20, 0x42, 0x0e, 0x18, 0x42,
    0x0e, 0x10, 0x42, 0x0e, 0x08, 0x00, 0x00, 0x00, 0x1c, 0x00, 0x00, 0x00,
    0x84, 0x02, 0x00, 0x00, 0x29, 0x30, 0xff, 0xff, 0x29, 0x00, 0x00, 0x00,
    0x00, 0x0e, 0x50, 0x83, 0x07, 0x86, 0x06, 0x8c, 0x05, 0x8d, 0x04, 0x8e,
    0x03, 0x8f, 0x02, 0x00, 0x64, 0x00, 0x00, 0x00, 0xa4, 0x02, 0x00, 0x00,
    0xb8, 0x49, 0xff, 0xff, 0x80, 0x09, 0x00, 0x00, 0x00, 0x42, 0x0e, 0x10,
    0x8f, 0x02, 0x42, 0x0e, 0x18, 0x8e, 0x03, 0x42, 0x0e, 0x20, 0x8d, 0x04,
    0x42, 0x0e, 0x28, 0x8c, 0x05, 0x41, 0x0e, 0x30, 0x86, 0x06, 0x41, 0x0e,
    0x38, 0x83, 0x07, 0x44, 0x0e, 0x50, 0x03, 0xa5, 0x01, 0x0a, 0x0e, 0x38,
    0x41, 0x0e, 0x30, 0x41, 0x0e, 0x28, 0x42, 0x0e, 0x20, 0x42, 0x0e, 0x18,
    0x42, 0x0e, 0x10, 0x42, 0x0e, 0x08, 0x43, 0x0b, 0x03, 0x8b, 0x06, 0x0a,
    0x0e, 0x38, 0x41, 0x0e, 0x30, 0x41, 0x0e, 0x28, 0x42, 0x0e, 0x20, 0x42,
    0x0e, 0x18, 0x42, 0x0e, 0x10, 0x42, 0x0e, 0x08, 0x41, 0x0b, 0x00, 0x00,
    0x1c, 0x00, 0x00, 0x00, 0x0c, 0x03, 0x00, 0x00, 0xca, 0x2f, 0xff, 0xff,
    0x0a, 0x00, 0x00, 0x00, 0x00, 0x0e, 0x50, 0x83, 0x07, 0x86, 0x06, 0x8c,
    0x05, 0x8d, 0x04, 0x8e, 0x03, 0x8f, 0x02, 0x00, 0x4c, 0x00, 0x00, 0x00,
    0x2c, 0x03, 0x00, 0x00, 0xb0, 0x52, 0xff, 0xff, 0x86, 0x11, 0x00, 0x00,
    0x00, 0x42, 0x0e, 0x10, 0x8f, 0x02, 0x42, 0x0e, 0x18, 0x8e, 0x03, 0x42,
    0x0e, 0x20, 0x8d, 0x04, 0x4a, 0x0e, 0x28, 0x8c, 0x05, 0x45, 0x0e, 0x30,
    0x86, 0x06, 0x46, 0x0e, 0x38, 0x83, 0x07, 0x48, 0x0e, 0x90, 0x01, 0x03,
    0x36, 0x11, 0x0a, 0x0e, 0x38, 0x41, 0x0e, 0x30, 0x41, 0x0e, 0x28, 0x42,
    0x0e, 0x20, 0x42, 0x0e, 0x18, 0x42, 0x0e, 0x10, 0x42, 0x0e, 0x08, 0x41,
    0x0b, 0x00, 0x00, 0x00, 0x1c, 0x00, 0x00, 0x00, 0x7c, 0x03, 0x00, 0x00,
    0x64, 0x2f, 0xff, 0xff, 0x05, 0x00, 0x00, 0x00, 0x00, 0x0e, 0x90, 0x01,
    0x83, 0x07, 0x86, 0x06, 0x8c, 0x05, 0x8d, 0x04, 0x8e, 0x03, 0x8f, 0x02,
    0x24, 0x00, 0x00, 0x00, 0x9c, 0x03, 0x00, 0x00, 0xd0, 0x63, 0xff, 0xff,
    0x41, 0x00, 0x00, 0x00, 0x00, 0x41, 0x0e, 0x10, 0x86, 0x02, 0x47, 0x0e,
    0x18, 0x83, 0x03, 0x4b, 0x0e, 0x20, 0x6b, 0x0e, 0x18, 0x41, 0x0e, 0x10,
    0x41, 0x0e, 0x08, 0x00, 0x14, 0x00, 0x00, 0x00, 0xc4, 0x03, 0x00, 0x00,
    0x21, 0x2f, 0xff, 0xff, 0x22, 0x00, 0x00, 0x00, 0x00, 0x0e, 0x20, 0x83,
    0x03, 0x86, 0x02, 0x00, 0x20, 0x00, 0x00, 0x00, 0xdc, 0x03, 0x00, 0x00,
    0xe0, 0x63, 0xff, 0xff, 0x7a, 0x00, 0x00, 0x00, 0x00, 0x41, 0x0e, 0x10,
    0x83, 0x02, 0x44, 0x0e, 0x20, 0x74, 0x0a, 0x0e, 0x10, 0x41, 0x0e, 0x08,
    0x41, 0x0b, 0x00, 0x00, 0x20, 0x00, 0x00, 0x00, 0x00, 0x04, 0x00, 0x00,
    0x3c, 0x64, 0xff, 0xff, 0x48, 0x00, 0x00, 0x00, 0x00, 0x4f, 0x0e, 0x10,
    0x83, 0x02, 0x50, 0x0a, 0x0e, 0x08, 0x41, 0x0b, 0x63, 0x0e, 0x08, 0x41,
    0xc3, 0x00, 0x00, 0x00, 0x64, 0x00, 0x00, 0x00, 0x24, 0x04, 0x00, 0x00,
    0x68, 0x64, 0xff, 0xff, 0xef, 0x03, 0x00, 0x00, 0x00, 0x42, 0x0e, 0x10,
    0x8f, 0x02, 0x42, 0x0e, 0x18, 0x8e, 0x03, 0x42, 0x0e, 0x20, 0x8d, 0x04,
    0x42, 0x0e, 0x28, 0x8c, 0x05, 0x41, 0x0e, 0x30, 0x86, 0x06, 0x41, 0x0e,
    0x38, 0x83, 0x07, 0x44, 0x0e, 0x70, 0x03, 0xaa, 0x01, 0x0a, 0x0e, 0x38,
    0x41, 0x0e, 0x30, 0x41, 0x0e, 0x28, 0x42, 0x0e, 0x20, 0x42, 0x0e, 0x18,
    0x42, 0x0e, 0x10, 0x42, 0x0e, 0x08, 0x46, 0x0b, 0x03, 0x11, 0x02, 0x0a,
    0x0e, 0x38, 0x43, 0x0e, 0x30, 0x41, 0x0e, 0x28, 0x42, 0x0e, 0x20, 0x42,
    0x0e, 0x18, 0x42, 0x0e, 0x10, 0x42, 0x0e, 0x08, 0x45, 0x0b, 0x00, 0x00,
    0x30, 0x00, 0x00, 0x00, 0x8c, 0x04, 0x00, 0x00, 0xf0, 0x67, 0xff, 0xff,
    0xbb, 0x00, 0x00, 0x00, 0x00, 0x42, 0x0e, 0x10, 0x8c, 0x02, 0x41, 0x0e,
    0x18, 0x86, 0x03, 0x41, 0x0e, 0x20, 0x83, 0x04, 0x44, 0x0e, 0x30, 0x02,
    0x76, 0x0a, 0x0e, 0x20, 0x41, 0x0e, 0x18, 0x41, 0x0e, 0x10, 0x42, 0x0e,
    0x08, 0x41, 0x0b, 0x00, 0x4c, 0x00, 0x00, 0x00, 0xc0, 0x04, 0x00, 0x00,
    0x7c, 0x68, 0xff, 0xff, 0x1c, 0x2e, 0x00, 0x00, 0x00, 0x42, 0x0e, 0x10,
    0x8f, 0x02, 0x42, 0x0e, 0x18, 0x8e, 0x03, 0x42, 0x0e, 0x20, 0x8d, 0x04,
    0x42, 0x0e, 0x28, 0x8c, 0x05, 0x41, 0x0e, 0x30, 0x86, 0x06, 0x41, 0x0e,
    0x38, 0x83, 0x07, 0x47, 0x0e, 0x90, 0x03, 0x03, 0xf4, 0x02, 0x0a, 0x0e,
    0x38, 0x41, 0x0e, 0x30, 0x41, 0x0e, 0x28, 0x42, 0x0e, 0x20, 0x42, 0x0e,
    0x18, 0x42, 0x0e, 0x10, 0x42, 0x0e, 0x08, 0x41, 0x0b, 0x00, 0x00, 0x00,
    0x1c, 0x00, 0x00, 0x00, 0x10, 0x05, 0x00, 0x00, 0xf7, 0x2d, 0xff, 0xff,
    0x00, 0x02, 0x00, 0x00, 0x00, 0x0e, 0x90, 0x03, 0x83, 0x07, 0x86, 0x06,
    0x8c, 0x05, 0x8d, 0x04, 0x8e, 0x03, 0x8f, 0x02, 0x28, 0x00, 0x00, 0x00,
    0x30, 0x05, 0x00, 0x00, 0x2c, 0x96, 0xff, 0xff, 0x77, 0x01, 0x00, 0x00,
    0x00, 0x41, 0x0e, 0x10, 0x83, 0x02, 0x02, 0xa2, 0x0a, 0x0e, 0x08, 0x45,
    0x0b, 0x02, 0x4b, 0x0a, 0x0e, 0x08, 0x4d, 0x0b, 0x4b, 0x0a, 0x0e, 0x08,
    0x55, 0x0b, 0x00, 0x00, 0x18, 0x00, 0x00, 0x00, 0x5c, 0x05, 0x00, 0x00,
    0x80, 0x97, 0xff, 0xff, 0x3f, 0x00, 0x00, 0x00, 0x00, 0x47, 0x0e, 0x10,
    0x83, 0x02, 0x56, 0x0a, 0x0e, 0x08, 0x5b, 0x0b, 0x18, 0x00, 0x00, 0x00,
    0x78, 0x05, 0x00, 0x00, 0xa4, 0x97, 0xff, 0xff, 0x2b, 0x00, 0x00, 0x00,
    0x00, 0x41, 0x0e, 0x10, 0x83, 0x02, 0x56, 0x0e, 0x08, 0x00, 0x00, 0x00,
    0x28, 0x00, 0x00, 0x00, 0x94, 0x05, 0x00, 0x00, 0xb8, 0x97, 0xff, 0xff,
    0x13, 0x01, 0x00, 0x00, 0x00, 0x41, 0x0e, 0x10, 0x86, 0x02, 0x41, 0x0e,
    0x18, 0x83, 0x03, 0x4b, 0x0e, 0x80, 0x04, 0x02, 0xfe, 0x0a, 0x0e, 0x18,
    0x41, 0x0e, 0x10, 0x41, 0x0e, 0x08, 0x41, 0x0b, 0x54, 0x00, 0x00, 0x00,
    0xc0, 0x05, 0x00, 0x00, 0xac, 0x98, 0xff, 0xff, 0xaf, 0x0f, 0x00, 0x00,
    0x00, 0x42, 0x0e, 0x10, 0x8f, 0x02, 0x42, 0x0e, 0x18, 0x8e, 0x03, 0x42,
    0x0e, 0x20, 0x8d, 0x04, 0x42, 0x0e, 0x28, 0x8c, 0x05, 0x41, 0x0e, 0x30,
    0x86, 0x06, 0x41, 0x0e, 0x38, 0x83, 0x07, 0x47, 0x0e, 0xb8, 0x20, 0x4c,
    0x0e, 0xb8, 0x40, 0x4c, 0x0e, 0x80, 0x46, 0x03, 0xc8, 0x08, 0x0a, 0x0e,
    0x38, 0x41, 0x0e, 0x30, 0x41, 0x0e, 0x28, 0x42, 0x0e, 0x20, 0x42, 0x0e,
    0x18, 0x42, 0x0e, 0x10, 0x42, 0x0e, 0x08, 0x41, 0x0b, 0x00, 0x00, 0x00,
    0x1c, 0x00, 0x00, 0x00, 0x18, 0x06, 0x00, 0x00, 0xef, 0x2e, 0xff, 0xff,
    0xd4, 0x00, 0x00, 0x00, 0x00, 0x0e, 0x80, 0x46, 0x83, 0x07, 0x86, 0x06,
    0x8c, 0x05, 0x8d, 0x04, 0x8e, 0x03, 0x8f, 0x02, 0x90, 0x00, 0x00, 0x00,
    0x38, 0x06, 0x00, 0x00, 0xe4, 0xa7, 0xff, 0xff, 0xa4, 0x0e, 0x00, 0x00,
    0x00, 0x42, 0x0e, 0x10, 0x8f, 0x02, 0x49, 0x0e, 0x18, 0x8e, 0x03, 0x42,
    0x0e, 0x20, 0x8d, 0x04, 0x42, 0x0e, 0x28, 0x8c, 0x05, 0x41, 0x0e, 0x30,
    0x86, 0x06, 0x41, 0x0e, 0x38, 0x83, 0x07, 0x47, 0x0e, 0xf0, 0x06, 0x03,
    0xae, 0x03, 0x0e, 0xf8, 0x06, 0x41, 0x0e, 0x80, 0x07, 0x5c, 0x0e, 0xf8,
    0x06, 0x42, 0x0e, 0xf0, 0x06, 0x03, 0x0d, 0x02, 0x0e, 0xf8, 0x06, 0x47,
    0x0e, 0x80, 0x07, 0x64, 0x0e, 0xf8, 0x06, 0x41, 0x0e, 0xf0, 0x06, 0x02,
    0xca, 0x0e, 0xf8, 0x06, 0x42, 0x0e, 0x80, 0x07, 0x58, 0x0e, 0xf8, 0x06,
    0x42, 0x0e, 0xf0, 0x06, 0x03, 0x3a, 0x01, 0x0a, 0x0e, 0x38, 0x43, 0x0e,
    0x30, 0x41, 0x0e, 0x28, 0x42, 0x0e, 0x20, 0x42, 0x0e, 0x18, 0x42, 0x0e,
    0x10, 0x42, 0x0e, 0x08, 0x41, 0x0b, 0x03, 0x5d, 0x02, 0x0e, 0xf8, 0x06,
    0x47, 0x0e, 0x80, 0x07, 0x64, 0x0e, 0xf8, 0x06, 0x42, 0x0e, 0xf0, 0x06,
    0x1c, 0x00, 0x00, 0x00, 0xcc, 0x06, 0x00, 0x00, 0x0f, 0x2f, 0xff, 0xff,
    0x03, 0x01, 0x00, 0x00, 0x00, 0x0e, 0xf0, 0x06, 0x83, 0x07, 0x86, 0x06,
    0x8c, 0x05, 0x8d, 0x04, 0x8e, 0x03, 0x8f, 0x02, 0x5c, 0x00, 0x00, 0x00,
    0xec, 0x06, 0x00, 0x00, 0xe0, 0xb5, 0xff, 0xff, 0x85, 0x06, 0x00, 0x00,
    0x00, 0x42, 0x0e, 0x10, 0x8f, 0x02, 0x47, 0x0e, 0x18, 0x8e, 0x03, 0x42,
    0x0e, 0x20, 0x8d, 0x04, 0x42, 0x0e, 0x28, 0x8c, 0x05, 0x41, 0x0e, 0x30,
    0x86, 0x06, 0x41, 0x0e, 0x38, 0x83, 0x07, 0x47, 0x0e, 0x80, 0x0a, 0x03,
    0x37, 0x03, 0x0e, 0x88, 0x0a, 0x47, 0x0e, 0x90, 0x0a, 0x56, 0x0e, 0x88,
    0x0a, 0x41, 0x0e, 0x80, 0x0a, 0x02, 0xba, 0x0a, 0x0e, 0x38, 0x41, 0x0e,
    0x30, 0x41, 0x0e, 0x28, 0x42, 0x0e, 0x20, 0x42, 0x0e, 0x18, 0x42, 0x0e,
    0x10, 0x42, 0x0e, 0x08, 0x41, 0x0b, 0x00, 0x00, 0x48, 0x00, 0x00, 0x00,
    0x4c, 0x07, 0x00, 0x00, 0xa0, 0x2f, 0xff, 0xff, 0xf4, 0x02, 0x00, 0x00,
    0x00, 0x46, 0x0e, 0x10, 0x8f, 0x02, 0x42, 0x0e, 0x18, 0x8e, 0x03, 0x42,
    0x0e, 0x20, 0x8d, 0x04, 0x42, 0x0e, 0x28, 0x8c, 0x05, 0x44, 0x0e, 0x30,
    0x86, 0x06, 0x41, 0x0e, 0x38, 0x83, 0x07, 0x44, 0x0e, 0x60, 0x03, 0x3a,
    0x02, 0x0a, 0x0e, 0x38, 0x41, 0x0e, 0x30, 0x41, 0x0e, 0x28, 0x42, 0x0e,
    0x20, 0x42, 0x0e, 0x18, 0x42, 0x0e, 0x10, 0x42, 0x0e, 0x08, 0x41, 0x0b,
    0x00, 0x00, 0x00, 0x00, 0x04, 0x00, 0x00, 0x00, 0x10, 0x00, 0x00, 0x00,
    0x01, 0x00, 0x00, 0x00, 0x47, 0x4e, 0x55, 0x00, 0x00, 0x00, 0x00, 0x00,
    0x03, 0x00, 0x00, 0x00, 0x02, 0x00, 0x00, 0x00, 0x00, 0x00, 0x00, 0x00,
    0x04, 0x00, 0x00, 0x00, 0x60, 0x00, 0x00, 0x00, 0x7e, 0x1a, 0xfe, 0xca,
    0x46, 0x44, 0x4f, 0x00, 0x7b, 0x22, 0x74, 0x79, 0x70, 0x65, 0x22, 0x3a,
    0x22, 0x64, 0x65, 0x62, 0x22, 0x2c, 0x22, 0x6f, 0x73, 0x22, 0x3a, 0x22,
    0x75, 0x62, 0x75, 0x6e, 0x74, 0x75, 0x22, 0x2c, 0x22, 0x6e, 0x61, 0x6d,
    0x65, 0x22, 0x3a, 0x22, 0x67, 0x6c, 0x69, 0x62, 0x63, 0x22, 0x2c, 0x22,
    0x76, 0x65, 0x72, 0x73, 0x69, 0x6f, 0x6e, 0x22, 0x3a, 0x22, 0x32, 0x2e,
    0x34, 0x31, 0x2d, 0x36, 0x75, 0x62, 0x75, 0x6e, 0x74, 0x75, 0x31, 0x2e,
    0x32, 0x22, 0x2c, 0x22, 0x61, 0x72, 0x63, 0x68, 0x69, 0x74, 0x65, 0x63,
    0x74, 0x75, 0x72, 0x65, 0x22, 0x3a, 0x22, 0x61, 0x6d, 0x64, 0x36, 0x34,
    0x22, 0x7d, 0x00, 0x00, 0x00, 0x00, 0x00, 0x00, 0x00, 0x00, 0x00, 0x00,
    0x00, 0x00, 0x00, 0x00, 0x00, 0x00, 0x00, 0x00, 0x00, 0x00, 0x00, 0x00,
    0x00, 0x00, 0x00, 0x00, 0x00, 0x00, 0x00, 0x00, 0x00, 0x00, 0x00, 0x00,
    0x00, 0x00, 0x00, 0x00, 0x00, 0x00, 0x00, 0x00, 0x00, 0x00, 0x00, 0x00,
    0x00, 0x00, 0x00, 0x00, 0x00, 0x00, 0x00, 0x00, 0x00, 0x00, 0x00, 0x00,
    0x00, 0x00, 0x00, 0x00, 0x00, 0x00, 0x00, 0x00, 0x00, 0x00, 0x00, 0x00,
    0x00, 0x00, 0x00, 0x00, 0x00, 0x00, 0x00, 0x00, 0x00, 0x00, 0x00, 0x00,
    0x00, 0x00, 0x00, 0x00, 0x00, 0x00, 0x00, 0x00, 0x00, 0x00, 0x00, 0x00,
    0x00, 0x00, 0x00, 0x00, 0x00, 0x00, 0x00, 0x00, 0x00, 0x00, 0x00, 0x00,
    0x00, 0x00, 0x00, 0x00, 0x00, 0x00, 0x00, 0x00, 0x00, 0x00, 0x00, 0x00,
    0x00, 0x00, 0x00, 0x00, 0x00, 0x00, 0x00, 0x00, 0x00, 0x00, 0x00, 0x00,
    0x00, 0x00, 0x00, 0x00, 0x00, 0x00, 0x00, 0x00, 0x00, 0x00, 0x00, 0x00,
    0x00, 0x00, 0x00, 0x00, 0x00, 0x00, 0x00, 0x00, 0x00, 0x00, 0x00, 0x00,
    0x00, 0x00, 0x00, 0x00, 0x00, 0x00, 0x00, 0x00, 0x00, 0x00, 0x00, 0x00,
    0x00, 0x00, 0x00, 0x00, 0x00, 0x00, 0x00, 0x00, 0x00, 0x00, 0x00, 0x00,
    0x00, 0x00, 0x00, 0x00, 0x00, 0x00, 0x00, 0x00, 0x00, 0x00, 0x00, 0x00,
    0x00, 0x00, 0x00, 0x00, 0x00, 0x00, 0x00, 0x00, 0x00, 0x00, 0x00, 0x00,
    0x00, 0x00, 0x00, 0x00, 0x00, 0x00, 0x00, 0x00, 0x00, 0x00, 0x00, 0x00,
    0x00, 0x00, 0x00, 0x00, 0x00, 0x00, 0x00, 0x00, 0x00, 0x00, 0x00, 0x00,
    0x00, 0x00, 0x00, 0x00, 0x00, 0x00, 0x00, 0x00, 0x00, 0x00, 0x00, 0x00,
    0x00, 0x00, 0x00, 0x00, 0x00, 0x00, 0x00, 0x00, 0x00, 0x00, 0x00, 0x00,
    0x00, 0x00, 0x00, 0x00, 0x00, 0x00, 0x00, 0x00, 0x00, 0x00, 0x00, 0x00,
    0x00, 0x00, 0x00, 0x00, 0x00, 0x00, 0x00, 0x00, 0x00, 0x00, 0x00, 0x00,
    0x00, 0x00, 0x00, 0x00, 0x00, 0x00, 0x00, 0x00, 0x00, 0x00, 0x00, 0x00,
    0x00, 0x00, 0x00, 0x00, 0x00, 0x00, 0x00, 0x00, 0x00, 0x00, 0x00, 0x00,
    0x00, 0x00, 0x00, 0x00, 0x00, 0x00, 0x00, 0x00, 0x00, 0x00, 0x00, 0x00,
    0x00, 0x00, 0x00, 0x00, 0x00, 0x00, 0x00, 0x00, 0x00, 0x00, 0x00, 0x00,
    0x00, 0x00, 0x00, 0x00, 0x00, 0x00, 0x00, 0x00, 0x00, 0x00, 0x00, 0x00,
    0x00, 0x00, 0x00, 0x00, 0x00, 0x00, 0x00, 0x00, 0x00, 0x00, 0x00, 0x00,
    0x00, 0x00, 0x00, 0x00, 0x00, 0x00, 0x00, 0x00, 0x00, 0x00, 0x00, 0x00,
    0x00, 0x00, 0x00, 0x00, 0x00, 0x00, 0x00, 0x00, 0x00, 0x00, 0x00, 0x00,
    0x00, 0x00, 0x00, 0x00, 0x00, 0x00, 0x00, 0x00, 0x00, 0x00, 0x00, 0x00,
    0x00, 0x00, 0x00, 0x00, 0x00, 0x00, 0x00, 0x00, 0x00, 0x00, 0x00, 0x00,
    0x00, 0x00, 0x00, 0x00, 0x00, 0x00, 0x00, 0x00, 0x00, 0x00, 0x00, 0x00,
    0x00, 0x00, 0x00, 0x00, 0x00, 0x00, 0x00, 0x00, 0x00, 0x00, 0x00, 0x00,
    0x00, 0x00, 0x00, 0x00, 0x00, 0x00, 0x00, 0x00, 0x00, 0x00, 0x00, 0x00,
    0x00, 0x00, 0x00, 0x00, 0x00, 0x00, 0x00, 0x00, 0x00, 0x00, 0x00, 0x00,
    0x00, 0x00, 0x00, 0x00, 0x00, 0x00, 0x00, 0x00, 0x00, 0x00, 0x00, 0x00,
    0x00, 0x00, 0x00, 0x00, 0x00, 0x00, 0x00, 0x00, 0x00, 0x00, 0x00, 0x00,
    0x00, 0x00, 0x00, 0x00, 0x00, 0x00, 0x00, 0x00, 0x00, 0x00, 0x00, 0x00,
    0x00, 0x00, 0x00, 0x00, 0x00, 0x00, 0x00, 0x00, 0x00, 0x00, 0x00, 0x00,
    0x00, 0x00, 0x00, 0x00, 0x00, 0x00, 0x00, 0x00, 0x00, 0x00, 0x00, 0x00,
    0x00, 0x00, 0x00, 0x00, 0x00, 0x00, 0x00, 0x00, 0x00, 0x00, 0x00, 0x00,
    0x00, 0x00, 0x00, 0x00, 0x00, 0x00, 0x00, 0x00, 0x00, 0x00, 0x00, 0x00,
    0x00, 0x00, 0x00, 0x00, 0x00, 0x00, 0x00, 0x00, 0x00, 0x00, 0x00, 0x00,
    0x00, 0x00, 0x00, 0x00, 0x00, 0x00, 0x00, 0x00, 0x00, 0x00, 0x00, 0x00,
    0x00, 0x00, 0x00, 0x00, 0x00, 0x00, 0x00, 0x00, 0x00, 0x00, 0x00, 0x00,
    0x00, 0x00, 0x00, 0x00, 0x00, 0x00, 0x00, 0x00, 0x00, 0x00, 0x00, 0x00,
    0x00, 0x00, 0x00, 0x00, 0x00, 0x00, 0x00, 0x00, 0x00, 0x00, 0x00, 0x00,
    0x00, 0x00, 0x00, 0x00, 0x00, 0x00, 0x00, 0x00, 0x00, 0x00, 0x00, 0x00,
    0x00, 0x00, 0x00, 0x00, 0x00, 0x00, 0x00, 0x00, 0x00, 0x00, 0x00, 0x00,
    0x00, 0x00, 0x00, 0x00, 0x00, 0x00, 0x00, 0x00, 0x00, 0x00, 0x00, 0x00,
    0x00, 0x00, 0x00, 0x00, 0x00, 0x00, 0x00, 0x00, 0x00, 0x00, 0x00, 0x00,
    0x00, 0x00, 0x00, 0x00, 0x00, 0x00, 0x00, 0x00, 0x00, 0x00, 0x00, 0x00,
    0x00, 0x00, 0x00, 0x00, 0x00, 0x00, 0x00, 0x00, 0x00, 0x00, 0x00, 0x00,
    0x00, 0x00, 0x00, 0x00, 0x00, 0x00, 0x00, 0x00, 0x00, 0x00, 0x00, 0x00,
    0x00, 0x00, 0x00, 0x00, 0x00, 0x00, 0x00, 0x00, 0x00, 0x00, 0x00, 0x00,
    0x00, 0x00, 0x00, 0x00, 0x00, 0x00, 0x00, 0x00, 0x00, 0x00, 0x00, 0x00,
    0x00, 0x00, 0x00, 0x00, 0x00, 0x00, 0x00, 0x00, 0x00, 0x00, 0x00, 0x00,
    0x00, 0x00, 0x00, 0x00, 0x00, 0x00, 0x00, 0x00, 0x00, 0x00, 0x00, 0x00,
    0x00, 0x00, 0x00, 0x00, 0x00, 0x00, 0x00, 0x00, 0x00, 0x00, 0x00, 0x00,
    0x00, 0x00, 0x00, 0x00, 0x00, 0x00, 0x00, 0x00, 0x00, 0x00, 0x00, 0x00,
    0x00, 0x00, 0x00, 0x00, 0x00, 0x00, 0x00, 0x00, 0x00, 0x00, 0x00, 0x00,
    0x00, 0x00, 0x00, 0x00, 0x00, 0x00, 0x00, 0x00, 0x00, 0x00, 0x00, 0x00,
    0x00, 0x00, 0x00, 0x00, 0x00, 0x00, 0x00, 0x00, 0x00, 0x00, 0x00, 0x00,
    0x00, 0x00, 0x00, 0x00, 0x00, 0x00, 0x00, 0x00, 0x00, 0x00, 0x00, 0x00,
    0x00, 0x00, 0x00, 0x00, 0x00, 0x00, 0x00, 0x00, 0x00, 0x00, 0x00, 0x00,
    0x00, 0x00, 0x00, 0x00, 0x00, 0x00, 0x00, 0x00, 0x00, 0x00, 0x00, 0x00,
    0x00, 0x00, 0x00, 0x00, 0x00, 0x00, 0x00, 0x00, 0x00, 0x00, 0x00, 0x00,
    0x00, 0x00, 0x00, 0x00, 0x00, 0x00, 0x00, 0x00, 0x00, 0x00, 0x00, 0x00,
    0x00, 0x00, 0x00, 0x00, 0x00, 0x00, 0x00, 0x00, 0x00, 0x00, 0x00, 0x00,
    0x00, 0x00, 0x00, 0x00, 0x00, 0x00, 0x00, 0x00, 0x00, 0x00, 0x00, 0x00,
    0x00, 0x00, 0x00, 0x00, 0x00, 0x00, 0x00, 0x00, 0x00, 0x00, 0x00, 0x00,
    0x00, 0x00, 0x00, 0x00, 0x00, 0x00, 0x00, 0x00, 0x00, 0x00, 0x00, 0x00,
    0x00, 0x00, 0x00, 0x00, 0x00, 0x00, 0x00, 0x00, 0x00, 0x00, 0x00, 0x00,
    0x00, 0x00, 0x00, 0x00, 0x00, 0x00, 0x00, 0x00, 0x00, 0x00, 0x00, 0x00,
    0x00, 0x00, 0x00, 0x00, 0x00, 0x00, 0x00, 0x00, 0x00, 0x00, 0x00, 0x00,
    0x00, 0x00, 0x00, 0x00, 0x00, 0x00, 0x00, 0x00, 0x00, 0x00, 0x00, 0x00,
    0x00, 0x00, 0x00, 0x00, 0x00, 0x00, 0x00, 0x00, 0x00, 0x00, 0x00, 0x00,
    0x00, 0x00, 0x00, 0x00, 0x00, 0x00, 0x00, 0x00, 0x00, 0x00, 0x00, 0x00,
    0x00, 0x00, 0x00, 0x00, 0x00, 0x00, 0x00, 0x00, 0x00, 0x00, 0x00, 0x00,
    0x00, 0x00, 0x00, 0x00, 0x00, 0x00, 0x00, 0x00, 0x00, 0x00, 0x00, 0x00,
    0x00, 0x00, 0x00, 0x00, 0x00, 0x00, 0x00, 0x00, 0x00, 0x00, 0x00, 0x00,
    0x00, 0x00, 0x00, 0x00, 0x00, 0x00, 0x00, 0x00, 0x00, 0x00, 0x00, 0x00,
    0x00, 0x00, 0x00, 0x00, 0x00, 0x00, 0x00, 0x00, 0x00, 0x00, 0x00, 0x00,
    0x00, 0x00, 0x00, 0x00, 0x00, 0x00, 0x00, 0x00, 0x00, 0x00, 0x00, 0x00,
    0x00, 0x00, 0x00, 0x00, 0x00, 0x00, 0x00, 0x00, 0x00, 0x00, 0x00, 0x00,
    0x00, 0x00, 0x00, 0x00, 0x00, 0x00, 0x00, 0x00, 0x00, 0x00, 0x00, 0x00,
    0x00, 0x00, 0x00, 0x00, 0x00, 0x00, 0x00, 0x00, 0x00, 0x00, 0x00, 0x00,
    0x00, 0x00, 0x00, 0x00, 0x00, 0x00, 0x00, 0x00, 0x00, 0x00, 0x00, 0x00,
    0x00, 0x00, 0x00, 0x00, 0x00, 0x00, 0x00, 0x00, 0x00, 0x00, 0x00, 0x00,
    0x00, 0x00, 0x00, 0x00, 0x00, 0x00, 0x00, 0x00, 0x00, 0x00, 0x00, 0x00,
    0x00, 0x00, 0x00, 0x00, 0x00, 0x00, 0x00, 0x00, 0x00, 0x00, 0x00, 0x00,
    0x00, 0x00, 0x00, 0x00, 0x00, 0x00, 0x00, 0x00, 0x00, 0x00, 0x00, 0x00,
    0x00, 0x00, 0x00, 0x00, 0x00, 0x00, 0x00, 0x00, 0x00, 0x00, 0x00, 0x00,
    0x00, 0x00, 0x00, 0x00, 0x00, 0x00, 0x00, 0x00, 0x00, 0x00, 0x00, 0x00,
    0x00, 0x00, 0x00, 0x00, 0x00, 0x00, 0x00, 0x00, 0x00, 0x00, 0x00, 0x00,
    0x00, 0x00, 0x00, 0x00, 0x00, 0x00, 0x00, 0x00, 0x00, 0x00, 0x00, 0x00,
    0x00, 0x00, 0x00, 0x00, 0x00, 0x00, 0x00, 0x00, 0x00, 0x00, 0x00, 0x00,
    0x00, 0x00, 0x00, 0x00, 0x00, 0x00, 0x00, 0x00, 0x00, 0x00, 0x00, 0x00,
    0x00, 0x00, 0x00, 0x00, 0x00, 0x00, 0x00, 0x00, 0x00, 0x00, 0x00, 0x00,
    0x00, 0x00, 0x00, 0x00, 0x00, 0x00, 0x00, 0x00, 0x00, 0x00, 0x00, 0x00,
    0x00, 0x00, 0x00, 0x00, 0xb0, 0x42, 0x00, 0x00, 0x00, 0x00, 0x00, 0x00,
    0x70, 0x42, 0x00, 0x00, 0x00, 0x00, 0x00, 0x00, 0x18, 0xde, 0x00, 0x00,
    0x00, 0x00, 0x00, 0x00, 0x50, 0xde, 0x00, 0x00, 0x00, 0x00, 0x00, 0x00,
    0x88, 0xde, 0x00, 0x00, 0x00, 0x00, 0x00, 0x00, 0xd8, 0xde, 0x00, 0x00,
    0x00, 0x00, 0x00, 0x00, 0x18, 0xdf, 0x00, 0x00, 0x00, 0x00, 0x00, 0x00,
    0xee, 0xd3, 0x00, 0x00, 0x00, 0x00, 0x00, 0x00, 0x40, 0xdf, 0x00, 0x00,
    0x00, 0x00, 0x00, 0x00, 0x70, 0xdf, 0x00, 0x00, 0x00, 0x00, 0x00, 0x00,
    0xc0, 0xdf, 0x00, 0x00, 0x00, 0x00, 0x00, 0x00, 0x06, 0xd4, 0x00, 0x00,
    0x00, 0x00, 0x00, 0x00, 0x1a, 0xd4, 0x00, 0x00, 0x00, 0x00, 0x00, 0x00,
    0xe8, 0xdf, 0x00, 0x00, 0x00, 0x00, 0x00, 0x00, 0x28, 0xe0, 0x00, 0x00,
    0x00, 0x00, 0x00, 0x00, 0x70, 0xe0, 0x00, 0x00, 0x00, 0x00, 0x00, 0x00,
    0x2c, 0xd4, 0x00, 0x00, 0x00, 0x00, 0x00, 0x00, 0xa0, 0xe0, 0x00, 0x00,
    0x00, 0x00, 0x00, 0x00, 0xe0, 0xe0, 0x00, 0x00, 0x00, 0x00, 0x00, 0x00,
    0x49, 0xd4, 0x00, 0x00, 0x00, 0x00, 0x00, 0x00, 0x55, 0xd4, 0x00, 0x00,
    0x00, 0x00, 0x00, 0x00, 0x28, 0xe1, 0x00, 0x00, 0x00, 0x00, 0x00, 0x00,
    0x88, 0xe1, 0x00, 0x00, 0x00, 0x00, 0x00, 0x00, 0x61, 0xd4, 0x00, 0x00,
    0x00, 0x00, 0x00, 0x00, 0xd8, 0xe1, 0x00, 0x00, 0x00, 0x00, 0x00, 0x00,
    0x73, 0xd4, 0x00, 0x00, 0x00, 0x00, 0x00, 0x00, 0x8a, 0xd4, 0x00, 0x00,
    0x00, 0x00, 0x00, 0x00, 0x18, 0xe2, 0x00, 0x00, 0x00, 0x00, 0x00, 0x00,
    0x40, 0xe2, 0x00, 0x00, 0x00, 0x00, 0x00, 0x00, 0x78, 0xe2, 0x00, 0x00,
    0x00, 0x00, 0x00, 0x00, 0xa2, 0xd4, 0x00, 0x00, 0x00, 0x00, 0x00, 0x00,
    0xbe, 0xd4, 0x00, 0x00, 0x00, 0x00, 0x00, 0x00, 0xda, 0xd4, 0x00, 0x00,
    0x00, 0x00, 0x00, 0x00, 0xb8, 0xe2, 0x00, 0x00, 0x00, 0x00, 0x00, 0x00,
    0xf6, 0xd4, 0x00, 0x00, 0x00, 0x00, 0x00, 0x00, 0xf0, 0xe4, 0x00, 0x00,
    0x00, 0x00, 0x00, 0x00, 0x11, 0xd5, 0x00, 0x00, 0x00, 0x00, 0x00, 0x00,
    0x00, 0x00, 0x00, 0x00, 0x00, 0x00, 0x00, 0x00, 0x60, 0xe5, 0x00, 0x00,
    0x00, 0x00, 0x00, 0x00, 0xa0, 0xe5, 0x00, 0x00, 0x00, 0x00, 0x00, 0x00,
    0xd8, 0xe5, 0x00, 0x00, 0x00, 0x00, 0x00, 0x00, 0x38, 0xe6, 0x00, 0x00,
    0x00, 0x00, 0x00, 0x00, 0x88, 0xe6, 0x00, 0x00, 0x00, 0x00, 0x00, 0x00,
    0xb0, 0xe6, 0x00, 0x00, 0x00, 0x00, 0x00, 0x00, 0xd0, 0xe6, 0x00, 0x00,
    0x00, 0x00, 0x00, 0x00, 0x20, 0xe7, 0x00, 0x00, 0x00, 0x00, 0x00, 0x00,
    0x80, 0xe7, 0x00, 0x00, 0x00, 0x00, 0x00, 0x00, 0x22, 0xd5, 0x00, 0x00,
    0x00, 0x00, 0x00, 0x00, 0x3b, 0xd5, 0x00, 0x00, 0x00, 0x00, 0x00, 0x00,
    0xb0, 0xe7, 0x00, 0x00, 0x00, 0x00, 0x00, 0x00, 0xf8, 0xe7, 0x00, 0x00,
    0x00, 0x00, 0x00, 0x00, 0x50, 0xe8, 0x00, 0x00, 0x00, 0x00, 0x00, 0x00,
    0x88, 0xe8, 0x00, 0x00, 0x00, 0x00, 0x00, 0x00, 0xb8, 0xe8, 0x00, 0x00,
    0x00, 0x00, 0x00, 0x00, 0x18, 0xe9, 0x00, 0x00, 0x00, 0x00, 0x00, 0x00,
    0x4e, 0xd5, 0x00, 0x00, 0x00, 0x00, 0x00, 0x00, 0x5a, 0xd5, 0x00, 0x00,
    0x00, 0x00, 0x00, 0x00, 0x68, 0xe9, 0x00, 0x00, 0x00, 0x00, 0x00, 0x00,
    0xc8, 0xe9, 0x00, 0x00, 0x00, 0x00, 0x00, 0x00, 0x66, 0xd5, 0x00, 0x00,
    0x00, 0x00, 0x00, 0x00, 0x30, 0xea, 0x00, 0x00, 0x00, 0x00, 0x00, 0x00,
    0x7a, 0xd5, 0x00, 0x00, 0x00, 0x00, 0x00, 0x00, 0x78, 0xea, 0x00, 0x00,
    0x00, 0x00, 0x00, 0x00, 0xa0, 0xea, 0x00, 0x00, 0x00, 0x00, 0x00, 0x00,
    0xd0, 0xea, 0x00, 0x00, 0x00, 0x00, 0x00, 0x00, 0x08, 0xeb, 0x00, 0x00,
    0x00, 0x00, 0x00, 0x00, 0x48, 0xeb, 0x00, 0x00, 0x00, 0x00, 0x00, 0x00,
    0x68, 0xeb, 0x00, 0x00, 0x00, 0x00, 0x00, 0x00, 0x88, 0xeb, 0x00, 0x00,
    0x00, 0x00, 0x00, 0x00, 0xa8, 0xeb, 0x00, 0x00, 0x00, 0x00, 0x00, 0x00,
    0x97, 0xd5, 0x00, 0x00, 0x00, 0x00, 0x00, 0x00, 0x60, 0xee, 0x00, 0x00,
    0x00, 0x00, 0x00, 0x00, 0xe8, 0xee, 0x00, 0x00, 0x00, 0x00, 0x00, 0x00,
    0x00, 0x00, 0x00, 0x00, 0x00, 0x00, 0x00, 0x00, 0x10, 0xef, 0x00, 0x00,
    0x00, 0x00, 0x00, 0x00, 0x48, 0xef, 0x00, 0x00, 0x00, 0x00, 0x00, 0x00,
    0x70, 0xef, 0x00, 0x00, 0x00, 0x00, 0x00, 0x00, 0xb8, 0xef, 0x00, 0x00,
    0x00, 0x00, 0x00, 0x00, 0xf8, 0xef, 0x00, 0x00, 0x00, 0x00, 0x00, 0x00,
    0x20, 0xf0, 0x00, 0x00, 0x00, 0x00, 0x00, 0x00, 0xb5, 0xd5, 0x00, 0x00,
    0x00, 0x00, 0x00, 0x00, 0x50, 0xf0, 0x00, 0x00, 0x00, 0x00, 0x00, 0x00,
    0x90, 0xf0, 0x00, 0x00, 0x00, 0x00, 0x00, 0x00, 0xd1, 0xd5, 0x00, 0x00,
    0x00, 0x00, 0x00, 0x00, 0xe4, 0xd5, 0x00, 0x00, 0x00, 0x00, 0x00, 0x00,
    0xb8, 0xf0, 0x00, 0x00, 0x00, 0x00, 0x00, 0x00, 0xe8, 0xf0, 0x00, 0x00,
    0x00, 0x00, 0x00, 0x00, 0x28, 0xf1, 0x00, 0x00, 0x00, 0x00, 0x00, 0x00,
    0xf4, 0xd5, 0x00, 0x00, 0x00, 0x00, 0x00, 0x00, 0x50, 0xf1, 0x00, 0x00,
    0x00, 0x00, 0x00, 0x00, 0x88, 0xf1, 0x00, 0x00, 0x00, 0x00, 0x00, 0x00,
    0x0b, 0xd6, 0x00, 0x00, 0x00, 0x00, 0x00, 0x00, 0x17, 0xd6, 0x00, 0x00,
    0x00, 0x00, 0x00, 0x00, 0xd0, 0xf1, 0x00, 0x00, 0x00, 0x00, 0x00, 0x00,
    0x18, 0xf2, 0x00, 0x00, 0x00, 0x00, 0x00, 0x00, 0x23, 0xd6, 0x00, 0x00,
    0x00, 0x00, 0x00, 0x00, 0x60, 0xf2, 0x00, 0x00, 0x00, 0x00, 0x00, 0x00,
    0x35, 0xd6, 0x00, 0x00, 0x00, 0x00, 0x00, 0x00, 0x4f, 0xd6, 0x00, 0x00,
    0x00, 0x00, 0x00, 0x00, 0xa8, 0xf2, 0x00, 0x00, 0x00, 0x00, 0x00, 0x00,
    0x5c, 0xd6, 0x00, 0x00, 0x00, 0x00, 0x00, 0x00, 0xd0, 0xf2, 0x00, 0x00,
    0x00, 0x00, 0x00, 0x00, 0x77, 0xd6, 0x00, 0x00, 0x00, 0x00, 0x00, 0x00,
    0x93, 0xd6, 0x00, 0x00, 0x00, 0x00, 0x00, 0x00, 0xaf, 0xd6, 0x00, 0x00,
    0x00, 0x00, 0x00, 0x00, 0xf8, 0xf2, 0x00, 0x00, 0x00, 0x00, 0x00, 0x00,
    0xcb, 0xd6, 0x00, 0x00, 0x00, 0x00, 0x00, 0x00, 0xe8, 0xf4, 0x00, 0x00,
    0x00, 0x00, 0x00, 0x00, 0xdd, 0xd6, 0x00, 0x00, 0x00, 0x00, 0x00, 0x00,
    0x00, 0x00, 0x00, 0x00, 0x00, 0x00, 0x00, 0x00, 0x40, 0xf5, 0x00, 0x00,
    0x00, 0x00, 0x00, 0x00, 0x78, 0xf5, 0x00, 0x00, 0x00, 0x00, 0x00, 0x00,
    0xa0, 0xf5, 0x00, 0x00, 0x00, 0x00, 0x00, 0x00, 0xe8, 0xf5, 0x00, 0x00,
    0x00, 0x00, 0x00, 0x00, 0x28, 0xf6, 0x00, 0x00, 0x00, 0x00, 0x00, 0x00,
    0x50, 0xf6, 0x00, 0x00, 0x00, 0x00, 0x00, 0x00, 0xf3, 0xd6, 0x00, 0x00,
    0x00, 0x00, 0x00, 0x00, 0x80, 0xf6, 0x00, 0x00, 0x00, 0x00, 0x00, 0x00,
    0xc0, 0xf6, 0x00, 0x00, 0x00, 0x00, 0x00, 0x00, 0x0f, 0xd7, 0x00, 0x00,
    0x00, 0x00, 0x00, 0x00, 0x1c, 0xd7, 0x00, 0x00, 0x00, 0x00, 0x00, 0x00,
    0xe8, 0xf6, 0x00, 0x00, 0x00, 0x00, 0x00, 0x00, 0x18, 0xf7, 0x00, 0x00,
    0x00, 0x00, 0x00, 0x00, 0x58, 0xf7, 0x00, 0x00, 0x00, 0x00, 0x00, 0x00,
    0x2c, 0xd7, 0x00, 0x00, 0x00, 0x00, 0x00, 0x00, 0x80, 0xf7, 0x00, 0x00,
    0x00, 0x00, 0x00, 0x00, 0xb0, 0xf7, 0x00, 0x00, 0x00, 0x00, 0x00, 0x00,
    0x0b, 0xd6, 0x00, 0x00, 0x00, 0x00, 0x00, 0x00, 0x17, 0xd6, 0x00, 0x00,
    0x00, 0x00, 0x00, 0x00, 0xf8, 0xf7, 0x00, 0x00, 0x00, 0x00, 0x00, 0x00,
    0x40, 0xf8, 0x00, 0x00, 0x00, 0x00, 0x00, 0x00, 0x43, 0xd7, 0x00, 0x00,
    0x00, 0x00, 0x00, 0x00, 0x80, 0xf8, 0x00, 0x00, 0x00, 0x00, 0x00, 0x00,
    0x55, 0xd7, 0x00, 0x00, 0x00, 0x00, 0x00, 0x00, 0x6f, 0xd7, 0x00, 0x00,
    0x00, 0x00, 0x00, 0x00, 0xc8, 0xf8, 0x00, 0x00, 0x00, 0x00, 0x00, 0x00,
    0x7c, 0xd7, 0x00, 0x00, 0x00, 0x00, 0x00, 0x00, 0xf0, 0xf8, 0x00, 0x00,
    0x00, 0x00, 0x00, 0x00, 0x97, 0xd7, 0x00, 0x00, 0x00, 0x00, 0x00, 0x00,
    0xb3, 0xd7, 0x00, 0x00, 0x00, 0x00, 0x00, 0x00, 0xcf, 0xd7, 0x00, 0x00,
    0x00, 0x00, 0x00, 0x00, 0x18, 0xf9, 0x00, 0x00, 0x00, 0x00, 0x00, 0x00,
    0xeb, 0xd7, 0x00, 0x00, 0x00, 0x00, 0x00, 0x00, 0x00, 0xfb, 0x00, 0x00,
    0x00, 0x00, 0x00, 0x00, 0xfd, 0xd7, 0x00, 0x00, 0x00, 0x00, 0x00, 0x00,
    0x00, 0x00, 0x00, 0x00, 0x00, 0x00, 0x00, 0x00, 0x50, 0xfb, 0x00, 0x00,
    0x00, 0x00, 0x00, 0x00, 0x13, 0xd8, 0x00, 0x00, 0x00, 0x00, 0x00, 0x00,
    0x80, 0xfb, 0x00, 0x00, 0x00, 0x00, 0x00, 0x00, 0xc0, 0xfb, 0x00, 0x00,
    0x00, 0x00, 0x00, 0x00, 0x30, 0xd8, 0x00, 0x00, 0x00, 0x00, 0x00, 0x00,
    0x48, 0xd8, 0x00, 0x00, 0x00, 0x00, 0x00, 0x00, 0x61, 0xd8, 0x00, 0x00,
    0x00, 0x00, 0x00, 0x00, 0xf8, 0xfb, 0x00, 0x00, 0x00, 0x00, 0x00, 0x00,
    0x30, 0xfc, 0x00, 0x00, 0x00, 0x00, 0x00, 0x00, 0x7f, 0xd8, 0x00, 0x00,
    0x00, 0x00, 0x00, 0x00, 0x8d, 0xd8, 0x00, 0x00, 0x00, 0x00, 0x00, 0x00,
    0x60, 0xfc, 0x00, 0x00, 0x00, 0x00, 0x00, 0x00, 0x98, 0xfc, 0x00, 0x00,
    0x00, 0x00, 0x00, 0x00, 0xe0, 0xfc, 0x00, 0x00, 0x00, 0x00, 0x00, 0x00,
    0x9e, 0xd8, 0x00, 0x00, 0x00, 0x00, 0x00, 0x00, 0x10, 0xfd, 0x00, 0x00,
    0x00, 0x00, 0x00, 0x00, 0x48, 0xfd, 0x00, 0x00, 0x00, 0x00, 0x00, 0x00,
    0xb1, 0xd8, 0x00, 0x00, 0x00, 0x00, 0x00, 0x00, 0xbf, 0xd8, 0x00, 0x00,
    0x00, 0x00, 0x00, 0x00, 0x90, 0xfd, 0x00, 0x00, 0x00, 0x00, 0x00, 0x00,
    0xd0, 0xfd, 0x00, 0x00, 0x00, 0x00, 0x00, 0x00, 0xcd, 0xd8, 0x00, 0x00,
    0x00, 0x00, 0x00, 0x00, 0x08, 0xfe, 0x00, 0x00, 0x00, 0x00, 0x00, 0x00,
    0xdb, 0xd8, 0x00, 0x00, 0x00, 0x00, 0x00, 0x00, 0xf2, 0xd8, 0x00, 0x00,
    0x00, 0x00, 0x00, 0x00, 0x40, 0xfe, 0x00, 0x00, 0x00, 0x00, 0x00, 0x00,
    0x68, 0xfe, 0x00, 0x00, 0x00, 0x00, 0x00, 0x00, 0x90, 0xfe, 0x00, 0x00,
    0x00, 0x00, 0x00, 0x00, 0x03, 0xd9, 0x00, 0x00, 0x00, 0x00, 0x00, 0x00,
    0x1f, 0xd9, 0x00, 0x00, 0x00, 0x00, 0x00, 0x00, 0x3b, 0xd9, 0x00, 0x00,
    0x00, 0x00, 0x00, 0x00, 0xc0, 0xfe, 0x00, 0x00, 0x00, 0x00, 0x00, 0x00,
    0x57, 0xd9, 0x00, 0x00, 0x00, 0x00, 0x00, 0x00, 0x98, 0x00, 0x01, 0x00,
    0x00, 0x00, 0x00, 0x00, 0x6b, 0xd9, 0x00, 0x00, 0x00, 0x00, 0x00, 0x00,
    0x00, 0x00, 0x00, 0x00, 0x00, 0x00, 0x00, 0x00, 0x60, 0x29, 0x01, 0x00,
    0x00, 0x00, 0x00, 0x00, 0x40, 0x28, 0x01, 0x00, 0x00, 0x00, 0x00, 0x00,
    0x20, 0x27, 0x01, 0x00, 0x00, 0x00, 0x00, 0x00, 0x00, 0x26, 0x01, 0x00,
    0x00, 0x00, 0x00, 0x00, 0xe0, 0x24, 0x01, 0x00, 0x00, 0x00, 0x00, 0x00,
    0x00, 0x00, 0x00, 0x00, 0x00, 0x00, 0x00, 0x00, 0x00, 0x00, 0x00, 0x00,
    0x00, 0x00, 0x00, 0x00, 0x00, 0x00, 0x00, 0x00, 0x00, 0x00, 0x00, 0x00,
    0xc1, 0xd1, 0x00, 0x00, 0x00, 0x00, 0x00, 0x00, 0xdf, 0xd2, 0x00, 0x00,
    0x00, 0x00, 0x00, 0x00, 0xd9, 0xd2, 0x00, 0x00, 0x00, 0x00, 0x00, 0x00,
    0x82, 0xd1, 0x00, 0x00, 0x00, 0x00, 0x00, 0x00, 0x85, 0xd1, 0x00, 0x00,
    0x00, 0x00, 0x00, 0x00, 0x00, 0x00, 0x00, 0x00, 0x00, 0x00, 0x00, 0x00,
    0x00, 0x00, 0x00, 0x00, 0x00, 0x00, 0x00, 0x00, 0x00, 0x00, 0x00, 0x00,
    0x00, 0x00, 0x00, 0x00, 0xe8, 0x00, 0x01, 0x00, 0x00, 0x00, 0x00, 0x00,
    0x20, 0x01, 0x01, 0x00, 0x00, 0x00, 0x00, 0x00, 0x58, 0x01, 0x01, 0x00,
    0x00, 0x00, 0x00, 0x00, 0x98, 0x01, 0x01, 0x00, 0x00, 0x00, 0x00, 0x00,
    0xc8, 0x01, 0x01, 0x00, 0x00, 0x00, 0x00, 0x00, 0x00, 0x00, 0x00, 0x00,
    0x00, 0x00, 0x00, 0x00, 0x01, 0x00, 0x00, 0x00, 0x00, 0x00, 0x00, 0x00,
    0xdc, 0x03, 0x00, 0x00, 0x00, 0x00, 0x00, 0x00, 0x01, 0x00, 0x00, 0x00,
    0x00, 0x00, 0x00, 0x00, 0xe8, 0x03, 0x00, 0x00, 0x00, 0x00, 0x00, 0x00,
    0x01, 0x00, 0x00, 0x00, 0x00, 0x00, 0x00, 0x00, 0xf9, 0x03, 0x00, 0x00,
    0x00, 0x00, 0x00, 0x00, 0x01, 0x00, 0x00, 0x00, 0x00, 0x00, 0x00, 0x00,
    0x09, 0x04, 0x00, 0x00, 0x00, 0x00, 0x00, 0x00, 0x01, 0x00, 0x00, 0x00,
    0x00, 0x00, 0x00, 0x00, 0x1c, 0x04, 0x00, 0x00, 0x00, 0x00, 0x00, 0x00,
    0x0c, 0x00, 0x00, 0x00, 0x00, 0x00, 0x00, 0x00, 0x00, 0x30, 0x00, 0x00,
    0x00, 0x00, 0x00, 0x00, 0x0d, 0x00, 0x00, 0x00, 0x00, 0x00, 0x00, 0x00,
    0x38, 0xcb, 0x00, 0x00, 0x00, 0x00, 0x00, 0x00, 0x19, 0x00, 0x00, 0x00,
    0x00, 0x00, 0x00, 0x00, 0xd0, 0x24, 0x01, 0x00, 0x00, 0x00, 0x00, 0x00,
    0x1b, 0x00, 0x00, 0x00, 0x00, 0x00, 0x00, 0x00, 0x08, 0x00, 0x00, 0x00,
    0x00, 0x00, 0x00, 0x00, 0x1a, 0x00, 0x00, 0x00, 0x00, 0x00, 0x00, 0x00,
    0xd8, 0x24, 0x01, 0x00, 0x00, 0x00, 0x00, 0x00, 0x1c, 0x00, 0x00, 0x00,
    0x00, 0x00, 0x00, 0x00, 0x08, 0x00, 0x00, 0x00, 0x00, 0x00, 0x00, 0x00,
    0xf5, 0xfe, 0xff, 0x6f, 0x00, 0x00, 0x00, 0x00, 0xc0, 0x03, 0x00, 0x00,
    0x00, 0x00, 0x00, 0x00, 0x05, 0x00, 0x00, 0x00, 0x00, 0x00, 0x00, 0x00,
    0x50, 0x0b, 0x00, 0x00, 0x00, 0x00, 0x00, 0x00, 0x06, 0x00, 0x00, 0x00,
    0x00, 0x00, 0x00, 0x00, 0xe8, 0x03, 0x00, 0x00, 0x00, 0x00, 0x00, 0x00,
    0x0a, 0x00, 0x00, 0x00, 0x00, 0x00, 0x00, 0x00, 0x62, 0x04, 0x00, 0x00,
    0x00, 0x00, 0x00, 0x00, 0x0b, 0x00, 0x00, 0x00, 0x00, 0x00, 0x00, 0x00,
    0x18, 0x00, 0x00, 0x00, 0x00, 0x00, 0x00, 0x00, 0x15, 0x00, 0x00, 0x00,
    0x00, 0x00, 0x00, 0x00, 0x00, 0x00, 0x00, 0x00, 0x00, 0x00, 0x00, 0x00,
    0x03, 0x00, 0x00, 0x00, 0x00, 0x00, 0x00, 0x00, 0x60, 0x2d, 0x01, 0x00,
    0x00, 0x00, 0x00, 0x00, 0x02, 0x00, 0x00, 0x00, 0x00, 0x00, 0x00, 0x00,
    0xc0, 0x06, 0x00, 0x00, 0x00, 0x00, 0x00, 0x00, 0x14, 0x00, 0x00, 0x00,
    0x00, 0x00, 0x00, 0x00, 0x07, 0x00, 0x00, 0x00, 0x00, 0x00, 0x00, 0x00,
    0x17, 0x00, 0x00, 0x00, 0x00, 0x00, 0x00, 0x00, 0x68, 0x23, 0x00, 0x00,
    0x00, 0x00, 0x00, 0x00, 0x07, 0x00, 0x00, 0x00, 0x00, 0x00, 0x00, 0x00,
    0xc0, 0x10, 0x00, 0x00, 0x00, 0x00, 0x00, 0x00, 0x08, 0x00, 0x00, 0x00,
    0x00, 0x00, 0x00, 0x00, 0xa8, 0x12, 0x00, 0x00, 0x00, 0x00, 0x00, 0x00,
    0x09, 0x00, 0x00, 0x00, 0x00, 0x00, 0x00, 0x00, 0x18, 0x00, 0x00, 0x00,
    0x00, 0x00, 0x00, 0x00, 0x1e, 0x00, 0x00, 0x00, 0x00, 0x00, 0x00, 0x00,
    0x08, 0x00, 0x00, 0x00, 0x00, 0x00, 0x00, 0x00, 0xfb, 0xff, 0xff, 0x6f,
    0x00, 0x00, 0x00, 0x00, 0x01, 0x00, 0x00, 0x08, 0x00, 0x00, 0x00, 0x00,
    0xfe, 0xff, 0xff, 0x6f, 0x00, 0x00, 0x00, 0x00, 0x50, 0x10, 0x00, 0x00,
    0x00, 0x00, 0x00, 0x00, 0xff, 0xff, 0xff, 0x6f, 0x00, 0x00, 0x00, 0x00,
    0x02, 0x00, 0x00, 0x00, 0x00, 0x00, 0x00, 0x00, 0xf0, 0xff, 0xff, 0x6f,
    0x00, 0x00, 0x00, 0x00, 0xb2, 0x0f, 0x00, 0x00, 0x00, 0x00, 0x00, 0x00,
    0xf9, 0xff, 0xff, 0x6f, 0x00, 0x00, 0x00, 0x00, 0xc1, 0x00, 0x00, 0x00,
    0x00, 0x00, 0x00, 0x00, 0x00, 0x00, 0x00, 0x00, 0x00, 0x00, 0x00, 0x00,
    0x00, 0x00, 0x00, 0x00, 0x00, 0x00, 0x00, 0x00, 0x00, 0x00, 0x00, 0x00,
    0x00, 0x00, 0x00, 0x00, 0x00, 0x00, 0x00, 0x00, 0x00, 0x00, 0x00, 0x00,
    0x00, 0x00, 0x00, 0x00, 0x00, 0x00, 0x00, 0x00, 0x00, 0x00, 0x00, 0x00,
    0x00, 0x00, 0x00, 0x00, 0x00, 0x00, 0x00, 0x00, 0x00, 0x00, 0x00, 0x00,
    0x00, 0x00, 0x00, 0x00, 0x00, 0x00, 0x00, 0x00, 0x00, 0x00, 0x00, 0x00,
    0x00, 0x00, 0x00, 0x00, 0x00, 0x00, 0x00, 0x00, 0x00, 0x00, 0x00, 0x00,
    0x30, 0x2b, 0x01, 0x00, 0x00, 0x00, 0x00, 0x00, 0x00, 0x00, 0x00, 0x00,
    0x00, 0x00, 0x00, 0x00, 0x00, 0x00, 0x00, 0x00, 0x00, 0x00, 0x00, 0x00,
    0x30, 0x30, 0x00, 0x00, 0x00, 0x00, 0x00, 0x00, 0x40, 0x30, 0x00, 0x00,
    0x00, 0x00, 0x00, 0x00, 0x50, 0x30, 0x00, 0x00, 0x00, 0x00, 0x00, 0x00,
    0x60, 0x30, 0x00, 0x00, 0x00, 0x00, 0x00, 0x00, 0x70, 0x30, 0x00, 0x00,
    0x00, 0x00, 0x00, 0x00, 0x80, 0x30, 0x00, 0x00, 0x00, 0x00, 0x00, 0x00,
    0x90, 0x30, 0x00, 0x00, 0x00, 0x00, 0x00, 0x00, 0xa0, 0x30, 0x00, 0x00,
    0x00, 0x00, 0x00, 0x00, 0xb0, 0x30, 0x00, 0x00, 0x00, 0x00, 0x00, 0x00,
    0xc0, 0x30, 0x00, 0x00, 0x00, 0x00, 0x00, 0x00, 0xd0, 0x30, 0x00, 0x00,
    0x00, 0x00, 0x00, 0x00, 0xe0, 0x30, 0x00, 0x00, 0x00, 0x00, 0x00, 0x00,
    0xf0, 0x30, 0x00, 0x00, 0x00, 0x00, 0x00, 0x00, 0x00, 0x31, 0x00, 0x00,
    0x00, 0x00, 0x00, 0x00, 0x10, 0x31, 0x00, 0x00, 0x00, 0x00, 0x00, 0x00,
    0x20, 0x31, 0x00, 0x00, 0x00, 0x00, 0x00, 0x00, 0x30, 0x31, 0x00, 0x00,
    0x00, 0x00, 0x00, 0x00, 0x40, 0x31, 0x00, 0x00, 0x00, 0x00, 0x00, 0x00,
    0x50, 0x31, 0x00, 0x00, 0x00, 0x00, 0x00, 0x00, 0x60, 0x31, 0x00, 0x00,
    0x00, 0x00, 0x00, 0x00, 0x70, 0x31, 0x00, 0x00, 0x00, 0x00, 0x00, 0x00,
    0x80, 0x31, 0x00, 0x00, 0x00, 0x00, 0x00, 0x00, 0x90, 0x31, 0x00, 0x00,
    0x00, 0x00, 0x00, 0x00, 0xa0, 0x31, 0x00, 0x00, 0x00, 0x00, 0x00, 0x00,
    0xb0, 0x31, 0x00, 0x00, 0x00, 0x00, 0x00, 0x00, 0xc0, 0x31, 0x00, 0x00,
    0x00, 0x00, 0x00, 0x00, 0xd0, 0x31, 0x00, 0x00, 0x00, 0x00, 0x00, 0x00,
    0xe0, 0x31, 0x00, 0x00, 0x00, 0x00, 0x00, 0x00, 0xf0, 0x31, 0x00, 0x00,
    0x00, 0x00, 0x00, 0x00, 0x00, 0x32, 0x00, 0x00, 0x00, 0x00, 0x00, 0x00,
    0x10, 0x32, 0x00, 0x00, 0x00, 0x00, 0x00, 0x00, 0x20, 0x32, 0x00, 0x00,
    0x00, 0x00, 0x00, 0x00, 0x30, 0x32, 0x00, 0x00, 0x00, 0x00, 0x00, 0x00,
    0x40, 0x32, 0x00, 0x00, 0x00, 0x00, 0x00, 0x00, 0x50, 0x32, 0x00, 0x00,
    0x00, 0x00, 0x00, 0x00, 0x60, 0x32, 0x00, 0x00, 0x00, 0x00, 0x00, 0x00,
    0x70, 0x32, 0x00, 0x00, 0x00, 0x00, 0x00, 0x00, 0x80, 0x32, 0x00, 0x00,
    0x00, 0x00, 0x00, 0x00, 0x90, 0x32, 0x00, 0x00, 0x00, 0x00, 0x00, 0x00,
    0xa0, 0x32, 0x00, 0x00, 0x00, 0x00, 0x00, 0x00, 0xb0, 0x32, 0x00, 0x00,
    0x00, 0x00, 0x00, 0x00, 0xc0, 0x32, 0x00, 0x00, 0x00, 0x00, 0x00, 0x00,
    0xd0, 0x32, 0x00, 0x00, 0x00, 0x00, 0x00, 0x00, 0xe0, 0x32, 0x00, 0x00,
    0x00, 0x00, 0x00, 0x00, 0xf0, 0x32, 0x00, 0x00, 0x00, 0x00, 0x00, 0x00,
    0x00, 0x33, 0x00, 0x00, 0x00, 0x00, 0x00, 0x00, 0x10, 0x33, 0x00, 0x00,
    0x00, 0x00, 0x00, 0x00, 0x20, 0x33, 0x00, 0x00, 0x00, 0x00, 0x00, 0x00,
    0x30, 0x33, 0x00, 0x00, 0x00, 0x00, 0x00, 0x00, 0x40, 0x33, 0x00, 0x00,
    0x00, 0x00, 0x00, 0x00, 0x50, 0x33, 0x00, 0x00, 0x00, 0x00, 0x00, 0x00,
    0x60, 0x33, 0x00, 0x00, 0x00, 0x00, 0x00, 0x00, 0x70, 0x33, 0x00, 0x00,
    0x00, 0x00, 0x00, 0x00, 0x80, 0x33, 0x00, 0x00, 0x00, 0x00, 0x00, 0x00,
    0x90, 0x33, 0x00, 0x00, 0x00, 0x00, 0x00, 0x00, 0xa0, 0x33, 0x00, 0x00,
    0x00, 0x00, 0x00, 0x00, 0xb0, 0x33, 0x00, 0x00, 0x00, 0x00, 0x00, 0x00,
    0xc0, 0x33, 0x00, 0x00, 0x00, 0x00, 0x00, 0x00, 0xd0, 0x33, 0x00, 0x00,
    0x00, 0x00, 0x00, 0x00, 0xe0, 0x33, 0x00, 0x00, 0x00, 0x00, 0x00, 0x00,
    0xf0, 0x33, 0x00, 0x00, 0x00, 0x00, 0x00, 0x00, 0x00, 0x34, 0x00, 0x00,
    0x00, 0x00, 0x00, 0x00, 0x10, 0x34, 0x00, 0x00, 0x00, 0x00, 0x00, 0x00,
    0x20, 0x34, 0x00, 0x00, 0x00, 0x00, 0x00, 0x00, 0x30, 0x34, 0x00, 0x00,
    0x00, 0x00, 0x00, 0x00, 0x40, 0x34, 0x00, 0x00, 0x00, 0x00, 0x00, 0x00,
    0x50, 0x34, 0x00, 0x00, 0x00, 0x00, 0x00, 0x00, 0x60, 0x34, 0x00, 0x00,
    0x00, 0x00, 0x00, 0x00, 0x70, 0x34, 0x00, 0x00, 0x00, 0x00, 0x00, 0x00,
    0x80, 0x34, 0x00, 0x00, 0x00, 0x00, 0x00, 0x00, 0x90, 0x34, 0x00, 0x00,
    0x00, 0x00, 0x00, 0x00, 0xa0, 0x34, 0x00, 0x00, 0x00, 0x00, 0x00, 0x00,
    0x00, 0x00, 0x00, 0x00, 0x00, 0x00, 0x00, 0x00, 0x00, 0x00, 0x00, 0x00,
    0x00, 0x00, 0x00, 0x00, 0x00, 0x00, 0x00, 0x00, 0x00, 0x00, 0x00, 0x00,
    0x00, 0x00, 0x00, 0x00, 0x00, 0x00, 0x00, 0x00, 0x00, 0x00, 0x00, 0x00,
    0x00, 0x00, 0x00, 0x00, 0x00, 0x00, 0x00, 0x00, 0x00, 0x00, 0x00, 0x00,
    0x00, 0x00, 0x00, 0x00, 0x00, 0x00, 0x00, 0x00, 0x00, 0x00, 0x00, 0x00,
    0x00, 0x00, 0x00, 0x00, 0x00, 0x00, 0x00, 0x00, 0x00, 0x00, 0x00, 0x00,
    0x00, 0x00, 0x00, 0x00, 0x00, 0x00, 0x00, 0x00, 0x08, 0x30, 0x01, 0x00,
    0x00, 0x00, 0x00, 0x00, 0x47, 0x43, 0x43, 0x3a, 0x20, 0x28, 0x55, 0x62,
    0x75, 0x6e, 0x74, 0x75, 0x20, 0x31, 0x34, 0x2e, 0x32, 0x2e, 0x30, 0x2d,
    0x31, 0x39, 0x75, 0x62, 0x75, 0x6e, 0x74, 0x75, 0x32, 0x29, 0x20, 0x31,
    0x34, 0x2e, 0x32, 0x2e, 0x30, 0x00, 0x00, 0x00, 0x00, 0x00, 0x00, 0x00,
    0x00, 0x00, 0x00, 0x00, 0x00, 0x00, 0x00, 0x00, 0x00, 0x00, 0x00, 0x00,
    0x00, 0x00, 0x00, 0x00, 0x00, 0x00, 0x00, 0x00, 0x01, 0x00, 0x00, 0x00,
    0x04, 0x00, 0xf1, 0xff, 0x00, 0x00, 0x00, 0x00, 0x00, 0x00, 0x00, 0x00,
    0x00, 0x00, 0x00, 0x00, 0x00, 0x00, 0x00, 0x00, 0x09, 0x00, 0x00, 0x00,
    0x01, 0x00, 0x14, 0x00, 0x78, 0x0f, 0x01, 0x00, 0x00, 0x00, 0x00, 0x00,
    0x20, 0x00, 0x00, 0x00, 0x00, 0x00, 0x00, 0x00, 0x00, 0x00, 0x00, 0x00,
    0x04, 0x00, 0xf1, 0xff, 0x00, 0x00, 0x00, 0x00, 0x00, 0x00, 0x00, 0x00,
    0x00, 0x00, 0x00, 0x00, 0x00, 0x00, 0x00, 0x00, 0x13, 0x00, 0x00, 0x00,
    0x02, 0x00, 0x0f, 0x00, 0xc0, 0x42, 0x00, 0x00, 0x00, 0x00, 0x00, 0x00,
    0x3e, 0x01, 0x00, 0x00, 0x00, 0x00, 0x00, 0x00, 0x24, 0x00, 0x00, 0x00,
    0x02, 0x00, 0x0f, 0x00, 0x00, 0x44, 0x00, 0x00, 0x00, 0x00, 0x00, 0x00,
    0x27, 0x01, 0x00, 0x00, 0x00, 0x00, 0x00, 0x00, 0x30, 0x00, 0x00, 0x00,
    0x02, 0x00, 0x0f, 0x00, 0x30, 0x45, 0x00, 0x00, 0x00, 0x00, 0x00, 0x00,
    0x75, 0x00, 0x00, 0x00, 0x00, 0x00, 0x00, 0x00, 0x4d, 0x00, 0x00, 0x00,
    0x02, 0x00, 0x0f, 0x00, 0xb0, 0x45, 0x00, 0x00, 0x00, 0x00, 0x00, 0x00,
    0x72, 0x00, 0x00, 0x00, 0x00, 0x00, 0x00, 0x00, 0x62, 0x00, 0x00, 0x00,
    0x02, 0x00, 0x0f, 0x00, 0x40, 0x39, 0x00, 0x00, 0x00, 0x00, 0x00, 0x00,
    0x3e, 0x00, 0x00, 0x00, 0x00, 0x00, 0x00, 0x00, 0x7c, 0x00, 0x00, 0x00,
    0x01, 0x00, 0x11, 0x00, 0x50, 0x04, 0x01, 0x00, 0x00, 0x00, 0x00, 0x00,
    0x15, 0x00, 0x00, 0x00, 0x00, 0x00, 0x00, 0x00, 0x93, 0x00, 0x00, 0x00,
    0x02, 0x00, 0x0f, 0x00, 0x30, 0x46, 0x00, 0x00, 0x00, 0x00, 0x00, 0x00,
    0xb7, 0x00, 0x00, 0x00, 0x00, 0x00, 0x00, 0x00, 0xa7, 0x00, 0x00, 0x00,
    0x01, 0x00, 0x11, 0x00, 0x40, 0x05, 0x01, 0x00, 0x00, 0x00, 0x00, 0x00,
    0xa4, 0x00, 0x00, 0x00, 0x00, 0x00, 0x00, 0x00, 0xbf, 0x00, 0x00, 0x00,
    0x01, 0x00, 0x11, 0x00, 0x80, 0x04, 0x01, 0x00, 0x00, 0x00, 0x00, 0x00,
    0xa4, 0x00, 0x00, 0x00, 0x00, 0x00, 0x00, 0x00, 0xdb, 0x00, 0x00, 0x00,
    0x02, 0x00, 0x0f, 0x00, 0x7e, 0x39, 0x00, 0x00, 0x00, 0x00, 0x00, 0x00,
    0x5d, 0x00, 0x00, 0x00, 0x00, 0x00, 0x00, 0x00, 0xf4, 0x00, 0x00, 0x00,
    0x01, 0x00, 0x11, 0x00, 0x30, 0x04, 0x01, 0x00, 0x00, 0x00, 0x00, 0x00,
    0x14, 0x00, 0x00, 0x00, 0x00, 0x00, 0x00, 0x00, 0x0b, 0x01, 0x00, 0x00,
    0x02, 0x00, 0x0f, 0x00, 0xdb, 0x39, 0x00, 0x00, 0x00, 0x00, 0x00, 0x00,
    0x22, 0x00, 0x00, 0x00, 0x00, 0x00, 0x00, 0x00, 0x23, 0x01, 0x00, 0x00,
    0x01, 0x00, 0x11, 0x00, 0xd0, 0x03, 0x01, 0x00, 0x00, 0x00, 0x00, 0x00,
    0x11, 0x00, 0x00, 0x00, 0x00, 0x00, 0x00, 0x00, 0x3a, 0x01, 0x00, 0x00,
    0x02, 0x00, 0x0f, 0x00, 0xfd, 0x39, 0x00, 0x00, 0x00, 0x00, 0x00, 0x00,
    0x22, 0x00, 0x00, 0x00, 0x00, 0x00, 0x00, 0x00, 0x54, 0x01, 0x00, 0x00,
    0x01, 0x00, 0x11, 0x00, 0xb0, 0x03, 0x01, 0x00, 0x00, 0x00, 0x00, 0x00,
    0x13, 0x00, 0x00, 0x00, 0x00, 0x00, 0x00, 0x00, 0x6b, 0x01, 0x00, 0x00,
    0x02, 0x00, 0x0f, 0x00, 0xf0, 0x46, 0x00, 0x00, 0x00, 0x00, 0x00, 0x00,
    0x8e, 0x03, 0x00, 0x00, 0x00, 0x00, 0x00, 0x00, 0x7e, 0x01, 0x00, 0x00,
    0x02, 0x00, 0x0f, 0x00, 0x1f, 0x3a, 0x00, 0x00, 0x00, 0x00, 0x00, 0x00,
    0x06, 0x00, 0x00, 0x00, 0x00, 0x00, 0x00, 0x00, 0x96, 0x01, 0x00, 0x00,
    0x02, 0x00, 0x0f, 0x00, 0x25, 0x3a, 0x00, 0x00, 0x00, 0x00, 0x00, 0x00,
    0x22, 0x00, 0x00, 0x00, 0x00, 0x00, 0x00, 0x00, 0xae, 0x01, 0x00, 0x00,
    0x01, 0x00, 0x11, 0x00, 0x90, 0x03, 0x01, 0x00, 0x00, 0x00, 0x00, 0x00,
    0x11, 0x00, 0x00, 0x00, 0x00, 0x00, 0x00, 0x00, 0xc5, 0x01, 0x00, 0x00,
    0x02, 0x00, 0x0f, 0x00, 0x47, 0x3a, 0x00, 0x00, 0x00, 0x00, 0x00, 0x00,
    0x22, 0x00, 0x00, 0x00, 0x00, 0x00, 0x00, 0x00, 0xdd, 0x01, 0x00, 0x00,
    0x01, 0x00, 0x11, 0x00, 0x70, 0x03, 0x01, 0x00, 0x00, 0x00, 0x00, 0x00,
    0x11, 0x00, 0x00, 0x00, 0x00, 0x00, 0x00, 0x00, 0xf4, 0x01, 0x00, 0x00,
    0x02, 0x00, 0x0f, 0x00, 0x69, 0x3a, 0x00, 0x00, 0x00, 0x00, 0x00, 0x00,
    0x22, 0x00, 0x00, 0x00, 0x00, 0x00, 0x00, 0x00, 0x0d, 0x02, 0x00, 0x00,
    0x01, 0x00, 0x11, 0x00, 0xf0, 0x03, 0x01, 0x00, 0x00, 0x00, 0x00, 0x00,
    0x12, 0x00, 0x00, 0x00, 0x00, 0x00, 0x00, 0x00, 0x23, 0x02, 0x00, 0x00,
    0x02, 0x00, 0x0f, 0x00, 0x80, 0x4a, 0x00, 0x00, 0x00, 0x00, 0x00, 0x00,
    0x13, 0x00, 0x00, 0x00, 0x00, 0x00, 0x00, 0x00, 0x35, 0x02, 0x00, 0x00,
    0x02, 0x00, 0x0f, 0x00, 0x8b, 0x3a, 0x00, 0x00, 0x00, 0x00, 0x00, 0x00,
    0x06, 0x00, 0x00, 0x00, 0x00, 0x00, 0x00, 0x00, 0x4c, 0x02, 0x00, 0x00,
    0x02, 0x00, 0x0f, 0x00, 0xa0, 0x4a, 0x00, 0x00, 0x00, 0x00, 0x00, 0x00,
    0xa0, 0x09, 0x00, 0x00, 0x00, 0x00, 0x00, 0x00, 0x5b, 0x02, 0x00, 0x00,
    0x01, 0x00, 0x11, 0x00, 0x10, 0x04, 0x01, 0x00, 0x00, 0x00, 0x00, 0x00,
    0x10, 0x00, 0x00, 0x00, 0x00, 0x00, 0x00, 0x00, 0x63, 0x02, 0x00, 0x00,
    0x02, 0x00, 0x0f, 0x00, 0x91, 0x3a, 0x00, 0x00, 0x00, 0x00, 0x00, 0x00,
    0x29, 0x00, 0x00, 0x00, 0x00, 0x00, 0x00, 0x00, 0x77, 0x02, 0x00, 0x00,
    0x01, 0x00, 0x11, 0x00, 0x20, 0x04, 0x01, 0x00, 0x00, 0x00, 0x00, 0x00,
    0x0f, 0x00, 0x00, 0x00, 0x00, 0x00, 0x00, 0x00, 0x8e, 0x02, 0x00, 0x00,
    0x02, 0x00, 0x0f, 0x00, 0x40, 0x54, 0x00, 0x00, 0x00, 0x00, 0x00, 0x00,
    0x80, 0x09, 0x00, 0x00, 0x00, 0x00, 0x00, 0x00, 0x98, 0x02, 0x00, 0x00,
    0x02, 0x00, 0x0f, 0x00, 0xba, 0x3a, 0x00, 0x00, 0x00, 0x00, 0x00, 0x00,
    0x0a, 0x00, 0x00, 0x00, 0x00, 0x00, 0x00, 0x00, 0xa7, 0x02, 0x00, 0x00,
    0x02, 0x00, 0x0f, 0x00, 0xc0, 0x5d, 0x00, 0x00, 0x00, 0x00, 0x00, 0x00,
    0x86, 0x11, 0x00, 0x00, 0x00, 0x00, 0x00, 0x00, 0xc1, 0x02, 0x00, 0x00,
    0x02, 0x00, 0x0f, 0x00, 0xc4, 0x3a, 0x00, 0x00, 0x00, 0x00, 0x00, 0x00,
    0x05, 0x00, 0x00, 0x00, 0x00, 0x00, 0x00, 0x00, 0xe0, 0x02, 0x00, 0x00,
    0x02, 0x00, 0x0f, 0x00, 0x50, 0x6f, 0x00, 0x00, 0x00, 0x00, 0x00, 0x00,
    0x41, 0x00, 0x00, 0x00, 0x00, 0x00, 0x00, 0x00, 0xed, 0x02, 0x00, 0x00,
    0x02, 0x00, 0x0f, 0x00, 0xc9, 0x3a, 0x00, 0x00, 0x00, 0x00, 0x00, 0x00,
    0x22, 0x00, 0x00, 0x00, 0x00, 0x00, 0x00, 0x00, 0xff, 0x02, 0x00, 0x00,
    0x02, 0x00, 0x0f, 0x00, 0xa0, 0x6f, 0x00, 0x00, 0x00, 0x00, 0x00, 0x00,
    0x7a, 0x00, 0x00, 0x00, 0x00, 0x00, 0x00, 0x00, 0x09, 0x03, 0x00, 0x00,
    0x02, 0x00, 0x0f, 0x00, 0x20, 0x70, 0x00, 0x00, 0x00, 0x00, 0x00, 0x00,
    0x48, 0x00, 0x00, 0x00, 0x00, 0x00, 0x00, 0x00, 0x17, 0x03, 0x00, 0x00,
    0x02, 0x00, 0x0f, 0x00, 0x70, 0x70, 0x00, 0x00, 0x00, 0x00, 0x00, 0x00,
    0xef, 0x03, 0x00, 0x00, 0x00, 0x00, 0x00, 0x00, 0x39, 0x03, 0x00, 0x00,
    0x02, 0x00, 0x0f, 0x00, 0x60, 0x74, 0x00, 0x00, 0x00, 0x00, 0x00, 0x00,
    0xbb, 0x00, 0x00, 0x00, 0x00, 0x00, 0x00, 0x00, 0x54, 0x03, 0x00, 0x00,
    0x02, 0x00, 0x0f, 0x00, 0x20, 0x75, 0x00, 0x00, 0x00, 0x00, 0x00, 0x00,
    0x1c, 0x2e, 0x00, 0x00, 0x00, 0x00, 0x00, 0x00, 0x81, 0x03, 0x00, 0x00,
    0x01, 0x00, 0x11, 0x00, 0xf0, 0x02, 0x01, 0x00, 0x00, 0x00, 0x00, 0x00,
    0x0c, 0x00, 0x00, 0x00, 0x00, 0x00, 0x00, 0x00, 0x89, 0x03, 0x00, 0x00,
    0x01, 0x00, 0x11, 0x00, 0x00, 0x03, 0x01, 0x00, 0x00, 0x00, 0x00, 0x00,
    0x0c, 0x00, 0x00, 0x00, 0x00, 0x00, 0x00, 0x00, 0x91, 0x03, 0x00, 0x00,
    0x01, 0x00, 0x11, 0x00, 0x10, 0x03, 0x01, 0x00, 0x00, 0x00, 0x00, 0x00,
    0x0c, 0x00, 0x00, 0x00, 0x00, 0x00, 0x00, 0x00, 0x99, 0x03, 0x00, 0x00,
    0x01, 0x00, 0x11, 0x00, 0x20, 0x03, 0x01, 0x00, 0x00, 0x00, 0x00, 0x00,
    0x0c, 0x00, 0x00, 0x00, 0x00, 0x00, 0x00, 0x00, 0xa1, 0x03, 0x00, 0x00,
    0x02, 0x00, 0x0f, 0x00, 0xeb, 0x3a, 0x00, 0x00, 0x00, 0x00, 0x00, 0x00,
    0x00, 0x02, 0x00, 0x00, 0x00, 0x00, 0x00, 0x00, 0xd3, 0x03, 0x00, 0x00,
    0x01, 0x00, 0x11, 0x00, 0x40, 0x03, 0x01, 0x00, 0x00, 0x00, 0x00, 0x00,
    0x21, 0x00, 0x00, 0x00, 0x00, 0x00, 0x00, 0x00, 0xea, 0x03, 0x00, 0x00,
    0x01, 0x00, 0x11, 0x00, 0xb0, 0x02, 0x01, 0x00, 0x00, 0x00, 0x00, 0x00,
    0x10, 0x00, 0x00, 0x00, 0x00, 0x00, 0x00, 0x00, 0x01, 0x04, 0x00, 0x00,
    0x01, 0x00, 0x11, 0x00, 0x90, 0x02, 0x01, 0x00, 0x00, 0x00, 0x00, 0x00,
    0x1b, 0x00, 0x00, 0x00, 0x00, 0x00, 0x00, 0x00, 0x18, 0x04, 0x00, 0x00,
    0x01, 0x00, 0x11, 0x00, 0xd0, 0x02, 0x01, 0x00, 0x00, 0x00, 0x00, 0x00,
    0x1a, 0x00, 0x00, 0x00, 0x00, 0x00, 0x00, 0x00, 0x2f, 0x04, 0x00, 0x00,
    0x01, 0x00, 0x11, 0x00, 0xc0, 0x02, 0x01, 0x00, 0x00, 0x00, 0x00, 0x00,
    0x0e, 0x00, 0x00, 0x00, 0x00, 0x00, 0x00, 0x00, 0x46, 0x04, 0x00, 0x00,
    0x01, 0x00, 0x11, 0x00, 0x30, 0x03, 0x01, 0x00, 0x00, 0x00, 0x00, 0x00,
    0x0d, 0x00, 0x00, 0x00, 0x00, 0x00, 0x00, 0x00, 0x5d, 0x04, 0x00, 0x00,
    0x02, 0x00, 0x0f, 0x00, 0x40, 0xa3, 0x00, 0x00, 0x00, 0x00, 0x00, 0x00,
    0x77, 0x01, 0x00, 0x00, 0x00, 0x00, 0x00, 0x00, 0x6e, 0x04, 0x00, 0x00,
    0x01, 0x00, 0x1c, 0x00, 0x14, 0x30, 0x01, 0x00, 0x00, 0x00, 0x00, 0x00,
    0x04, 0x00, 0x00, 0x00, 0x00, 0x00, 0x00, 0x00, 0x75, 0x04, 0x00, 0x00,
    0x01, 0x00, 0x1c, 0x00, 0x18, 0x30, 0x01, 0x00, 0x00, 0x00, 0x00, 0x00,
    0x04, 0x00, 0x00, 0x00, 0x00, 0x00, 0x00, 0x00, 0x7e, 0x04, 0x00, 0x00,
    0x02, 0x00, 0x0f, 0x00, 0xc0, 0xa4, 0x00, 0x00, 0x00, 0x00, 0x00, 0x00,
    0x3f, 0x00, 0x00, 0x00, 0x00, 0x00, 0x00, 0x00, 0x86, 0x04, 0x00, 0x00,
    0x01, 0x00, 0x18, 0x00, 0x80, 0x2a, 0x01, 0x00, 0x00, 0x00, 0x00, 0x00,
    0x28, 0x00, 0x00, 0x00, 0x00, 0x00, 0x00, 0x00, 0x8c, 0x04, 0x00, 0x00,
    0x02, 0x00, 0x0f, 0x00, 0x00, 0xa5, 0x00, 0x00, 0x00, 0x00, 0x00, 0x00,
    0x2b, 0x00, 0x00, 0x00, 0x00, 0x00, 0x00, 0x00, 0x92, 0x04, 0x00, 0x00,
    0x02, 0x00, 0x0f, 0x00, 0x30, 0xa5, 0x00, 0x00, 0x00, 0x00, 0x00, 0x00,
    0x13, 0x01, 0x00, 0x00, 0x00, 0x00, 0x00, 0x00, 0x9c, 0x04, 0x00, 0x00,
    0x02, 0x00, 0x0f, 0x00, 0x50, 0xa6, 0x00, 0x00, 0x00, 0x00, 0x00, 0x00,
    0xaf, 0x0f, 0x00, 0x00, 0x00, 0x00, 0x00, 0x00, 0xa8, 0x04, 0x00, 0x00,
    0x02, 0x00, 0x0f, 0x00, 0xeb, 0x3c, 0x00, 0x00, 0x00, 0x00, 0x00, 0x00,
    0xd4, 0x00, 0x00, 0x00, 0x00, 0x00, 0x00, 0x00, 0xb9, 0x04, 0x00, 0x00,
    0x01, 0x00, 0x11, 0x00, 0x30, 0x06, 0x01, 0x00, 0x00, 0x00, 0x00, 0x00,
    0x16, 0x00, 0x00, 0x00, 0x00, 0x00, 0x00, 0x00, 0xcf, 0x04, 0x00, 0x00,
    0x01, 0x00, 0x11, 0x00, 0x10, 0x06, 0x01, 0x00, 0x00, 0x00, 0x00, 0x00,
    0x1b, 0x00, 0x00, 0x00, 0x00, 0x00, 0x00, 0x00, 0xe5, 0x04, 0x00, 0x00,
    0x02, 0x00, 0x0f, 0x00, 0x00, 0xb6, 0x00, 0x00, 0x00, 0x00, 0x00, 0x00,
    0xa4, 0x0e, 0x00, 0x00, 0x00, 0x00, 0x00, 0x00, 0xef, 0x04, 0x00, 0x00,
    0x01, 0x00, 0x1c, 0x00, 0x1c, 0x30, 0x01, 0x00, 0x00, 0x00, 0x00, 0x00,
    0x04, 0x00, 0x00, 0x00, 0x00, 0x00, 0x00, 0x00, 0xfb, 0x04, 0x00, 0x00,
    0x01, 0x00, 0x11, 0x00, 0xf0, 0x05, 0x01, 0x00, 0x00, 0x00, 0x00, 0x00,
    0x1c, 0x00, 0x00, 0x00, 0x00, 0x00, 0x00, 0x00, 0x03, 0x05, 0x00, 0x00,
    0x01, 0x00, 0x18, 0x00, 0xc0, 0x2a, 0x01, 0x00, 0x00, 0x00, 0x00, 0x00,
    0x28, 0x00, 0x00, 0x00, 0x00, 0x00, 0x00, 0x00, 0x0e, 0x05, 0x00, 0x00,
    0x01, 0x00, 0x18, 0x00, 0x00, 0x2b, 0x01, 0x00, 0x00, 0x00, 0x00, 0x00,
    0x30, 0x00, 0x00, 0x00, 0x00, 0x00, 0x00, 0x00, 0x1d, 0x05, 0x00, 0x00,
    0x02, 0x00, 0x0f, 0x00, 0xbf, 0x3d, 0x00, 0x00, 0x00, 0x00, 0x00, 0x00,
    0x03, 0x01, 0x00, 0x00, 0x00, 0x00, 0x00, 0x00, 0x2c, 0x05, 0x00, 0x00,
    0x02, 0x00, 0x0f, 0x00, 0xb0, 0xc4, 0x00, 0x00, 0x00, 0x00, 0x00, 0x00,
    0x85, 0x06, 0x00, 0x00, 0x00, 0x00, 0x00, 0x00, 0x38, 0x05, 0x00, 0x00,
    0x01, 0x00, 0x18, 0x00, 0xe0, 0x24, 0x01, 0x00, 0x00, 0x00, 0x00, 0x00,
    0x18, 0x01, 0x00, 0x00, 0x00, 0x00, 0x00, 0x00, 0x40, 0x05, 0x00, 0x00,
    0x01, 0x00, 0x18, 0x00, 0x00, 0x26, 0x01, 0x00, 0x00, 0x00, 0x00, 0x00,
    0x18, 0x01, 0x00, 0x00, 0x00, 0x00, 0x00, 0x00, 0x48, 0x05, 0x00, 0x00,
    0x01, 0x00, 0x18, 0x00, 0x20, 0x27, 0x01, 0x00, 0x00, 0x00, 0x00, 0x00,
    0x18, 0x01, 0x00, 0x00, 0x00, 0x00, 0x00, 0x00, 0x53, 0x05, 0x00, 0x00,
    0x01, 0x00, 0x18, 0x00, 0x40, 0x28, 0x01, 0x00, 0x00, 0x00, 0x00, 0x00,
    0x18, 0x01, 0x00, 0x00, 0x00, 0x00, 0x00, 0x00, 0x5e, 0x05, 0x00, 0x00,
    0x01, 0x00, 0x18, 0x00, 0x60, 0x29, 0x01, 0x00, 0x00, 0x00, 0x00, 0x00,
    0x18, 0x01, 0x00, 0x00, 0x00, 0x00, 0x00, 0x00, 0x66, 0x05, 0x00, 0x00,
    0x04, 0x00, 0xf1, 0xff, 0x00, 0x00, 0x00, 0x00, 0x00, 0x00, 0x00, 0x00,
    0x00, 0x00, 0x00, 0x00, 0x00, 0x00, 0x00, 0x00, 0x71, 0x05, 0x00, 0x00,
    0x02, 0x00, 0x0f, 0x00, 0x00, 0x42, 0x00, 0x00, 0x00, 0x00, 0x00, 0x00,
    0x00, 0x00, 0x00, 0x00, 0x00, 0x00, 0x00, 0x00, 0x73, 0x05, 0x00, 0x00,
    0x02, 0x00, 0x0f, 0x00, 0x30, 0x42, 0x00, 0x00, 0x00, 0x00, 0x00, 0x00,
    0x00, 0x00, 0x00, 0x00, 0x00, 0x00, 0x00, 0x00, 0x86, 0x05, 0x00, 0x00,
    0x02, 0x00, 0x0f, 0x00, 0x70, 0x42, 0x00, 0x00, 0x00, 0x00, 0x00, 0x00,
    0x00, 0x00, 0x00, 0x00, 0x00, 0x00, 0x00, 0x00, 0x9c, 0x05, 0x00, 0x00,
    0x01, 0x00, 0x1c, 0x00, 0x10, 0x30, 0x01, 0x00, 0x00, 0x00, 0x00, 0x00,
    0x01, 0x00, 0x00, 0x00, 0x00, 0x00, 0x00, 0x00, 0xa8, 0x05, 0x00, 0x00,
    0x01, 0x00, 0x17, 0x00, 0xd8, 0x24, 0x01, 0x00, 0x00, 0x00, 0x00, 0x00,
    0x00, 0x00, 0x00, 0x00, 0x00, 0x00, 0x00, 0x00, 0xcf, 0x05, 0x00, 0x00,
    0x02, 0x00, 0x0f, 0x00, 0xb0, 0x42, 0x00, 0x00, 0x00, 0x00, 0x00, 0x00,
    0x00, 0x00, 0x00, 0x00, 0x00, 0x00, 0x00, 0x00, 0xdb, 0x05, 0x00, 0x00,
    0x01, 0x00, 0x16, 0x00, 0xd0, 0x24, 0x01, 0x00, 0x00, 0x00, 0x00, 0x00,
    0x00, 0x00, 0x00, 0x00, 0x00, 0x00, 0x00, 0x00, 0x66, 0x05, 0x00, 0x00,
    0x04, 0x00, 0xf1, 0xff, 0x00, 0x00, 0x00, 0x00, 0x00, 0x00, 0x00, 0x00,
    0x00, 0x00, 0x00, 0x00, 0x00, 0x00, 0x00, 0x00, 0xfa, 0x05, 0x00, 0x00,
    0x01, 0x00, 0x13, 0x00, 0x74, 0x0f, 0x01, 0x00, 0x00, 0x00, 0x00, 0x00,
    0x00, 0x00, 0x00, 0x00, 0x00, 0x00, 0x00, 0x00, 0x00, 0x00, 0x00, 0x00,
    0x04, 0x00, 0xf1, 0xff, 0x00, 0x00, 0x00, 0x00, 0x00, 0x00, 0x00, 0x00,
    0x00, 0x00, 0x00, 0x00, 0x00, 0x00, 0x00, 0x00, 0x08, 0x06, 0x00, 0x00,
    0x00, 0x00, 0x12, 0x00, 0x70, 0x06, 0x01, 0x00, 0x00, 0x00, 0x00, 0x00,
    0x00, 0x00, 0x00, 0x00, 0x00, 0x00, 0x00, 0x00, 0x1b, 0x06, 0x00, 0x00,
    0x01, 0x00, 0x1a, 0x00, 0x60, 0x2d, 0x01, 0x00, 0x00, 0x00, 0x00, 0x00,
    0x00, 0x00, 0x00, 0x00, 0x00, 0x00, 0x00, 0x00, 0x31, 0x06, 0x00, 0x00,
    0x01, 0x00, 0x19, 0x00, 0x30, 0x2b, 0x01, 0x00, 0x00, 0x00, 0x00, 0x00,
    0x00, 0x00, 0x00, 0x00, 0x00, 0x00, 0x00, 0x00, 0xa3, 0x08, 0x00, 0x00,
    0x20, 0x00, 0x1b, 0x00, 0x00, 0x30, 0x01, 0x00, 0x00, 0x00, 0x00, 0x00,
    0x00, 0x00, 0x00, 0x00, 0x00, 0x00, 0x00, 0x00, 0x3a, 0x06, 0x00, 0x00,
    0x12, 0x00, 0x00, 0x00, 0x00, 0x00, 0x00, 0x00, 0x00, 0x00, 0x00, 0x00,
    0x00, 0x00, 0x00, 0x00, 0x00, 0x00, 0x00, 0x00, 0x4b, 0x06, 0x00, 0x00,
    0x12, 0x00, 0x00, 0x00, 0x00, 0x00, 0x00, 0x00, 0x00, 0x00, 0x00, 0x00,
    0x00, 0x00, 0x00, 0x00, 0x00, 0x00, 0x00, 0x00, 0x5c, 0x06, 0x00, 0x00,
    0x12, 0x00, 0x00, 0x00, 0x00, 0x00, 0x00, 0x00, 0x00, 0x00, 0x00, 0x00,
    0x00, 0x00, 0x00, 0x00, 0x00, 0x00, 0x00, 0x00, 0x70, 0x06, 0x00, 0x00,
    0x12, 0x00, 0x00, 0x00, 0x00, 0x00, 0x00, 0x00, 0x00, 0x00, 0x00, 0x00,
    0x00, 0x00, 0x00, 0x00, 0x00, 0x00, 0x00, 0x00, 0x87, 0x06, 0x00, 0x00,
    0x12, 0x00, 0x00, 0x00, 0x00, 0x00, 0x00, 0x00, 0x00, 0x00, 0x00, 0x00,
    0x00, 0x00, 0x00, 0x00, 0x00, 0x00, 0x00, 0x00, 0x9a, 0x06, 0x00, 0x00,
    0x12, 0x00, 0x00, 0x00, 0x00, 0x00, 0x00, 0x00, 0x00, 0x00, 0x00, 0x00,
    0x00, 0x00, 0x00, 0x00, 0x00, 0x00, 0x00, 0x00, 0xaf, 0x06, 0x00, 0x00,
    0x12, 0x00, 0x00, 0x00, 0x00, 0x00, 0x00, 0x00, 0x00, 0x00, 0x00, 0x00,
    0x00, 0x00, 0x00, 0x00, 0x00, 0x00, 0x00, 0x00, 0xc2, 0x06, 0x00, 0x00,
    0x12, 0x00, 0x00, 0x00, 0x00, 0x00, 0x00, 0x00, 0x00, 0x00, 0x00, 0x00,
    0x00, 0x00, 0x00, 0x00, 0x00, 0x00, 0x00, 0x00, 0xa7, 0x08, 0x00, 0x00,
    0x12, 0x00, 0x0f, 0x00, 0xd0, 0x41, 0x00, 0x00, 0x00, 0x00, 0x00, 0x00,
    0x26, 0x00, 0x00, 0x00, 0x00, 0x00, 0x00, 0x00, 0xd5, 0x06, 0x00, 0x00,
    0x12, 0x00, 0x00, 0x00, 0x00, 0x00, 0x00, 0x00, 0x00, 0x00, 0x00, 0x00,
    0x00, 0x00, 0x00, 0x00, 0x00, 0x00, 0x00, 0x00, 0xe7, 0x06, 0x00, 0x00,
    0x12, 0x00, 0x00, 0x00, 0x00, 0x00, 0x00, 0x00, 0x00, 0x00, 0x00, 0x00,
    0x00, 0x00, 0x00, 0x00, 0x00, 0x00, 0x00, 0x00, 0xf9, 0x06, 0x00, 0x00,
    0x12, 0x00, 0x00, 0x00, 0x00, 0x00, 0x00, 0x00, 0x00, 0x00, 0x00, 0x00,
    0x00, 0x00, 0x00, 0x00, 0x00, 0x00, 0x00, 0x00, 0x0c, 0x07, 0x00, 0x00,
    0x12, 0x00, 0x00, 0x00, 0x00, 0x00, 0x00, 0x00, 0x00, 0x00, 0x00, 0x00,
    0x00, 0x00, 0x00, 0x00, 0x00, 0x00, 0x00, 0x00, 0x26, 0x07, 0x00, 0x00,
    0x12, 0x00, 0x00, 0x00, 0x00, 0x00, 0x00, 0x00, 0x00, 0x00, 0x00, 0x00,
    0x00, 0x00, 0x00, 0x00, 0x00, 0x00, 0x00, 0x00, 0x3b, 0x07, 0x00, 0x00,
    0x20, 0x00, 0x00, 0x00, 0x00, 0x00, 0x00, 0x00, 0x00, 0x00, 0x00, 0x00,
    0x00, 0x00, 0x00, 0x00, 0x00, 0x00, 0x00, 0x00, 0x4a, 0x07, 0x00, 0x00,
    0x12, 0x00, 0x00, 0x00, 0x00, 0x00, 0x00, 0x00, 0x00, 0x00, 0x00, 0x00,
    0x00, 0x00, 0x00, 0x00, 0x00, 0x00, 0x00, 0x00, 0x6d, 0x07, 0x00, 0x00,
    0x12, 0x00, 0x00, 0x00, 0x00, 0x00, 0x00, 0x00, 0x00, 0x00, 0x00, 0x00,
    0x00, 0x00, 0x00, 0x00, 0x00, 0x00, 0x00, 0x00, 0x87, 0x07, 0x00, 0x00,
    0x12, 0x00, 0x00, 0x00, 0x00, 0x00, 0x00, 0x00, 0x00, 0x00, 0x00, 0x00,
    0x00, 0x00, 0x00, 0x00, 0x00, 0x00, 0x00, 0x00, 0xa0, 0x07, 0x00, 0x00,
    0x12, 0x00, 0x00, 0x00, 0x00, 0x00, 0x00, 0x00, 0x00, 0x00, 0x00, 0x00,
    0x00, 0x00, 0x00, 0x00, 0x00, 0x00, 0x00, 0x00, 0xb3, 0x07, 0x00, 0x00,
    0x12, 0x02, 0x10, 0x00, 0x38, 0xcb, 0x00, 0x00, 0x00, 0x00, 0x00, 0x00,
    0x00, 0x00, 0x00, 0x00, 0x00, 0x00, 0x00, 0x00, 0xb9, 0x07, 0x00, 0x00,
    0x12, 0x00, 0x00, 0x00, 0x00, 0x00, 0x00, 0x00, 0x00, 0x00, 0x00, 0x00,
    0x00, 0x00, 0x00, 0x00, 0x00, 0x00, 0x00, 0x00, 0xc5, 0x07, 0x00, 0x00,
    0x12, 0x00, 0x00, 0x00, 0x00, 0x00, 0x00, 0x00, 0x00, 0x00, 0x00, 0x00,
    0x00, 0x00, 0x00, 0x00, 0x00, 0x00, 0x00, 0x00, 0xda, 0x07, 0x00, 0x00,
    0x12, 0x00, 0x00, 0x00, 0x00, 0x00, 0x00, 0x00, 0x00, 0x00, 0x00, 0x00,
    0x00, 0x00, 0x00, 0x00, 0x00, 0x00, 0x00, 0x00, 0xec, 0x07, 0x00, 0x00,
    0x12, 0x00, 0x00, 0x00, 0x00, 0x00, 0x00, 0x00, 0x00, 0x00, 0x00, 0x00,
    0x00, 0x00, 0x00, 0x00, 0x00, 0x00, 0x00, 0x00, 0xfd, 0x07, 0x00, 0x00,
    0x12, 0x00, 0x00, 0x00, 0x00, 0x00, 0x00, 0x00, 0x00, 0x00, 0x00, 0x00,
    0x00, 0x00, 0x00, 0x00, 0x00, 0x00, 0x00, 0x00, 0x10, 0x08, 0x00, 0x00,
    0x12, 0x00, 0x00, 0x00, 0x00, 0x00, 0x00, 0x00, 0x00, 0x00, 0x00, 0x00,
    0x00, 0x00, 0x00, 0x00, 0x00, 0x00, 0x00, 0x00, 0x2c, 0x08, 0x00, 0x00,
    0x12, 0x00, 0x00, 0x00, 0x00, 0x00, 0x00, 0x00, 0x00, 0x00, 0x00, 0x00,
    0x00, 0x00, 0x00, 0x00, 0x00, 0x00, 0x00, 0x00, 0x38, 0x08, 0x00, 0x00,
    0x20, 0x00, 0x00, 0x00, 0x00, 0x00, 0x00, 0x00, 0x00, 0x00, 0x00, 0x00,
    0x00, 0x00, 0x00, 0x00, 0x00, 0x00, 0x00, 0x00, 0x54, 0x08, 0x00, 0x00,
    0x11, 0x00, 0x11, 0x00, 0x00, 0xd0, 0x00, 0x00, 0x00, 0x00, 0x00, 0x00,
    0x04, 0x00, 0x00, 0x00, 0x00, 0x00, 0x00, 0x00, 0x63, 0x08, 0x00, 0x00,
    0x12, 0x00, 0x00, 0x00, 0x00, 0x00, 0x00, 0x00, 0x00, 0x00, 0x00, 0x00,
    0x00, 0x00, 0x00, 0x00, 0x00, 0x00, 0x00, 0x00, 0x74, 0x08, 0x00, 0x00,
    0x12, 0x00, 0x00, 0x00, 0x00, 0x00, 0x00, 0x00, 0x00, 0x00, 0x00, 0x00,
    0x00, 0x00, 0x00, 0x00, 0x00, 0x00, 0x00, 0x00, 0x87, 0x08, 0x00, 0x00,
    0x20, 0x00, 0x00, 0x00, 0x00, 0x00, 0x00, 0x00, 0x00, 0x00, 0x00, 0x00,
    0x00, 0x00, 0x00, 0x00, 0x00, 0x00, 0x00, 0x00, 0xa1, 0x08, 0x00, 0x00,
    0x10, 0x00, 0x1b, 0x00, 0x00, 0x30, 0x01, 0x00, 0x00, 0x00, 0x00, 0x00,
    0x00, 0x00, 0x00, 0x00, 0x00, 0x00, 0x00, 0x00, 0xae, 0x08, 0x00, 0x00,
    0x12, 0x00, 0x00, 0x00, 0x00, 0x00, 0x00, 0x00, 0x00, 0x00, 0x00, 0x00,
    0x00, 0x00, 0x00, 0x00, 0x00, 0x00, 0x00, 0x00, 0xbc, 0x08, 0x00, 0x00,
    0x22, 0x00, 0x00, 0x00, 0x00, 0x00, 0x00, 0x00, 0x00, 0x00, 0x00, 0x00,
    0x00, 0x00, 0x00, 0x00, 0x00, 0x00, 0x00, 0x00, 0xd7, 0x08, 0x00, 0x00,
    0x12, 0x00, 0x00, 0x00, 0x00, 0x00, 0x00, 0x00, 0x00, 0x00, 0x00, 0x00,
    0x00, 0x00, 0x00, 0x00, 0x00, 0x00, 0x00, 0x00, 0x0a, 0x09, 0x00, 0x00,
    0x12, 0x00, 0x00, 0x00, 0x00, 0x00, 0x00, 0x00, 0x00, 0x00, 0x00, 0x00,
    0x00, 0x00, 0x00, 0x00, 0x00, 0x00, 0x00, 0x00, 0xea, 0x08, 0x00, 0x00,
    0x12, 0x00, 0x00, 0x00, 0x00, 0x00, 0x00, 0x00, 0x00, 0x00, 0x00, 0x00,
    0x00, 0x00, 0x00, 0x00, 0x00, 0x00, 0x00, 0x00, 0xfd, 0x08, 0x00, 0x00,
    0x11, 0x02, 0x1b, 0x00, 0x10, 0x30, 0x01, 0x00, 0x00, 0x00, 0x00, 0x00,
    0x00, 0x00, 0x00, 0x00, 0x00, 0x00, 0x00, 0x00, 0x09, 0x09, 0x00, 0x00,
    0x12, 0x00, 0x00, 0x00, 0x00, 0x00, 0x00, 0x00, 0x00, 0x00, 0x00, 0x00,
    0x00, 0x00, 0x00, 0x00, 0x00, 0x00, 0x00, 0x00, 0x1c, 0x09, 0x00, 0x00,
    0x12, 0x00, 0x00, 0x00, 0x00, 0x00, 0x00, 0x00, 0x00, 0x00, 0x00, 0x00,
    0x00, 0x00, 0x00, 0x00, 0x00, 0x00, 0x00, 0x00, 0x31, 0x09, 0x00, 0x00,
    0x12, 0x00, 0x00, 0x00, 0x00, 0x00, 0x00, 0x00, 0x00, 0x00, 0x00, 0x00,
    0x00, 0x00, 0x00, 0x00, 0x00, 0x00, 0x00, 0x00, 0x44, 0x09, 0x00, 0x00,
    0x11, 0x02, 0x1b, 0x00, 0x08, 0x30, 0x01, 0x00, 0x00, 0x00, 0x00, 0x00,
    0x00, 0x00, 0x00, 0x00, 0x00, 0x00, 0x00, 0x00, 0x51, 0x09, 0x00, 0x00,
    0x12, 0x00, 0x00, 0x00, 0x00, 0x00, 0x00, 0x00, 0x00, 0x00, 0x00, 0x00,
    0x00, 0x00, 0x00, 0x00, 0x00, 0x00, 0x00, 0x00, 0x60, 0x09, 0x00, 0x00,
    0x12, 0x00, 0x00, 0x00, 0x00, 0x00, 0x00, 0x00, 0x00, 0x00, 0x00, 0x00,
    0x00, 0x00, 0x00, 0x00, 0x00, 0x00, 0x00, 0x00, 0x71, 0x09, 0x00, 0x00,
    0x12, 0x00, 0x00, 0x00, 0x00, 0x00, 0x00, 0x00, 0x00, 0x00, 0x00, 0x00,
    0x00, 0x00, 0x00, 0x00, 0x00, 0x00, 0x00, 0x00, 0x83, 0x09, 0x00, 0x00,
    0x12, 0x00, 0x00, 0x00, 0x00, 0x00, 0x00, 0x00, 0x00, 0x00, 0x00, 0x00,
    0x00, 0x00, 0x00, 0x00, 0x00, 0x00, 0x00, 0x00, 0x96, 0x09, 0x00, 0x00,
    0x12, 0x00, 0x00, 0x00, 0x00, 0x00, 0x00, 0x00, 0x00, 0x00, 0x00, 0x00,
    0x00, 0x00, 0x00, 0x00, 0x00, 0x00, 0x00, 0x00, 0xba, 0x09, 0x00, 0x00,
    0x12, 0x00, 0x00, 0x00, 0x00, 0x00, 0x00, 0x00, 0x00, 0x00, 0x00, 0x00,
    0x00, 0x00, 0x00, 0x00, 0x00, 0x00, 0x00, 0x00, 0xca, 0x09, 0x00, 0x00,
    0x12, 0x00, 0x00, 0x00, 0x00, 0x00, 0x00, 0x00, 0x00, 0x00, 0x00, 0x00,
    0x00, 0x00, 0x00, 0x00, 0x00, 0x00, 0x00, 0x00, 0xde, 0x09, 0x00, 0x00,
    0x12, 0x00, 0x00, 0x00, 0x00, 0x00, 0x00, 0x00, 0x00, 0x00, 0x00, 0x00,
    0x00, 0x00, 0x00, 0x00, 0x00, 0x00, 0x00, 0x00, 0xf1, 0x09, 0x00, 0x00,
    0x12, 0x00, 0x00, 0x00, 0x00, 0x00, 0x00, 0x00, 0x00, 0x00, 0x00, 0x00,
    0x00, 0x00, 0x00, 0x00, 0x00, 0x00, 0x00, 0x00, 0x10, 0x0a, 0x00, 0x00,
    0x12, 0x00, 0x00, 0x00, 0x00, 0x00, 0x00, 0x00, 0x00, 0x00, 0x00, 0x00,
    0x00, 0x00, 0x00, 0x00, 0x00, 0x00, 0x00, 0x00, 0x23, 0x0a, 0x00, 0x00,
    0x12, 0x00, 0x00, 0x00, 0x00, 0x00, 0x00, 0x00, 0x00, 0x00, 0x00, 0x00,
    0x00, 0x00, 0x00, 0x00, 0x00, 0x00, 0x00, 0x00, 0x37, 0x0a, 0x00, 0x00,
    0x10, 0x00, 0x1c, 0x00, 0x10, 0x30, 0x01, 0x00, 0x00, 0x00, 0x00, 0x00,
    0x00, 0x00, 0x00, 0x00, 0x00, 0x00, 0x00, 0x00, 0x43, 0x0a, 0x00, 0x00,
    0x12, 0x00, 0x00, 0x00, 0x00, 0x00, 0x00, 0x00, 0x00, 0x00, 0x00, 0x00,
    0x00, 0x00, 0x00, 0x00, 0x00, 0x00, 0x00, 0x00, 0x55, 0x0a, 0x00, 0x00,
    0x12, 0x00, 0x00, 0x00, 0x00, 0x00, 0x00, 0x00, 0x00, 0x00, 0x00, 0x00,
    0x00, 0x00, 0x00, 0x00, 0x00, 0x00, 0x00, 0x00, 0x6d, 0x0a, 0x00, 0x00,
    0x12, 0x00, 0x00, 0x00, 0x00, 0x00, 0x00, 0x00, 0x00, 0x00, 0x00, 0x00,
    0x00, 0x00, 0x00, 0x00, 0x00, 0x00, 0x00, 0x00, 0x88, 0x0a, 0x00, 0x00,
    0x12, 0x00, 0x00, 0x00, 0x00, 0x00, 0x00, 0x00, 0x00, 0x00, 0x00, 0x00,
    0x00, 0x00, 0x00, 0x00, 0x00, 0x00, 0x00, 0x00, 0x9b, 0x0a, 0x00, 0x00,
    0x12, 0x00, 0x00, 0x00, 0x00, 0x00, 0x00, 0x00, 0x00, 0x00, 0x00, 0x00,
    0x00, 0x00, 0x00, 0x00, 0x00, 0x00, 0x00, 0x00, 0xbb, 0x0a, 0x00, 0x00,
    0x12, 0x00, 0x00, 0x00, 0x00, 0x00, 0x00, 0x00, 0x00, 0x00, 0x00, 0x00,
    0x00, 0x00, 0x00, 0x00, 0x00, 0x00, 0x00, 0x00, 0xda, 0x0a, 0x00, 0x00,
    0x12, 0x00, 0x00, 0x00, 0x00, 0x00, 0x00, 0x00, 0x00, 0x00, 0x00, 0x00,
    0x00, 0x00, 0x00, 0x00, 0x00, 0x00, 0x00, 0x00, 0xe6, 0x0a, 0x00, 0x00,
    0x12, 0x00, 0x00, 0x00, 0x00, 0x00, 0x00, 0x00, 0x00, 0x00, 0x00, 0x00,
    0x00, 0x00, 0x00, 0x00, 0x00, 0x00, 0x00, 0x00, 0xf9, 0x0a, 0x00, 0x00,
    0x12, 0x00, 0x00, 0x00, 0x00, 0x00, 0x00, 0x00, 0x00, 0x00, 0x00, 0x00,
    0x00, 0x00, 0x00, 0x00, 0x00, 0x00, 0x00, 0x00, 0x06, 0x0b, 0x00, 0x00,
    0x12, 0x00, 0x00, 0x00, 0x00, 0x00, 0x00, 0x00, 0x00, 0x00, 0x00, 0x00,
    0x00, 0x00, 0x00, 0x00, 0x00, 0x00, 0x00, 0x00, 0x19, 0x0b, 0x00, 0x00,
    0x12, 0x00, 0x00, 0x00, 0x00, 0x00, 0x00, 0x00, 0x00, 0x00, 0x00, 0x00,
    0x00, 0x00, 0x00, 0x00, 0x00, 0x00, 0x00, 0x00, 0x2c, 0x0b, 0x00, 0x00,
    0x10, 0x00, 0x1c, 0x00, 0x20, 0x30, 0x01, 0x00, 0x00, 0x00, 0x00, 0x00,
    0x00, 0x00, 0x00, 0x00, 0x00, 0x00, 0x00, 0x00, 0x31, 0x0b, 0x00, 0x00,
    0x12, 0x00, 0x00, 0x00, 0x00, 0x00, 0x00, 0x00, 0x00, 0x00, 0x00, 0x00,
    0x00, 0x00, 0x00, 0x00, 0x00, 0x00, 0x00, 0x00, 0x3e, 0x0b, 0x00, 0x00,
    0x12, 0x00, 0x00, 0x00, 0x00, 0x00, 0x00, 0x00, 0x00, 0x00, 0x00, 0x00,
    0x00, 0x00, 0x00, 0x00, 0x00, 0x00, 0x00, 0x00, 0x52, 0x0b, 0x00, 0x00,
    0x12, 0x00, 0x00, 0x00, 0x00, 0x00, 0x00, 0x00, 0x00, 0x00, 0x00, 0x00,
    0x00, 0x00, 0x00, 0x00, 0x00, 0x00, 0x00, 0x00, 0x61, 0x0b, 0x00, 0x00,
    0x12, 0x00, 0x00, 0x00, 0x00, 0x00, 0x00, 0x00, 0x00, 0x00, 0x00, 0x00,
    0x00, 0x00, 0x00, 0x00, 0x00, 0x00, 0x00, 0x00, 0x6e, 0x0b, 0x00, 0x00,
    0x11, 0x00, 0x00, 0x00, 0x00, 0x00, 0x00, 0x00, 0x00, 0x00, 0x00, 0x00,
    0x00, 0x00, 0x00, 0x00, 0x00, 0x00, 0x00, 0x00, 0x81, 0x0b, 0x00, 0x00,
    0x12, 0x00, 0x00, 0x00, 0x00, 0x00, 0x00, 0x00, 0x00, 0x00, 0x00, 0x00,
    0x00, 0x00, 0x00, 0x00, 0x00, 0x00, 0x00, 0x00, 0x94, 0x0b, 0x00, 0x00,
    0x12, 0x00, 0x00, 0x00, 0x00, 0x00, 0x00, 0x00, 0x00, 0x00, 0x00, 0x00,
    0x00, 0x00, 0x00, 0x00, 0x00, 0x00, 0x00, 0x00, 0xaf, 0x0b, 0x00, 0x00,
    0x12, 0x00, 0x00, 0x00, 0x00, 0x00, 0x00, 0x00, 0x00, 0x00, 0x00, 0x00,
    0x00, 0x00, 0x00, 0x00, 0x00, 0x00, 0x00, 0x00, 0xc2, 0x0b, 0x00, 0x00,
    0x12, 0x00, 0x00, 0x00, 0x00, 0x00, 0x00, 0x00, 0x00, 0x00, 0x00, 0x00,
    0x00, 0x00, 0x00, 0x00, 0x00, 0x00, 0x00, 0x00, 0xd3, 0x0b, 0x00, 0x00,
    0x12, 0x00, 0x00, 0x00, 0x00, 0x00, 0x00, 0x00, 0x00, 0x00, 0x00, 0x00,
    0x00, 0x00, 0x00, 0x00, 0x00, 0x00, 0x00, 0x00, 0xe7, 0x0b, 0x00, 0x00,
    0x12, 0x00, 0x00, 0x00, 0x00, 0x00, 0x00, 0x00, 0x00, 0x00, 0x00, 0x00,
    0x00, 0x00, 0x00, 0x00, 0x00, 0x00, 0x00, 0x00, 0x0a, 0x0c, 0x00, 0x00,
    0x12, 0x00, 0x00, 0x00, 0x00, 0x00, 0x00, 0x00, 0x00, 0x00, 0x00, 0x00,
    0x00, 0x00, 0x00, 0x00, 0x00, 0x00, 0x00, 0x00, 0x1d, 0x0c, 0x00, 0x00,
    0x12, 0x00, 0x00, 0x00, 0x00, 0x00, 0x00, 0x00, 0x00, 0x00, 0x00, 0x00,
    0x00, 0x00, 0x00, 0x00, 0x00, 0x00, 0x00, 0x00, 0x2a, 0x0c, 0x00, 0x00,
    0x12, 0x00, 0x00, 0x00, 0x00, 0x00, 0x00, 0x00, 0x00, 0x00, 0x00, 0x00,
    0x00, 0x00, 0x00, 0x00, 0x00, 0x00, 0x00, 0x00, 0x3d, 0x0c, 0x00, 0x00,
    0x10, 0x00, 0x1b, 0x00, 0x10, 0x30, 0x01, 0x00, 0x00, 0x00, 0x00, 0x00,
    0x00, 0x00, 0x00, 0x00, 0x00, 0x00, 0x00, 0x00, 0x44, 0x0c, 0x00, 0x00,
    0x12, 0x00, 0x00, 0x00, 0x00, 0x00, 0x00, 0x00, 0x00, 0x00, 0x00, 0x00,
    0x00, 0x00, 0x00, 0x00, 0x00, 0x00, 0x00, 0x00, 0x54, 0x0c, 0x00, 0x00,
    0x12, 0x00, 0x00, 0x00, 0x00, 0x00, 0x00, 0x00, 0x00, 0x00, 0x00, 0x00,
    0x00, 0x00, 0x00, 0x00, 0x00, 0x00, 0x00, 0x00, 0x73, 0x0c, 0x00, 0x00,
    0x12, 0x00, 0x00, 0x00, 0x00, 0x00, 0x00, 0x00, 0x00, 0x00, 0x00, 0x00,
    0x00, 0x00, 0x00, 0x00, 0x00, 0x00, 0x00, 0x00, 0x90, 0x0c, 0x00, 0x00,
    0x12, 0x00, 0x00, 0x00, 0x00, 0x00, 0x00, 0x00, 0x00, 0x00, 0x00, 0x00,
    0x00, 0x00, 0x00, 0x00, 0x00, 0x00, 0x00, 0x00, 0xa3, 0x0c, 0x00, 0x00,
    0x12, 0x00, 0x0f, 0x00, 0xd0, 0x3e, 0x00, 0x00, 0x00, 0x00, 0x00, 0x00,
    0xf4, 0x02, 0x00, 0x00, 0x00, 0x00, 0x00, 0x00, 0x03, 0x03, 0x00, 0x00,
    0x12, 0x02, 0x0b, 0x00, 0x00, 0x30, 0x00, 0x00, 0x00, 0x00, 0x00, 0x00,
    0x00, 0x00, 0x00, 0x00, 0x00, 0x00, 0x00, 0x00, 0xa8, 0x0c, 0x00, 0x00,
    0x12, 0x00, 0x00, 0x00, 0x00, 0x00, 0x00, 0x00, 0x00, 0x00, 0x00, 0x00,
    0x00, 0x00, 0x00, 0x00, 0x00, 0x00, 0x00, 0x00, 0x00, 0x53, 0x63, 0x72,
    0x74, 0x31, 0x2e, 0x6f, 0x00, 0x5f, 0x5f, 0x61, 0x62, 0x69, 0x5f, 0x74,
    0x61, 0x67, 0x00, 0x72, 0x65, 0x6e, 0x64, 0x65, 0x72, 0x5f, 0x66, 0x69,
    0x6c, 0x6c, 0x5f, 0x72, 0x65, 0x63, 0x74, 0x00, 0x75, 0x74, 0x66, 0x38,
    0x5f, 0x64, 0x65, 0x63, 0x6f, 0x64, 0x65, 0x00, 0x67, 0x65, 0x74, 0x41,
    0x6c, 0x69, 0x67, 0x6e, 0x6d, 0x65, 0x6e, 0x74, 0x50, 0x61, 0x74, 0x74,
    0x65, 0x72, 0x6e, 0x50, 0x6f, 0x73, 0x69, 0x74, 0x69, 0x6f, 0x6e, 0x73,
    0x00, 0x67, 0x65, 0x74, 0x4e, 0x75, 0x6d, 0x52, 0x61, 0x77, 0x44, 0x61,
    0x74, 0x61, 0x4d, 0x6f, 0x64, 0x75, 0x6c, 0x65, 0x73, 0x00, 0x67, 0x65,
    0x74, 0x4e, 0x75, 0x6d, 0x52, 0x61, 0x77, 0x44, 0x61, 0x74, 0x61, 0x4d,
    0x6f, 0x64, 0x75, 0x6c, 0x65, 0x73, 0x2e, 0x63, 0x6f, 0x6c, 0x64, 0x00,
    0x5f, 0x5f, 0x50, 0x52, 0x45, 0x54, 0x54, 0x59, 0x5f, 0x46, 0x55, 0x4e,
    0x43, 0x54, 0x49, 0x4f, 0x4e, 0x5f, 0x5f, 0x2e, 0x31, 0x38, 0x00, 0x67,
    0x65, 0x74, 0x4e, 0x75, 0x6d, 0x44, 0x61, 0x74, 0x61, 0x43, 0x6f, 0x64,
    0x65, 0x77, 0x6f, 0x72, 0x64, 0x73, 0x00, 0x45, 0x43, 0x43, 0x5f, 0x43,
    0x4f, 0x44, 0x45, 0x57, 0x4f, 0x52, 0x44, 0x53, 0x5f, 0x50, 0x45, 0x52,
    0x5f, 0x42, 0x4c, 0x4f, 0x43, 0x4b, 0x00, 0x4e, 0x55, 0x4d, 0x5f, 0x45,
    0x52, 0x52, 0x4f, 0x52, 0x5f, 0x43, 0x4f, 0x52, 0x52, 0x45, 0x43, 0x54,
    0x49, 0x4f, 0x4e, 0x5f, 0x42, 0x4c, 0x4f, 0x43, 0x4b, 0x53, 0x00, 0x67,
    0x65, 0x74, 0x4e, 0x75, 0x6d, 0x44, 0x61, 0x74, 0x61, 0x43, 0x6f, 0x64,
    0x65, 0x77, 0x6f, 0x72, 0x64, 0x73, 0x2e, 0x63, 0x6f, 0x6c, 0x64, 0x00,
    0x5f, 0x5f, 0x50, 0x52, 0x45, 0x54, 0x54, 0x59, 0x5f, 0x46, 0x55, 0x4e,
    0x43, 0x54, 0x49, 0x4f, 0x4e, 0x5f, 0x5f, 0x2e, 0x32, 0x33, 0x00, 0x6e,
    0x75, 0x6d, 0x43, 0x68, 0x61, 0x72, 0x43, 0x6f, 0x75, 0x6e, 0x74, 0x42,
    0x69, 0x74, 0x73, 0x2e, 0x70, 0x61, 0x72, 0x74, 0x2e, 0x30, 0x00, 0x5f,
    0x5f, 0x50, 0x52, 0x45, 0x54, 0x54, 0x59, 0x5f, 0x46, 0x55, 0x4e, 0x43,
    0x54, 0x49, 0x4f, 0x4e, 0x5f, 0x5f, 0x2e, 0x32, 0x38, 0x00, 0x61, 0x70,
    0x70, 0x65, 0x6e, 0x64, 0x42, 0x69, 0x74, 0x73, 0x54, 0x6f, 0x42, 0x75,
    0x66, 0x66, 0x65, 0x72, 0x2e, 0x70, 0x61, 0x72, 0x74, 0x2e, 0x30, 0x00,
    0x5f, 0x5f, 0x50, 0x52, 0x45, 0x54, 0x54, 0x59, 0x5f, 0x46, 0x55, 0x4e,
    0x43, 0x54, 0x49, 0x4f, 0x4e, 0x5f, 0x5f, 0x2e, 0x32, 0x32, 0x00, 0x61,
    0x70, 0x70, 0x65, 0x6e, 0x64, 0x42, 0x69, 0x74, 0x73, 0x54, 0x6f, 0x42,
    0x75, 0x66, 0x66, 0x65, 0x72, 0x00, 0x61, 0x70, 0x70, 0x65, 0x6e, 0x64,
    0x42, 0x69, 0x74, 0x73, 0x54, 0x6f, 0x42, 0x75, 0x66, 0x66, 0x65, 0x72,
    0x2e, 0x63, 0x6f, 0x6c, 0x64, 0x00, 0x67, 0x65, 0x74, 0x4d, 0x6f, 0x64,
    0x75, 0x6c, 0x65, 0x42, 0x6f, 0x75, 0x6e, 0x64, 0x65, 0x64, 0x2e, 0x70,
    0x61, 0x72, 0x74, 0x2e, 0x30, 0x00, 0x5f, 0x5f, 0x50, 0x52, 0x45, 0x54,
    0x54, 0x59, 0x5f, 0x46, 0x55, 0x4e, 0x43, 0x54, 0x49, 0x4f, 0x4e, 0x5f,
    0x5f, 0x2e, 0x31, 0x36, 0x00, 0x73, 0x65, 0x74, 0x4d, 0x6f, 0x64, 0x75,
    0x6c, 0x65, 0x42, 0x6f, 0x75, 0x6e, 0x64, 0x65, 0x64, 0x2e, 0x70, 0x61,
    0x72, 0x74, 0x2e, 0x30, 0x00, 0x5f, 0x5f, 0x50, 0x52, 0x45, 0x54, 0x54,
    0x59, 0x5f, 0x46, 0x55, 0x4e, 0x43, 0x54, 0x49, 0x4f, 0x4e, 0x5f, 0x5f,
    0x2e, 0x31, 0x35, 0x00, 0x71, 0x72, 0x63, 0x6f, 0x64, 0x65, 0x67, 0x65,
    0x6e, 0x5f, 0x67, 0x65, 0x74, 0x53, 0x69, 0x7a, 0x65, 0x2e, 0x70, 0x61,
    0x72, 0x74, 0x2e, 0x30, 0x00, 0x5f, 0x5f, 0x50, 0x52, 0x45, 0x54, 0x54,
    0x59, 0x5f, 0x46, 0x55, 0x4e, 0x43, 0x54, 0x49, 0x4f, 0x4e, 0x5f, 0x5f,
    0x2e, 0x38, 0x00, 0x71, 0x72, 0x63, 0x6f, 0x64, 0x65, 0x67, 0x65, 0x6e,
    0x5f, 0x67, 0x65, 0x74, 0x53, 0x69, 0x7a, 0x65, 0x00, 0x71, 0x72, 0x63,
    0x6f, 0x64, 0x65, 0x67, 0x65, 0x6e, 0x5f, 0x67, 0x65, 0x74, 0x53, 0x69,
    0x7a, 0x65, 0x2e, 0x63, 0x6f, 0x6c, 0x64, 0x00, 0x64, 0x72, 0x61, 0x77,
    0x46, 0x6f, 0x72, 0x6d, 0x61, 0x74, 0x42, 0x69, 0x74, 0x73, 0x00, 0x74,
    0x61, 0x62, 0x6c, 0x65, 0x2e, 0x39, 0x00, 0x64, 0x72, 0x61, 0x77, 0x46,
    0x6f, 0x72, 0x6d, 0x61, 0x74, 0x42, 0x69, 0x74, 0x73, 0x2e, 0x63, 0x6f,
    0x6c, 0x64, 0x00, 0x5f, 0x5f, 0x50, 0x52, 0x45, 0x54, 0x54, 0x59, 0x5f,
    0x46, 0x55, 0x4e, 0x43, 0x54, 0x49, 0x4f, 0x4e, 0x5f, 0x5f, 0x2e, 0x31,
    0x30, 0x00, 0x61, 0x70, 0x70, 0x6c, 0x79, 0x4d, 0x61, 0x73, 0x6b, 0x00,
    0x61, 0x70, 0x70, 0x6c, 0x79, 0x4d, 0x61, 0x73, 0x6b, 0x2e, 0x63, 0x6f,
    0x6c, 0x64, 0x00, 0x69, 0x6e, 0x69, 0x74, 0x69, 0x61, 0x6c, 0x69, 0x7a,
    0x65, 0x46, 0x75, 0x6e, 0x63, 0x74, 0x69, 0x6f, 0x6e, 0x4d, 0x6f, 0x64,
    0x75, 0x6c, 0x65, 0x73, 0x00, 0x69, 0x6e, 0x69, 0x74, 0x69, 0x61, 0x6c,
    0x69, 0x7a, 0x65, 0x46, 0x75, 0x6e, 0x63, 0x74, 0x69, 0x6f, 0x6e, 0x4d,
    0x6f, 0x64, 0x75, 0x6c, 0x65, 0x73, 0x2e, 0x63, 0x6f, 0x6c, 0x64, 0x00,
    0x76, 0x74, 0x5f, 0x73, 0x77, 0x69, 0x74, 0x63, 0x68, 0x5f, 0x74, 0x6f,
    0x00, 0x76, 0x74, 0x5f, 0x73, 0x77, 0x69, 0x74, 0x63, 0x68, 0x5f, 0x74,
    0x6f, 0x2e, 0x63, 0x6f, 0x6c, 0x64, 0x00, 0x66, 0x6f, 0x6e, 0x74, 0x5f,
    0x69, 0x6e, 0x69, 0x74, 0x00, 0x66, 0x6f, 0x6e, 0x74, 0x5f, 0x73, 0x65,
    0x74, 0x5f, 0x73, 0x69, 0x7a, 0x65, 0x00, 0x66, 0x6f, 0x6e, 0x74, 0x5f,
    0x64, 0x72, 0x61, 0x77, 0x5f, 0x74, 0x65, 0x78, 0x74, 0x2e, 0x63, 0x6f,
    0x6e, 0x73, 0x74, 0x70, 0x72, 0x6f, 0x70, 0x2e, 0x30, 0x2e, 0x69, 0x73,
    0x72, 0x61, 0x2e, 0x30, 0x00, 0x66, 0x6f, 0x6e, 0x74, 0x5f, 0x6c, 0x6f,
    0x61, 0x64, 0x5f, 0x66, 0x69, 0x6c, 0x65, 0x2e, 0x63, 0x6f, 0x6e, 0x73,
    0x74, 0x70, 0x72, 0x6f, 0x70, 0x2e, 0x30, 0x00, 0x71, 0x72, 0x63, 0x6f,
    0x64, 0x65, 0x67, 0x65, 0x6e, 0x5f, 0x65, 0x6e, 0x63, 0x6f, 0x64, 0x65,
    0x53, 0x65, 0x67, 0x6d, 0x65, 0x6e, 0x74, 0x73, 0x41, 0x64, 0x76, 0x61,
    0x6e, 0x63, 0x65, 0x64, 0x2e, 0x63, 0x6f, 0x6e, 0x73, 0x74, 0x70, 0x72,
    0x6f, 0x70, 0x2e, 0x30, 0x00, 0x74, 0x65, 0x6d, 0x70, 0x2e, 0x32, 0x34,
    0x00, 0x74, 0x65, 0x6d, 0x70, 0x2e, 0x32, 0x35, 0x00, 0x74, 0x65, 0x6d,
    0x70, 0x2e, 0x32, 0x36, 0x00, 0x74, 0x65, 0x6d, 0x70, 0x2e, 0x32, 0x37,
    0x00, 0x71, 0x72, 0x63, 0x6f, 0x64, 0x65, 0x67, 0x65, 0x6e, 0x5f, 0x65,
    0x6e, 0x63, 0x6f, 0x64, 0x65, 0x53, 0x65, 0x67, 0x6d, 0x65, 0x6e, 0x74,
    0x73, 0x41, 0x64, 0x76, 0x61, 0x6e, 0x63, 0x65, 0x64, 0x2e, 0x63, 0x6f,
    0x6e, 0x73, 0x74, 0x70, 0x72, 0x6f, 0x70, 0x2e, 0x30, 0x2e, 0x63, 0x6f,
    0x6c, 0x64, 0x00, 0x5f, 0x5f, 0x50, 0x52, 0x45, 0x54, 0x54, 0x59, 0x5f,
    0x46, 0x55, 0x4e, 0x43, 0x54, 0x49, 0x4f, 0x4e, 0x5f, 0x5f, 0x2e, 0x33,
    0x30, 0x00, 0x5f, 0x5f, 0x50, 0x52, 0x45, 0x54, 0x54, 0x59, 0x5f, 0x46,
    0x55, 0x4e, 0x43, 0x54, 0x49, 0x4f, 0x4e, 0x5f, 0x5f, 0x2e, 0x31, 0x33,
    0x00, 0x5f, 0x5f, 0x50, 0x52, 0x45, 0x54, 0x54, 0x59, 0x5f, 0x46, 0x55,
    0x4e, 0x43, 0x54, 0x49, 0x4f, 0x4e, 0x5f, 0x5f, 0x2e, 0x31, 0x32, 0x00,
    0x5f, 0x5f, 0x50, 0x52, 0x45, 0x54, 0x54, 0x59, 0x5f, 0x46, 0x55, 0x4e,
    0x43, 0x54, 0x49, 0x4f, 0x4e, 0x5f, 0x5f, 0x2e, 0x32, 0x30, 0x00, 0x5f,
    0x5f, 0x50, 0x52, 0x45, 0x54, 0x54, 0x59, 0x5f, 0x46, 0x55, 0x4e, 0x43,
    0x54, 0x49, 0x4f, 0x4e, 0x5f, 0x5f, 0x2e, 0x31, 0x37, 0x00, 0x5f, 0x5f,
    0x50, 0x52, 0x45, 0x54, 0x54, 0x59, 0x5f, 0x46, 0x55, 0x4e, 0x43, 0x54,
    0x49, 0x4f, 0x4e, 0x5f, 0x5f, 0x2e, 0x32, 0x39, 0x00, 0x69, 0x31, 0x38,
    0x6e, 0x5f, 0x69, 0x6e, 0x69, 0x74, 0x2e, 0x69, 0x73, 0x72, 0x61, 0x2e,
    0x30, 0x00, 0x67, 0x5f, 0x6c, 0x61, 0x6e, 0x67, 0x00, 0x67, 0x5f, 0x69,
    0x6e, 0x69, 0x74, 0x65, 0x64, 0x00, 0x69, 0x31, 0x38, 0x6e, 0x5f, 0x74,
    0x72, 0x00, 0x70, 0x61, 0x63, 0x6b, 0x73, 0x00, 0x75, 0x73, 0x61, 0x67,
    0x65, 0x00, 0x6c, 0x6f, 0x67, 0x5f, 0x73, 0x74, 0x65, 0x70, 0x66, 0x00,
    0x62, 0x73, 0x6f, 0x64, 0x5f, 0x72, 0x65, 0x6e, 0x64, 0x65, 0x72, 0x00,
    0x62, 0x73, 0x6f, 0x64, 0x5f, 0x72, 0x65, 0x6e, 0x64, 0x65, 0x72, 0x2e,
    0x63, 0x6f, 0x6c, 0x64, 0x00, 0x5f, 0x5f, 0x50, 0x52, 0x45, 0x54, 0x54,
    0x59, 0x5f, 0x46, 0x55, 0x4e, 0x43, 0x54, 0x49, 0x4f, 0x4e, 0x5f, 0x5f,
    0x2e, 0x32, 0x00, 0x5f, 0x5f, 0x50, 0x52, 0x45, 0x54, 0x54, 0x59, 0x5f,
    0x46, 0x55, 0x4e, 0x43, 0x54, 0x49, 0x4f, 0x4e, 0x5f, 0x5f, 0x2e, 0x31,
    0x00, 0x62, 0x73, 0x6f, 0x64, 0x5f, 0x73, 0x68, 0x6f, 0x77, 0x00, 0x67,
    0x5f, 0x65, 0x78, 0x69, 0x74, 0x5f, 0x6d, 0x6f, 0x64, 0x65, 0x00, 0x6e,
    0x6f, 0x64, 0x65, 0x73, 0x2e, 0x30, 0x00, 0x6c, 0x61, 0x6e, 0x67, 0x5f,
    0x63, 0x6f, 0x64, 0x65, 0x73, 0x00, 0x66, 0x61, 0x6c, 0x6c, 0x62, 0x61,
    0x63, 0x6b, 0x5f, 0x66, 0x6f, 0x6e, 0x74, 0x73, 0x00, 0x62, 0x73, 0x6f,
    0x64, 0x5f, 0x73, 0x68, 0x6f, 0x77, 0x2e, 0x63, 0x6f, 0x6c, 0x64, 0x00,
    0x6d, 0x6f, 0x6e, 0x69, 0x74, 0x6f, 0x72, 0x5f, 0x72, 0x75, 0x6e, 0x00,
    0x70, 0x61, 0x63, 0x6b, 0x5f, 0x6b, 0x6f, 0x00, 0x70, 0x61, 0x63, 0x6b,
    0x5f, 0x6a, 0x61, 0x00, 0x70, 0x61, 0x63, 0x6b, 0x5f, 0x7a, 0x68, 0x5f,
    0x74, 0x77, 0x00, 0x70, 0x61, 0x63, 0x6b, 0x5f, 0x7a, 0x68, 0x5f, 0x63,
    0x6e, 0x00, 0x70, 0x61, 0x63, 0x6b, 0x5f, 0x65, 0x6e, 0x00, 0x63, 0x72,
    0x74, 0x73, 0x74, 0x75, 0x66, 0x66, 0x2e, 0x63, 0x00, 0x64, 0x65, 0x72,
    0x65, 0x67, 0x69, 0x73, 0x74, 0x65, 0x72, 0x5f, 0x74, 0x6d, 0x5f, 0x63,
    0x6c, 0x6f, 0x6e, 0x65, 0x73, 0x00, 0x5f, 0x5f, 0x64, 0x6f, 0x5f, 0x67,
    0x6c, 0x6f, 0x62, 0x61, 0x6c, 0x5f, 0x64, 0x74, 0x6f, 0x72, 0x73, 0x5f,
    0x61, 0x75, 0x78, 0x00, 0x63, 0x6f, 0x6d, 0x70, 0x6c, 0x65, 0x74, 0x65,
    0x64, 0x2e, 0x30, 0x00, 0x5f, 0x5f, 0x64, 0x6f, 0x5f, 0x67, 0x6c, 0x6f,
    0x62, 0x61, 0x6c, 0x5f, 0x64, 0x74, 0x6f, 0x72, 0x73, 0x5f, 0x61, 0x75,
    0x78, 0x5f, 0x66, 0x69, 0x6e, 0x69, 0x5f, 0x61, 0x72, 0x72, 0x61, 0x79,
    0x5f, 0x65, 0x6e, 0x74, 0x72, 0x79, 0x00, 0x66, 0x72, 0x61, 0x6d, 0x65,
    0x5f, 0x64, 0x75, 0x6d, 0x6d, 0x79, 0x00, 0x5f, 0x5f, 0x66, 0x72, 0x61,
    0x6d, 0x65, 0x5f, 0x64, 0x75, 0x6d, 0x6d, 0x79, 0x5f, 0x69, 0x6e, 0x69,
    0x74, 0x5f, 0x61, 0x72, 0x72, 0x61, 0x79, 0x5f, 0x65, 0x6e, 0x74, 0x72,
    0x79, 0x00, 0x5f, 0x5f, 0x46, 0x52, 0x41, 0x4d, 0x45, 0x5f, 0x45, 0x4e,
    0x44, 0x5f, 0x5f, 0x00, 0x5f, 0x5f, 0x47, 0x4e, 0x55, 0x5f, 0x45, 0x48,
    0x5f, 0x46, 0x52, 0x41, 0x4d, 0x45, 0x5f, 0x48, 0x44, 0x52, 0x00, 0x5f,
    0x47, 0x4c, 0x4f, 0x42, 0x41, 0x4c, 0x5f, 0x4f, 0x46, 0x46, 0x53, 0x45,
    0x54, 0x5f, 0x54, 0x41, 0x42, 0x4c, 0x45, 0x5f, 0x00, 0x5f, 0x44, 0x59,
    0x4e, 0x41, 0x4d, 0x49, 0x43, 0x00, 0x46, 0x63, 0x50, 0x61, 0x74, 0x74,
    0x65, 0x72, 0x6e, 0x44, 0x65, 0x73, 0x74, 0x72, 0x6f, 0x79, 0x00, 0x64,
    0x75, 0x70, 0x32, 0x40, 0x47, 0x4c, 0x49, 0x42, 0x43, 0x5f, 0x32, 0x2e,
    0x32, 0x2e, 0x35, 0x00, 0x64, 0x72, 0x6d, 0x4d, 0x6f, 0x64, 0x65, 0x47,
    0x65, 0x74, 0x43, 0x6f, 0x6e, 0x6e, 0x65, 0x63, 0x74, 0x6f, 0x72, 0x00,
    0x73, 0x74, 0x72, 0x63, 0x61, 0x73, 0x65, 0x73, 0x74, 0x72, 0x40, 0x47,
    0x4c, 0x49, 0x42, 0x43, 0x5f, 0x32, 0x2e, 0x32, 0x2e, 0x35, 0x00, 0x6d,
    0x65, 0x6d, 0x73, 0x65, 0x74, 0x40, 0x47, 0x4c, 0x49, 0x42, 0x43, 0x5f,
    0x32, 0x2e, 0x32, 0x2e, 0x35, 0x00, 0x73, 0x6e, 0x70, 0x72, 0x69, 0x6e,
    0x74, 0x66, 0x40, 0x47, 0x4c, 0x49, 0x42, 0x43, 0x5f, 0x32, 0x2e, 0x32,
    0x2e, 0x35, 0x00, 0x73, 0x65, 0x74, 0x73, 0x69, 0x64, 0x40, 0x47, 0x4c,
    0x49, 0x42, 0x43, 0x5f, 0x32, 0x2e, 0x32, 0x2e, 0x35, 0x00, 0x6d, 0x6d,
    0x61, 0x70, 0x36, 0x34, 0x40, 0x47, 0x4c, 0x49, 0x42, 0x43, 0x5f, 0x32,
    0x2e, 0x32, 0x2e, 0x35, 0x00, 0x63, 0x6c, 0x6f, 0x73, 0x65, 0x40, 0x47,
    0x4c, 0x49, 0x42, 0x43, 0x5f, 0x32, 0x2e, 0x32, 0x2e, 0x35, 0x00, 0x69,
    0x6f, 0x63, 0x74, 0x6c, 0x40, 0x47, 0x4c, 0x49, 0x42, 0x43, 0x5f, 0x32,
    0x2e, 0x32, 0x2e, 0x35, 0x00, 0x46, 0x54, 0x5f, 0x53, 0x65, 0x74, 0x5f,
    0x50, 0x69, 0x78, 0x65, 0x6c, 0x5f, 0x53, 0x69, 0x7a, 0x65, 0x73, 0x00,
    0x5f, 0x5f, 0x66, 0x70, 0x72, 0x69, 0x6e, 0x74, 0x66, 0x5f, 0x63, 0x68,
    0x6b, 0x40, 0x47, 0x4c, 0x49, 0x42, 0x43, 0x5f, 0x32, 0x2e, 0x33, 0x2e,
    0x34, 0x00, 0x64, 0x72, 0x6d, 0x4d, 0x6f, 0x64, 0x65, 0x46, 0x72, 0x65,
    0x65, 0x43, 0x6f, 0x6e, 0x6e, 0x65, 0x63, 0x74, 0x6f, 0x72, 0x00, 0x5f,
    0x5f, 0x67, 0x6d, 0x6f, 0x6e, 0x5f, 0x73, 0x74, 0x61, 0x72, 0x74, 0x5f,
    0x5f, 0x00, 0x73, 0x64, 0x5f, 0x6a, 0x6f, 0x75, 0x72, 0x6e, 0x61, 0x6c,
    0x5f, 0x70, 0x72, 0x65, 0x76, 0x69, 0x6f, 0x75, 0x73, 0x40, 0x4c, 0x49,
    0x42, 0x53, 0x59, 0x53, 0x54, 0x45, 0x4d, 0x44, 0x5f, 0x32, 0x30, 0x39,
    0x00, 0x5f, 0x5f, 0x61, 0x73, 0x73, 0x65, 0x72, 0x74, 0x5f, 0x66, 0x61,
    0x69, 0x6c, 0x40, 0x47, 0x4c, 0x49, 0x42, 0x43, 0x5f, 0x32, 0x2e, 0x32,
    0x2e, 0x35, 0x00, 0x5f, 0x5f, 0x70, 0x72, 0x69, 0x6e, 0x74, 0x66, 0x5f,
    0x63, 0x68, 0x6b, 0x40, 0x47, 0x4c, 0x49, 0x42, 0x43, 0x5f, 0x32, 0x2e,
    0x33, 0x2e, 0x34, 0x00, 0x46, 0x63, 0x50, 0x61, 0x74, 0x74, 0x65, 0x72,
    0x6e, 0x41, 0x64, 0x64, 0x53, 0x74, 0x72, 0x69, 0x6e, 0x67, 0x00, 0x5f,
    0x66, 0x69, 0x6e, 0x69, 0x00, 0x46, 0x63, 0x46, 0x6f, 0x6e, 0x74, 0x4d,
    0x61, 0x74, 0x63, 0x68, 0x00, 0x64, 0x72, 0x6d, 0x4d, 0x6f, 0x64, 0x65,
    0x46, 0x72, 0x65, 0x65, 0x52, 0x65, 0x73, 0x6f, 0x75, 0x72, 0x63, 0x65,
    0x73, 0x00, 0x5f, 0x65, 0x78, 0x69, 0x74, 0x40, 0x47, 0x4c, 0x49, 0x42,
    0x43, 0x5f, 0x32, 0x2e, 0x32, 0x2e, 0x35, 0x00, 0x46, 0x54, 0x5f, 0x44,
    0x6f, 0x6e, 0x65, 0x5f, 0x46, 0x72, 0x65, 0x65, 0x54, 0x79, 0x70, 0x65,
    0x00, 0x67, 0x65, 0x74, 0x70, 0x69, 0x64, 0x40, 0x47, 0x4c, 0x49, 0x42,
    0x43, 0x5f, 0x32, 0x2e, 0x32, 0x2e, 0x35, 0x00, 0x5f, 0x5f, 0x76, 0x73,
    0x6e, 0x70, 0x72, 0x69, 0x6e, 0x74, 0x66, 0x5f, 0x63, 0x68, 0x6b, 0x40,
    0x47, 0x4c, 0x49, 0x42, 0x43, 0x5f, 0x32, 0x2e, 0x33, 0x2e, 0x34, 0x00,
    0x64, 0x72, 0x6d, 0x4d, 0x6f, 0x64, 0x65, 0x52, 0x6d, 0x46, 0x42, 0x00,
    0x5f, 0x49, 0x54, 0x4d, 0x5f, 0x64, 0x65, 0x72, 0x65, 0x67, 0x69, 0x73,
    0x74, 0x65, 0x72, 0x54, 0x4d, 0x43, 0x6c, 0x6f, 0x6e, 0x65, 0x54, 0x61,
    0x62, 0x6c, 0x65, 0x00, 0x5f, 0x49, 0x4f, 0x5f, 0x73, 0x74, 0x64, 0x69,
    0x6e, 0x5f, 0x75, 0x73, 0x65, 0x64, 0x00, 0x66, 0x72, 0x65, 0x65, 0x40,
    0x47, 0x4c, 0x49, 0x42, 0x43, 0x5f, 0x32, 0x2e, 0x32, 0x2e, 0x35, 0x00,
    0x73, 0x74, 0x72, 0x6c, 0x65, 0x6e, 0x40, 0x47, 0x4c, 0x49, 0x42, 0x43,
    0x5f, 0x32, 0x2e, 0x32, 0x2e, 0x35, 0x00, 0x5f, 0x49, 0x54, 0x4d, 0x5f,
    0x72, 0x65, 0x67, 0x69, 0x73, 0x74, 0x65, 0x72, 0x54, 0x4d, 0x43, 0x6c,
    0x6f, 0x6e, 0x65, 0x54, 0x61, 0x62, 0x6c, 0x65, 0x00, 0x5f, 0x5f, 0x64,
    0x61, 0x74, 0x61, 0x5f, 0x73, 0x74, 0x61, 0x72, 0x74, 0x00, 0x64, 0x72,
    0x6d, 0x44, 0x72, 0x6f, 0x70, 0x4d, 0x61, 0x73, 0x74, 0x65, 0x72, 0x00,
    0x5f, 0x5f, 0x63, 0x78, 0x61, 0x5f, 0x66, 0x69, 0x6e, 0x61, 0x6c, 0x69,
    0x7a, 0x65, 0x40, 0x47, 0x4c, 0x49, 0x42, 0x43, 0x5f, 0x32, 0x2e, 0x32,
    0x2e, 0x35, 0x00, 0x46, 0x63, 0x50, 0x61, 0x74, 0x74, 0x65, 0x72, 0x6e,
    0x47, 0x65, 0x74, 0x53, 0x74, 0x72, 0x69, 0x6e, 0x67, 0x00, 0x72, 0x65,
    0x62, 0x6f, 0x6f, 0x74, 0x40, 0x47, 0x4c, 0x49, 0x42, 0x43, 0x5f, 0x32,
    0x2e, 0x32, 0x2e, 0x35, 0x00, 0x5f, 0x5f, 0x54, 0x4d, 0x43, 0x5f, 0x45,
    0x4e, 0x44, 0x5f, 0x5f, 0x00, 0x75, 0x73, 0x6c, 0x65, 0x65, 0x70, 0x40,
    0x47, 0x4c, 0x49, 0x42, 0x43, 0x5f, 0x32, 0x2e, 0x32, 0x2e, 0x35, 0x00,
    0x73, 0x74, 0x72, 0x65, 0x72, 0x72, 0x6f, 0x72, 0x40, 0x47, 0x4c, 0x49,
    0x42, 0x43, 0x5f, 0x32, 0x2e, 0x32, 0x2e, 0x35, 0x00, 0x6f, 0x70, 0x65,
    0x6e, 0x36, 0x34, 0x40, 0x47, 0x4c, 0x49, 0x42, 0x43, 0x5f, 0x32, 0x2e,
    0x32, 0x2e, 0x35, 0x00, 0x5f, 0x5f, 0x64, 0x73, 0x6f, 0x5f, 0x68, 0x61,
    0x6e, 0x64, 0x6c, 0x65, 0x00, 0x64, 0x72, 0x6d, 0x4d, 0x6f, 0x64, 0x65,
    0x47, 0x65, 0x74, 0x43, 0x72, 0x74, 0x63, 0x00, 0x46, 0x54, 0x5f, 0x49,
    0x6e, 0x69, 0x74, 0x5f, 0x46, 0x72, 0x65, 0x65, 0x54, 0x79, 0x70, 0x65,
    0x00, 0x66, 0x70, 0x75, 0x74, 0x73, 0x40, 0x47, 0x4c, 0x49, 0x42, 0x43,
    0x5f, 0x32, 0x2e, 0x32, 0x2e, 0x35, 0x00, 0x73, 0x74, 0x72, 0x74, 0x6f,
    0x6c, 0x40, 0x47, 0x4c, 0x49, 0x42, 0x43, 0x5f, 0x32, 0x2e, 0x32, 0x2e,
    0x35, 0x00, 0x73, 0x64, 0x5f, 0x6a, 0x6f, 0x75, 0x72, 0x6e, 0x61, 0x6c,
    0x5f, 0x73, 0x65, 0x65, 0x6b, 0x5f, 0x74, 0x61, 0x69, 0x6c, 0x40, 0x4c,
    0x49, 0x42, 0x53, 0x59, 0x53, 0x54, 0x45, 0x4d, 0x44, 0x5f, 0x32, 0x30,
    0x39, 0x00, 0x64, 0x72, 0x6d, 0x4d, 0x6f, 0x64, 0x65, 0x46, 0x72, 0x65,
    0x65, 0x43, 0x72, 0x74, 0x63, 0x00, 0x6d, 0x65, 0x6d, 0x6d, 0x6f, 0x76,
    0x65, 0x40, 0x47, 0x4c, 0x49, 0x42, 0x43, 0x5f, 0x32, 0x2e, 0x32, 0x2e,
    0x35, 0x00, 0x73, 0x74, 0x72, 0x63, 0x68, 0x72, 0x40, 0x47, 0x4c, 0x49,
    0x42, 0x43, 0x5f, 0x32, 0x2e, 0x32, 0x2e, 0x35, 0x00, 0x73, 0x64, 0x5f,
    0x6a, 0x6f, 0x75, 0x72, 0x6e, 0x61, 0x6c, 0x5f, 0x77, 0x61, 0x69, 0x74,
    0x40, 0x4c, 0x49, 0x42, 0x53, 0x59, 0x53, 0x54, 0x45, 0x4d, 0x44, 0x5f,
    0x32, 0x30, 0x39, 0x00, 0x67, 0x65, 0x74, 0x65, 0x6e, 0x76, 0x40, 0x47,
    0x4c, 0x49, 0x42, 0x43, 0x5f, 0x32, 0x2e, 0x32, 0x2e, 0x35, 0x00, 0x46,
    0x63, 0x50, 0x61, 0x74, 0x74, 0x65, 0x72, 0x6e, 0x47, 0x65, 0x74, 0x49,
    0x6e, 0x74, 0x65, 0x67, 0x65, 0x72, 0x00, 0x5f, 0x5f, 0x62, 0x73, 0x73,
    0x5f, 0x73, 0x74, 0x61, 0x72, 0x74, 0x00, 0x64, 0x72, 0x6d, 0x4d, 0x6f,
    0x64, 0x65, 0x47, 0x65, 0x74, 0x45, 0x6e, 0x63, 0x6f, 0x64, 0x65, 0x72,
    0x00, 0x73, 0x74, 0x72, 0x6e, 0x63, 0x61, 0x73, 0x65, 0x63, 0x6d, 0x70,
    0x40, 0x47, 0x4c, 0x49, 0x42, 0x43, 0x5f, 0x32, 0x2e, 0x32, 0x2e, 0x35,
    0x00, 0x5f, 0x5f, 0x73, 0x74, 0x61, 0x63, 0x6b, 0x5f, 0x63, 0x68, 0x6b,
    0x5f, 0x66, 0x61, 0x69, 0x6c, 0x40, 0x47, 0x4c, 0x49, 0x42, 0x43, 0x5f,
    0x32, 0x2e, 0x34, 0x00, 0x73, 0x74, 0x72, 0x63, 0x6d, 0x70, 0x40, 0x47,
    0x4c, 0x49, 0x42, 0x43, 0x5f, 0x32, 0x2e, 0x32, 0x2e, 0x35, 0x00, 0x73,
    0x64, 0x5f, 0x6a, 0x6f, 0x75, 0x72, 0x6e, 0x61, 0x6c, 0x5f, 0x63, 0x6c,
    0x6f, 0x73, 0x65, 0x40, 0x4c, 0x49, 0x42, 0x53, 0x59, 0x53, 0x54, 0x45,
    0x4d, 0x44, 0x5f, 0x32, 0x30, 0x39, 0x00, 0x73, 0x64, 0x5f, 0x6a, 0x6f,
    0x75, 0x72, 0x6e, 0x61, 0x6c, 0x5f, 0x6e, 0x65, 0x78, 0x74, 0x40, 0x4c,
    0x49, 0x42, 0x53, 0x59, 0x53, 0x54, 0x45, 0x4d, 0x44, 0x5f, 0x32, 0x30,
    0x39, 0x00, 0x46, 0x54, 0x5f, 0x4e, 0x65, 0x77, 0x5f, 0x46, 0x61, 0x63,
    0x65, 0x00, 0x67, 0x65, 0x74, 0x75, 0x69, 0x64, 0x40, 0x47, 0x4c, 0x49,
    0x42, 0x43, 0x5f, 0x32, 0x2e, 0x32, 0x2e, 0x35, 0x00, 0x64, 0x72, 0x6d,
    0x4d, 0x6f, 0x64, 0x65, 0x41, 0x64, 0x64, 0x46, 0x42, 0x00, 0x63, 0x61,
    0x6c, 0x6c, 0x6f, 0x63, 0x40, 0x47, 0x4c, 0x49, 0x42, 0x43, 0x5f, 0x32,
    0x2e, 0x32, 0x2e, 0x35, 0x00, 0x6d, 0x75, 0x6e, 0x6d, 0x61, 0x70, 0x40,
    0x47, 0x4c, 0x49, 0x42, 0x43, 0x5f, 0x32, 0x2e, 0x32, 0x2e, 0x35, 0x00,
    0x5f, 0x65, 0x6e, 0x64, 0x00, 0x46, 0x54, 0x5f, 0x4c, 0x6f, 0x61, 0x64,
    0x5f, 0x43, 0x68, 0x61, 0x72, 0x00, 0x64, 0x72, 0x6d, 0x4d, 0x6f, 0x64,
    0x65, 0x47, 0x65, 0x74, 0x52, 0x65, 0x73, 0x6f, 0x75, 0x72, 0x63, 0x65,
    0x73, 0x00, 0x64, 0x72, 0x6d, 0x4d, 0x6f, 0x64, 0x65, 0x53, 0x65, 0x74,
    0x43, 0x72, 0x74, 0x63, 0x00, 0x64, 0x72, 0x6d, 0x53, 0x65, 0x74, 0x4d,
    0x61, 0x73, 0x74, 0x65, 0x72, 0x00, 0x73, 0x74, 0x64, 0x65, 0x72, 0x72,
    0x40, 0x47, 0x4c, 0x49, 0x42, 0x43, 0x5f, 0x32, 0x2e, 0x32, 0x2e, 0x35,
    0x00, 0x46, 0x63, 0x43, 0x6f, 0x6e, 0x66, 0x69, 0x67, 0x53, 0x75, 0x62,
    0x73, 0x74, 0x69, 0x74, 0x75, 0x74, 0x65, 0x00, 0x5f, 0x5f, 0x73, 0x6e,
    0x70, 0x72, 0x69, 0x6e, 0x74, 0x66, 0x5f, 0x63, 0x68, 0x6b, 0x40, 0x47,
    0x4c, 0x49, 0x42, 0x43, 0x5f, 0x32, 0x2e, 0x33, 0x2e, 0x34, 0x00, 0x61,
    0x63, 0x63, 0x65, 0x73, 0x73, 0x40, 0x47, 0x4c, 0x49, 0x42, 0x43, 0x5f,
    0x32, 0x2e, 0x32, 0x2e, 0x35, 0x00, 0x66, 0x6f, 0x72, 0x6b, 0x40, 0x47,
    0x4c, 0x49, 0x42, 0x43, 0x5f, 0x32, 0x2e, 0x32, 0x2e, 0x35, 0x00, 0x46,
    0x63, 0x44, 0x65, 0x66, 0x61, 0x75, 0x6c, 0x74, 0x53, 0x75, 0x62, 0x73,
    0x74, 0x69, 0x74, 0x75, 0x74, 0x65, 0x00, 0x73, 0x64, 0x5f, 0x6a, 0x6f,
    0x75, 0x72, 0x6e, 0x61, 0x6c, 0x5f, 0x67, 0x65, 0x74, 0x5f, 0x64, 0x61,
    0x74, 0x61, 0x40, 0x4c, 0x49, 0x42, 0x53, 0x59, 0x53, 0x54, 0x45, 0x4d,
    0x44, 0x5f, 0x32, 0x30, 0x39, 0x00, 0x66, 0x77, 0x72, 0x69, 0x74, 0x65,
    0x40, 0x47, 0x4c, 0x49, 0x42, 0x43, 0x5f, 0x32, 0x2e, 0x32, 0x2e, 0x35,
    0x00, 0x46, 0x54, 0x5f, 0x44, 0x6f, 0x6e, 0x65, 0x5f, 0x46, 0x61, 0x63,
    0x65, 0x00, 0x70, 0x65, 0x72, 0x72, 0x6f, 0x72, 0x40, 0x47, 0x4c, 0x49,
    0x42, 0x43, 0x5f, 0x32, 0x2e, 0x32, 0x2e, 0x35, 0x00, 0x5f, 0x65, 0x64,
    0x61, 0x74, 0x61, 0x00, 0x46, 0x63, 0x50, 0x61, 0x74, 0x74, 0x65, 0x72,
    0x6e, 0x43, 0x72, 0x65, 0x61, 0x74, 0x65, 0x00, 0x73, 0x64, 0x5f, 0x6a,
    0x6f, 0x75, 0x72, 0x6e, 0x61, 0x6c, 0x5f, 0x6f, 0x70, 0x65, 0x6e, 0x40,
    0x4c, 0x49, 0x42, 0x53, 0x59, 0x53, 0x54, 0x45, 0x4d, 0x44, 0x5f, 0x32,
    0x30, 0x39, 0x00, 0x5f, 0x5f, 0x6c, 0x69, 0x62, 0x63, 0x5f, 0x73, 0x74,
    0x61, 0x72, 0x74, 0x5f, 0x6d, 0x61, 0x69, 0x6e, 0x40, 0x47, 0x4c, 0x49,
    0x42, 0x43, 0x5f, 0x32, 0x2e, 0x33, 0x34, 0x00, 0x64, 0x72, 0x6d, 0x4d,
    0x6f, 0x64, 0x65, 0x46, 0x72, 0x65, 0x65, 0x45, 0x6e, 0x63, 0x6f, 0x64,
    0x65, 0x72, 0x00, 0x6d, 0x61, 0x69, 0x6e, 0x00, 0x73, 0x79, 0x6e, 0x63,
    0x40, 0x47, 0x4c, 0x49, 0x42, 0x43, 0x5f, 0x32, 0x2e, 0x32, 0x2e, 0x35,
    0x00, 0x00, 0x2e, 0x73, 0x79, 0x6d, 0x74, 0x61, 0x62, 0x00, 0x2e, 0x73,
    0x74, 0x72, 0x74, 0x61, 0x62, 0x00, 0x2e, 0x73, 0x68, 0x73, 0x74, 0x72,
    0x74, 0x61, 0x62, 0x00, 0x2e, 0x6e, 0x6f, 0x74, 0x65, 0x2e, 0x67, 0x6e,
    0x75, 0x2e, 0x70, 0x72, 0x6f, 0x70, 0x65, 0x72, 0x74, 0x79, 0x00, 0x2e,
    0x6e, 0x6f, 0x74, 0x65, 0x2e, 0x67, 0x6e, 0x75, 0x2e, 0x62, 0x75, 0x69,
    0x6c, 0x64, 0x2d, 0x69, 0x64, 0x00, 0x2e, 0x69, 0x6e, 0x74, 0x65, 0x72,
    0x70, 0x00, 0x2e, 0x67, 0x6e, 0x75, 0x2e, 0x68, 0x61, 0x73, 0x68, 0x00,
    0x2e, 0x64, 0x79, 0x6e, 0x73, 0x79, 0x6d, 0x00, 0x2e, 0x64, 0x79, 0x6e,
    0x73, 0x74, 0x72, 0x00, 0x2e, 0x67, 0x6e, 0x75, 0x2e, 0x76, 0x65, 0x72,
    0x73, 0x69, 0x6f, 0x6e, 0x00, 0x2e, 0x67, 0x6e, 0x75, 0x2e, 0x76, 0x65,
    0x72, 0x73, 0x69, 0x6f, 0x6e, 0x5f, 0x72, 0x00, 0x2e, 0x72, 0x65, 0x6c,
    0x61, 0x2e, 0x64, 0x79, 0x6e, 0x00, 0x2e, 0x72, 0x65, 0x6c, 0x61, 0x2e,
    0x70, 0x6c, 0x74, 0x00, 0x2e, 0x69, 0x6e, 0x69, 0x74, 0x00, 0x2e, 0x70,
    0x6c, 0x74, 0x2e, 0x67, 0x6f, 0x74, 0x00, 0x2e, 0x70, 0x6c, 0x74, 0x2e,
    0x73, 0x65, 0x63, 0x00, 0x2e, 0x74, 0x65, 0x78, 0x74, 0x00, 0x2e, 0x66,
    0x69, 0x6e, 0x69, 0x00, 0x2e, 0x72, 0x6f, 0x64, 0x61, 0x74, 0x61, 0x00,
    0x2e, 0x65, 0x68, 0x5f, 0x66, 0x72, 0x61, 0x6d, 0x65, 0x5f, 0x68, 0x64,
    0x72, 0x00, 0x2e, 0x65, 0x68, 0x5f, 0x66, 0x72, 0x61, 0x6d, 0x65, 0x00,
    0x2e, 0x6e, 0x6f, 0x74, 0x65, 0x2e, 0x41, 0x42, 0x49, 0x2d, 0x74, 0x61,
    0x67, 0x00, 0x2e, 0x6e, 0x6f, 0x74, 0x65, 0x2e, 0x70, 0x61, 0x63, 0x6b,
    0x61, 0x67, 0x65, 0x00, 0x2e, 0x69, 0x6e, 0x69, 0x74, 0x5f, 0x61, 0x72,
    0x72, 0x61, 0x79, 0x00, 0x2e, 0x66, 0x69, 0x6e, 0x69, 0x5f, 0x61, 0x72,
    0x72, 0x61, 0x79, 0x00, 0x2e, 0x64, 0x61, 0x74, 0x61, 0x2e, 0x72, 0x65,
    0x6c, 0x2e, 0x72, 0x6f, 0x00, 0x2e, 0x64, 0x79, 0x6e, 0x61, 0x6d, 0x69,
    0x63, 0x00, 0x2e, 0x64, 0x61, 0x74, 0x61, 0x00, 0x2e, 0x62, 0x73, 0x73,
    0x00, 0x2e, 0x63, 0x6f, 0x6d, 0x6d, 0x65, 0x6e, 0x74, 0x00, 0x00, 0x00,
    0x00, 0x00, 0x00, 0x00, 0x00, 0x00, 0x00, 0x00, 0x00, 0x00, 0x00, 0x00,
    0x00, 0x00, 0x00, 0x00, 0x00, 0x00, 0x00, 0x00, 0x00, 0x00, 0x00, 0x00,
    0x00, 0x00, 0x00, 0x00, 0x00, 0x00, 0x00, 0x00, 0x00, 0x00, 0x00, 0x00,
    0x00, 0x00, 0x00, 0x00, 0x00, 0x00, 0x00, 0x00, 0x00, 0x00, 0x00, 0x00,
    0x00, 0x00, 0x00, 0x00, 0x00, 0x00, 0x00, 0x00, 0x00, 0x00, 0x00, 0x00,
    0x00, 0x00, 0x00, 0x00, 0x1b, 0x00, 0x00, 0x00, 0x07, 0x00, 0x00, 0x00,
    0x02, 0x00, 0x00, 0x00, 0x00, 0x00, 0x00, 0x00, 0x50, 0x03, 0x00, 0x00,
    0x00, 0x00, 0x00, 0x00, 0x50, 0x03, 0x00, 0x00, 0x00, 0x00, 0x00, 0x00,
    0x30, 0x00, 0x00, 0x00, 0x00, 0x00, 0x00, 0x00, 0x00, 0x00, 0x00, 0x00,
    0x00, 0x00, 0x00, 0x00, 0x08, 0x00, 0x00, 0x00, 0x00, 0x00, 0x00, 0x00,
    0x00, 0x00, 0x00, 0x00, 0x00, 0x00, 0x00, 0x00, 0x2e, 0x00, 0x00, 0x00,
    0x07, 0x00, 0x00, 0x00, 0x02, 0x00, 0x00, 0x00, 0x00, 0x00, 0x00, 0x00,
    0x80, 0x03, 0x00, 0x00, 0x00, 0x00, 0x00, 0x00, 0x80, 0x03, 0x00, 0x00,
    0x00, 0x00, 0x00, 0x00, 0x24, 0x00, 0x00, 0x00, 0x00, 0x00, 0x00, 0x00,
    0x00, 0x00, 0x00, 0x00, 0x00, 0x00, 0x00, 0x00, 0x04, 0x00, 0x00, 0x00,
    0x00, 0x00, 0x00, 0x00, 0x00, 0x00, 0x00, 0x00, 0x00, 0x00, 0x00, 0x00,
    0x41, 0x00, 0x00, 0x00, 0x01, 0x00, 0x00, 0x00, 0x02, 0x00, 0x00, 0x00,
    0x00, 0x00, 0x00, 0x00, 0xa4, 0x03, 0x00, 0x00, 0x00, 0x00, 0x00, 0x00,
    0xa4, 0x03, 0x00, 0x00, 0x00, 0x00, 0x00, 0x00, 0x1c, 0x00, 0x00, 0x00,
    0x00, 0x00, 0x00, 0x00, 0x00, 0x00, 0x00, 0x00, 0x00, 0x00, 0x00, 0x00,
    0x01, 0x00, 0x00, 0x00, 0x00, 0x00, 0x00, 0x00, 0x00, 0x00, 0x00, 0x00,
    0x00, 0x00, 0x00, 0x00, 0x49, 0x00, 0x00, 0x00, 0xf6, 0xff, 0xff, 0x6f,
    0x02, 0x00, 0x00, 0x00, 0x00, 0x00, 0x00, 0x00, 0xc0, 0x03, 0x00, 0x00,
    0x00, 0x00, 0x00, 0x00, 0xc0, 0x03, 0x00, 0x00, 0x00, 0x00, 0x00, 0x00,
    0x24, 0x00, 0x00, 0x00, 0x00, 0x00, 0x00, 0x00, 0x05, 0x00, 0x00, 0x00,
    0x00, 0x00, 0x00, 0x00, 0x08, 0x00, 0x00, 0x00, 0x00, 0x00, 0x00, 0x00,
    0x00, 0x00, 0x00, 0x00, 0x00, 0x00, 0x00, 0x00, 0x53, 0x00, 0x00, 0x00,
    0x0b, 0x00, 0x00, 0x00, 0x02, 0x00, 0x00, 0x00, 0x00, 0x00, 0x00, 0x00,
    0xe8, 0x03, 0x00, 0x00, 0x00, 0x00, 0x00, 0x00, 0xe8, 0x03, 0x00, 0x00,
    0x00, 0x00, 0x00, 0x00, 0x68, 0x07, 0x00, 0x00, 0x00, 0x00, 0x00, 0x00,
    0x06, 0x00, 0x00, 0x00, 0x01, 0x00, 0x00, 0x00, 0x08, 0x00, 0x00, 0x00,
    0x00, 0x00, 0x00, 0x00, 0x18, 0x00, 0x00, 0x00, 0x00, 0x00, 0x00, 0x00,
    0x5b, 0x00, 0x00, 0x00, 0x03, 0x00, 0x00, 0x00, 0x02, 0x00, 0x00, 0x00,
    0x00, 0x00, 0x00, 0x00, 0x50, 0x0b, 0x00, 0x00, 0x00, 0x00, 0x00, 0x00,
    0x50, 0x0b, 0x00, 0x00, 0x00, 0x00, 0x00, 0x00, 0x62, 0x04, 0x00, 0x00,
    0x00, 0x00, 0x00, 0x00, 0x00, 0x00, 0x00, 0x00, 0x00, 0x00, 0x00, 0x00,
    0x01, 0x00, 0x00, 0x00, 0x00, 0x00, 0x00, 0x00, 0x00, 0x00, 0x00, 0x00,
    0x00, 0x00, 0x00, 0x00, 0x63, 0x00, 0x00, 0x00, 0xff, 0xff, 0xff, 0x6f,
    0x02, 0x00, 0x00, 0x00, 0x00, 0x00, 0x00, 0x00, 0xb2, 0x0f, 0x00, 0x00,
    0x00, 0x00, 0x00, 0x00, 0xb2, 0x0f, 0x00, 0x00, 0x00, 0x00, 0x00, 0x00,
    0x9e, 0x00, 0x00, 0x00, 0x00, 0x00, 0x00, 0x00, 0x05, 0x00, 0x00, 0x00,
    0x00, 0x00, 0x00, 0x00, 0x02, 0x00, 0x00, 0x00, 0x00, 0x00, 0x00, 0x00,
    0x02, 0x00, 0x00, 0x00, 0x00, 0x00, 0x00, 0x00, 0x70, 0x00, 0x00, 0x00,
    0xfe, 0xff, 0xff, 0x6f, 0x02, 0x00, 0x00, 0x00, 0x00, 0x00, 0x00, 0x00,
    0x50, 0x10, 0x00, 0x00, 0x00, 0x00, 0x00, 0x00, 0x50, 0x10, 0x00, 0x00,
    0x00, 0x00, 0x00, 0x00, 0x70, 0x00, 0x00, 0x00, 0x00, 0x00, 0x00, 0x00,
    0x06, 0x00, 0x00, 0x00, 0x02, 0x00, 0x00, 0x00, 0x08, 0x00, 0x00, 0x00,
    0x00, 0x00, 0x00, 0x00, 0x00, 0x00, 0x00, 0x00, 0x00, 0x00, 0x00, 0x00,
    0x7f, 0x00, 0x00, 0x00, 0x04, 0x00, 0x00, 0x00, 0x02, 0x00, 0x00, 0x00,
    0x00, 0x00, 0x00, 0x00, 0xc0, 0x10, 0x00, 0x00, 0x00, 0x00, 0x00, 0x00,
    0xc0, 0x10, 0x00, 0x00, 0x00, 0x00, 0x00, 0x00, 0xa8, 0x12, 0x00, 0x00,
    0x00, 0x00, 0x00, 0x00, 0x05, 0x00, 0x00, 0x00, 0x00, 0x00, 0x00, 0x00,
    0x08, 0x00, 0x00, 0x00, 0x00, 0x00, 0x00, 0x00, 0x18, 0x00, 0x00, 0x00,
    0x00, 0x00, 0x00, 0x00, 0x89, 0x00, 0x00, 0x00, 0x04, 0x00, 0x00, 0x00,
    0x42, 0x00, 0x00, 0x00, 0x00, 0x00, 0x00, 0x00, 0x68, 0x23, 0x00, 0x00,
    0x00, 0x00, 0x00, 0x00, 0x68, 0x23, 0x00, 0x00, 0x00, 0x00, 0x00, 0x00,
    0xc0, 0x06, 0x00, 0x00, 0x00, 0x00, 0x00, 0x00, 0x05, 0x00, 0x00, 0x00,
    0x1a, 0x00, 0x00, 0x00, 0x08, 0x00, 0x00, 0x00, 0x00, 0x00, 0x00, 0x00,
    0x18, 0x00, 0x00, 0x00, 0x00, 0x00, 0x00, 0x00, 0x93, 0x00, 0x00, 0x00,
    0x01, 0x00, 0x00, 0x00, 0x06, 0x00, 0x00, 0x00, 0x00, 0x00, 0x00, 0x00,
    0x00, 0x30, 0x00, 0x00, 0x00, 0x00, 0x00, 0x00, 0x00, 0x30, 0x00, 0x00,
    0x00, 0x00, 0x00, 0x00, 0x1b, 0x00, 0x00, 0x00, 0x00, 0x00, 0x00, 0x00,
    0x00, 0x00, 0x00, 0x00, 0x00, 0x00, 0x00, 0x00, 0x04, 0x00, 0x00, 0x00,
    0x00, 0x00, 0x00, 0x00, 0x00, 0x00, 0x00, 0x00, 0x00, 0x00, 0x00, 0x00,
    0x8e, 0x00, 0x00, 0x00, 0x01, 0x00, 0x00, 0x00, 0x06, 0x00, 0x00, 0x00,
    0x00, 0x00, 0x00, 0x00, 0x20, 0x30, 0x00, 0x00, 0x00, 0x00, 0x00, 0x00,
    0x20, 0x30, 0x00, 0x00, 0x00, 0x00, 0x00, 0x00, 0x90, 0x04, 0x00, 0x00,
    0x00, 0x00, 0x00, 0x00, 0x00, 0x00, 0x00, 0x00, 0x00, 0x00, 0x00, 0x00,
    0x10, 0x00, 0x00, 0x00, 0x00, 0x00, 0x00, 0x00, 0x10, 0x00, 0x00, 0x00,
    0x00, 0x00, 0x00, 0x00, 0x99, 0x00, 0x00, 0x00, 0x01, 0x00, 0x00, 0x00,
    0x06, 0x00, 0x00, 0x00, 0x00, 0x00, 0x00, 0x00, 0xb0, 0x34, 0x00, 0x00,
    0x00, 0x00, 0x00, 0x00, 0xb0, 0x34, 0x00, 0x00, 0x00, 0x00, 0x00, 0x00,
    0x10, 0x00, 0x00, 0x00, 0x00, 0x00, 0x00, 0x00, 0x00, 0x00, 0x00, 0x00,
    0x00, 0x00, 0x00, 0x00, 0x10, 0x00, 0x00, 0x00, 0x00, 0x00, 0x00, 0x00,
    0x10, 0x00, 0x00, 0x00, 0x00, 0x00, 0x00, 0x00, 0xa2, 0x00, 0x00, 0x00,
    0x01, 0x00, 0x00, 0x00, 0x06, 0x00, 0x00, 0x00, 0x00, 0x00, 0x00, 0x00,
    0xc0, 0x34, 0x00, 0x00, 0x00, 0x00, 0x00, 0x00, 0xc0, 0x34, 0x00, 0x00,
    0x00, 0x00, 0x00, 0x00, 0x80, 0x04, 0x00, 0x00, 0x00, 0x00, 0x00, 0x00,
    0x00, 0x00, 0x00, 0x00, 0x00, 0x00, 0x00, 0x00, 0x10, 0x00, 0x00, 0x00,
    0x00, 0x00, 0x00, 0x00, 0x10, 0x00, 0x00, 0x00, 0x00, 0x00, 0x00, 0x00,
    0xab, 0x00, 0x00, 0x00, 0x01, 0x00, 0x00, 0x00, 0x06, 0x00, 0x00, 0x00,
    0x00, 0x00, 0x00, 0x00, 0x40, 0x39, 0x00, 0x00, 0x00, 0x00, 0x00, 0x00,
    0x40, 0x39, 0x00, 0x00, 0x00, 0x00, 0x00, 0x00, 0xf5, 0x91, 0x00, 0x00,
    0x00, 0x00, 0x00, 0x00, 0x00, 0x00, 0x00, 0x00, 0x00, 0x00, 0x00, 0x00,
    0x40, 0x00, 0x00, 0x00, 0x00, 0x00, 0x00, 0x00, 0x00, 0x00, 0x00, 0x00,
    0x00, 0x00, 0x00, 0x00, 0xb1, 0x00, 0x00, 0x00, 0x01, 0x00, 0x00, 0x00,
    0x06, 0x00, 0x00, 0x00, 0x00, 0x00, 0x00, 0x00, 0x38, 0xcb, 0x00, 0x00,
    0x00, 0x00, 0x00, 0x00, 0x38, 0xcb, 0x00, 0x00, 0x00, 0x00, 0x00, 0x00,
    0x0d, 0x00, 0x00, 0x00, 0x00, 0x00, 0x00, 0x00, 0x00, 0x00, 0x00, 0x00,
    0x00, 0x00, 0x00, 0x00, 0x04, 0x00, 0x00, 0x00, 0x00, 0x00, 0x00, 0x00,
    0x00, 0x00, 0x00, 0x00, 0x00, 0x00, 0x00, 0x00, 0xb7, 0x00, 0x00, 0x00,
    0x01, 0x00, 0x00, 0x00, 0x02, 0x00, 0x00, 0x00, 0x00, 0x00, 0x00, 0x00,
    0x00, 0xd0, 0x00, 0x00, 0x00, 0x00, 0x00, 0x00, 0x00, 0xd0, 0x00, 0x00,
    0x00, 0x00, 0x00, 0x00, 0x70, 0x36, 0x00, 0x00, 0x00, 0x00, 0x00, 0x00,
    0x00, 0x00, 0x00, 0x00, 0x00, 0x00, 0x00, 0x00, 0x20, 0x00, 0x00, 0x00,
    0x00, 0x00, 0x00, 0x00, 0x00, 0x00, 0x00, 0x00, 0x00, 0x00, 0x00, 0x00,
    0xbf, 0x00, 0x00, 0x00, 0x01, 0x00, 0x00, 0x00, 0x02, 0x00, 0x00, 0x00,
    0x00, 0x00, 0x00, 0x00, 0x70, 0x06, 0x01, 0x00, 0x00, 0x00, 0x00, 0x00,
    0x70, 0x06, 0x01, 0x00, 0x00, 0x00, 0x00, 0x00, 0x6c, 0x01, 0x00, 0x00,
    0x00, 0x00, 0x00, 0x00, 0x00, 0x00, 0x00, 0x00, 0x00, 0x00, 0x00, 0x00,
    0x04, 0x00, 0x00, 0x00, 0x00, 0x00, 0x00, 0x00, 0x00, 0x00, 0x00, 0x00,
    0x00, 0x00, 0x00, 0x00, 0xcd, 0x00, 0x00, 0x00, 0x01, 0x00, 0x00, 0x00,
    0x02, 0x00, 0x00, 0x00, 0x00, 0x00, 0x00, 0x00, 0xe0, 0x07, 0x01, 0x00,
    0x00, 0x00, 0x00, 0x00, 0xe0, 0x07, 0x01, 0x00, 0x00, 0x00, 0x00, 0x00,
    0x98, 0x07, 0x00, 0x00, 0x00, 0x00, 0x00, 0x00, 0x00, 0x00, 0x00, 0x00,
    0x00, 0x00, 0x00, 0x00, 0x08, 0x00, 0x00, 0x00, 0x00, 0x00, 0x00, 0x00,
    0x00, 0x00, 0x00, 0x00, 0x00, 0x00, 0x00, 0x00, 0xd7, 0x00, 0x00, 0x00,
    0x07, 0x00, 0x00, 0x00, 0x02, 0x00, 0x00, 0x00, 0x00, 0x00, 0x00, 0x00,
    0x78, 0x0f, 0x01, 0x00, 0x00, 0x00, 0x00, 0x00, 0x78, 0x0f, 0x01, 0x00,
    0x00, 0x00, 0x00, 0x00, 0x20, 0x00, 0x00, 0x00, 0x00, 0x00, 0x00, 0x00,
    0x00, 0x00, 0x00, 0x00, 0x00, 0x00, 0x00, 0x00, 0x04, 0x00, 0x00, 0x00,
    0x00, 0x00, 0x00, 0x00, 0x00, 0x00, 0x00, 0x00, 0x00, 0x00, 0x00, 0x00,
    0xe5, 0x00, 0x00, 0x00, 0x07, 0x00, 0x00, 0x00, 0x02, 0x00, 0x00, 0x00,
    0x00, 0x00, 0x00, 0x00, 0x98, 0x0f, 0x01, 0x00, 0x00, 0x00, 0x00, 0x00,
    0x98, 0x0f, 0x01, 0x00, 0x00, 0x00, 0x00, 0x00, 0x70, 0x00, 0x00, 0x00,
    0x00, 0x00, 0x00, 0x00, 0x00, 0x00, 0x00, 0x00, 0x00, 0x00, 0x00, 0x00,
    0x04, 0x00, 0x00, 0x00, 0x00, 0x00, 0x00, 0x00, 0x00, 0x00, 0x00, 0x00,
    0x00, 0x00, 0x00, 0x00, 0xf3, 0x00, 0x00, 0x00, 0x0e, 0x00, 0x00, 0x00,
    0x03, 0x00, 0x00, 0x00, 0x00, 0x00, 0x00, 0x00, 0xd0, 0x24, 0x01, 0x00,
    0x00, 0x00, 0x00, 0x00, 0xd0, 0x14, 0x01, 0x00, 0x00, 0x00, 0x00, 0x00,
    0x08, 0x00, 0x00, 0x00, 0x00, 0x00, 0x00, 0x00, 0x00, 0x00, 0x00, 0x00,
    0x00, 0x00, 0x00, 0x00, 0x08, 0x00, 0x00, 0x00, 0x00, 0x00, 0x00, 0x00,
    0x08, 0x00, 0x00, 0x00, 0x00, 0x00, 0x00, 0x00, 0xff, 0x00, 0x00, 0x00,
    0x0f, 0x00, 0x00, 0x00, 0x03, 0x00, 0x00, 0x00, 0x00, 0x00, 0x00, 0x00,
    0xd8, 0x24, 0x01, 0x00, 0x00, 0x00, 0x00, 0x00, 0xd8, 0x14, 0x01, 0x00,
    0x00, 0x00, 0x00, 0x00, 0x08, 0x00, 0x00, 0x00, 0x00, 0x00, 0x00, 0x00,
    0x00, 0x00, 0x00, 0x00, 0x00, 0x00, 0x00, 0x00, 0x08, 0x00, 0x00, 0x00,
    0x00, 0x00, 0x00, 0x00, 0x08, 0x00, 0x00, 0x00, 0x00, 0x00, 0x00, 0x00,
    0x0b, 0x01, 0x00, 0x00, 0x01, 0x00, 0x00, 0x00, 0x03, 0x00, 0x00, 0x00,
    0x00, 0x00, 0x00, 0x00, 0xe0, 0x24, 0x01, 0x00, 0x00, 0x00, 0x00, 0x00,
    0xe0, 0x14, 0x01, 0x00, 0x00, 0x00, 0x00, 0x00, 0x50, 0x06, 0x00, 0x00,
    0x00, 0x00, 0x00, 0x00, 0x00, 0x00, 0x00, 0x00, 0x00, 0x00, 0x00, 0x00,
    0x20, 0x00, 0x00, 0x00, 0x00, 0x00, 0x00, 0x00, 0x00, 0x00, 0x00, 0x00,
    0x00, 0x00, 0x00, 0x00, 0x18, 0x01, 0x00, 0x00, 0x06, 0x00, 0x00, 0x00,
    0x03, 0x00, 0x00, 0x00, 0x00, 0x00, 0x00, 0x00, 0x30, 0x2b, 0x01, 0x00,
    0x00, 0x00, 0x00, 0x00, 0x30, 0x1b, 0x01, 0x00, 0x00, 0x00, 0x00, 0x00,
    0x30, 0x02, 0x00, 0x00, 0x00, 0x00, 0x00, 0x00, 0x06, 0x00, 0x00, 0x00,
    0x00, 0x00, 0x00, 0x00, 0x08, 0x00, 0x00, 0x00, 0x00, 0x00, 0x00, 0x00,
    0x10, 0x00, 0x00, 0x00, 0x00, 0x00, 0x00, 0x00, 0x9d, 0x00, 0x00, 0x00,
    0x01, 0x00, 0x00, 0x00, 0x03, 0x00, 0x00, 0x00, 0x00, 0x00, 0x00, 0x00,
    0x60, 0x2d, 0x01, 0x00, 0x00, 0x00, 0x00, 0x00, 0x60, 0x1d, 0x01, 0x00,
    0x00, 0x00, 0x00, 0x00, 0x88, 0x02, 0x00, 0x00, 0x00, 0x00, 0x00, 0x00,
    0x00, 0x00, 0x00, 0x00, 0x00, 0x00, 0x00, 0x00, 0x08, 0x00, 0x00, 0x00,
    0x00, 0x00, 0x00, 0x00, 0x08, 0x00, 0x00, 0x00, 0x00, 0x00, 0x00, 0x00,
    0x21, 0x01, 0x00, 0x00, 0x01, 0x00, 0x00, 0x00, 0x03, 0x00, 0x00, 0x00,
    0x00, 0x00, 0x00, 0x00, 0x00, 0x30, 0x01, 0x00, 0x00, 0x00, 0x00, 0x00,
    0x00, 0x20, 0x01, 0x00, 0x00, 0x00, 0x00, 0x00, 0x10, 0x00, 0x00, 0x00,
    0x00, 0x00, 0x00, 0x00, 0x00, 0x00, 0x00, 0x00, 0x00, 0x00, 0x00, 0x00,
    0x08, 0x00, 0x00, 0x00, 0x00, 0x00, 0x00, 0x00, 0x00, 0x00, 0x00, 0x00,
    0x00, 0x00, 0x00, 0x00, 0x27, 0x01, 0x00, 0x00, 0x08, 0x00, 0x00, 0x00,
    0x03, 0x00, 0x00, 0x00, 0x00, 0x00, 0x00, 0x00, 0x10, 0x30, 0x01, 0x00,
    0x00, 0x00, 0x00, 0x00, 0x10, 0x20, 0x01, 0x00, 0x00, 0x00, 0x00, 0x00,
    0x10, 0x00, 0x00, 0x00, 0x00, 0x00, 0x00, 0x00, 0x00, 0x00, 0x00, 0x00,
    0x00, 0x00, 0x00, 0x00, 0x04, 0x00, 0x00, 0x00, 0x00, 0x00, 0x00, 0x00,
    0x00, 0x00, 0x00, 0x00, 0x00, 0x00, 0x00, 0x00, 0x2c, 0x01, 0x00, 0x00,
    0x01, 0x00, 0x00, 0x00, 0x30, 0x00, 0x00, 0x00, 0x00, 0x00, 0x00, 0x00,
    0x00, 0x00, 0x00, 0x00, 0x00, 0x00, 0x00, 0x00, 0x10, 0x20, 0x01, 0x00,
    0x00, 0x00, 0x00, 0x00, 0x26, 0x00, 0x00, 0x00, 0x00, 0x00, 0x00, 0x00,
    0x00, 0x00, 0x00, 0x00, 0x00, 0x00, 0x00, 0x00, 0x01, 0x00, 0x00, 0x00,
    0x00, 0x00, 0x00, 0x00, 0x01, 0x00, 0x00, 0x00, 0x00, 0x00, 0x00, 0x00,
    0x01, 0x00, 0x00, 0x00, 0x02, 0x00, 0x00, 0x00, 0x00, 0x00, 0x00, 0x00,
    0x00, 0x00, 0x00, 0x00, 0x00, 0x00, 0x00, 0x00, 0x00, 0x00, 0x00, 0x00,
    0x38, 0x20, 0x01, 0x00, 0x00, 0x00, 0x00, 0x00, 0x10, 0x11, 0x00, 0x00,
    0x00, 0x00, 0x00, 0x00, 0x1f, 0x00, 0x00, 0x00, 0x5c, 0x00, 0x00, 0x00,
    0x08, 0x00, 0x00, 0x00, 0x00, 0x00, 0x00, 0x00, 0x18, 0x00, 0x00, 0x00,
    0x00, 0x00, 0x00, 0x00, 0x09, 0x00, 0x00, 0x00, 0x03, 0x00, 0x00, 0x00,
    0x00, 0x00, 0x00, 0x00, 0x00, 0x00, 0x00, 0x00, 0x00, 0x00, 0x00, 0x00,
    0x00, 0x00, 0x00, 0x00, 0x48, 0x31, 0x01, 0x00, 0x00, 0x00, 0x00, 0x00,
    0xb9, 0x0c, 0x00, 0x00, 0x00, 0x00, 0x00, 0x00, 0x00, 0x00, 0x00, 0x00,
    0x00, 0x00, 0x00, 0x00, 0x01, 0x00, 0x00, 0x00, 0x00, 0x00, 0x00, 0x00,
    0x00, 0x00, 0x00, 0x00, 0x00, 0x00, 0x00, 0x00, 0x11, 0x00, 0x00, 0x00,
    0x03, 0x00, 0x00, 0x00, 0x00, 0x00, 0x00, 0x00, 0x00, 0x00, 0x00, 0x00,
    0x00, 0x00, 0x00, 0x00, 0x00, 0x00, 0x00, 0x00, 0x01, 0x3e, 0x01, 0x00,
    0x00, 0x00, 0x00, 0x00, 0x35, 0x01, 0x00, 0x00, 0x00, 0x00, 0x00, 0x00,
    0x00, 0x00, 0x00, 0x00, 0x00, 0x00, 0x00, 0x00, 0x01, 0x00, 0x00, 0x00,
    0x00, 0x00, 0x00, 0x00, 0x00, 0x00, 0x00, 0x00, 0x00, 0x00, 0x00, 0x00,
};
static const unsigned int bsod_bin_len = 83832;
